Year,Month,Weekday,BD Type,BD Count,DD Count,Date,Name,BD,DD,DD Type,Location Comment,Pax Comment,Home AO or Visitor,BD Comment,Titan Only BD Count,,,DateX,MAX of BD,
2024,5,Sat,BC,4,0,5/4/2024,Mako,1,,,Helios,,Home AO,Black Ops,4,,,5/4/2024,1,
2024,5,Sat,BC,4,0,5/4/2024,Walter White,1,,,Helios,,Home AO,Black Ops,4,,,5/11/2024,1,338
2024,5,Sat,BC,4,0,5/4/2024,Pi 3.14,1,,,Helios,Q,Home AO,Black Ops,4,,,5/16/2024,1,337
2024,5,Sat,BC,4,0,5/4/2024,Scooter,1,,,Helios,FNG,Home AO,Black Ops,4,,,5/17/2024,1,336
2024,5,Sat,BC,3,0,5/11/2024,Mako,1,,,Helios,,Home AO,Black Ops,3,,,5/28/2024,1,335
2024,5,Sat,BC,3,0,5/11/2024,SunDevil,1,,,Helios,,Home AO,Black Ops,3,,,5/30/2024,1,334
2024,5,Sat,BC,3,0,5/11/2024,Walter White,1,,,Helios,Q,Home AO,Black Ops,3,,,6/1/2024,1,333
2024,5,Thu,BC,5,1,5/16/2024,Pi 3.14,1,,,Helios,Q,Home AO,Black Ops,5,,,6/4/2024,1,332
2024,5,Thu,BC,5,1,5/16/2024,SunDevil,1,1,Ruck,Helios,,Home AO,Black Ops,5,,,6/6/2024,1,331
2024,5,Thu,BC,5,1,5/16/2024,Mako,1,,,Helios,,Home AO,Black Ops,5,,,6/8/2024,1,330
2024,5,Thu,BC,5,1,5/16/2024,Carmen Sandiego,1,,,Helios,FNG,Home AO,Black Ops,5,,,6/11/2024,1,329
2024,5,Thu,BC,5,1,5/16/2024,Mickey,1,,,Helios,,Home AO,Black Ops,5,,,6/13/2024,1,328
2024,5,Fri,BC,1,0,5/17/2024,Pi 3.14,1,,,Helios,Q,Home AO,Black Ops,1,,,6/15/2024,1,327
2024,5,Tue,BC,4,0,5/28/2024,Pi 3.14,1,,,Helios,Q,Home AO,"Murph, actual BD on 5/27/24",3,,,6/18/2024,1,326
2024,5,Tue,BC,4,0,5/28/2024,Mako,1,,,Helios,,Home AO,"Murph, actual BD on 5/27/24",3,,,6/20/2024,1,325
2024,5,Tue,BC,4,0,5/28/2024,Topo,1,,,Helios,,Visitor,"Murph, actual BD on 5/27/24",3,,,6/22/2024,1,324
2024,5,Tue,BC,4,0,5/28/2024,Footlocker,1,,,Helios,,Home AO,"Murph, actual BD on 5/27/24",3,,,6/25/2024,1,323
2024,5,Thu,BC,5,0,5/30/2024,Walter White,1,,,Helios,Q,Home AO,Black Ops,5,,,6/27/2024,1,322
2024,5,Thu,BC,5,0,5/30/2024,SunDevil,1,,,Helios,,Home AO,Black Ops,5,,,6/29/2024,1,321
2024,5,Thu,BC,5,0,5/30/2024,Mako,1,,,Helios,,Home AO,Black Ops,5,,,7/2/2024,1,320
2024,5,Thu,BC,5,0,5/30/2024,Samurai,1,,,Helios,,Home AO,Black Ops,5,,,7/4/2024,1,319
2024,5,Thu,BC,5,0,5/30/2024,Mickey,1,,,Helios,,Home AO,Black Ops,5,,,7/6/2024,1,318
2024,6,Sat,BC,9,2,6/1/2024,SunDevil,1,1,Run,Helios,BB,Home AO,Black Ops,9,,,7/9/2024,1,317
2024,6,Sat,BC,9,2,6/1/2024,Mako,1,,,Helios,BB,Home AO,Black Ops,9,,,7/11/2024,1,316
2024,6,Sat,BC,9,2,6/1/2024,Apples,1,,,Helios,,Home AO,Black Ops,9,,,7/13/2024,1,315
2024,6,Sat,BC,9,2,6/1/2024,Pi 3.14,1,,,Helios,Q,Home AO,Black Ops,9,,,7/16/2024,1,314
2024,6,Sat,BC,9,2,6/1/2024,Carmen Sandiego,1,,,Helios,2nd Helpings,Home AO,Black Ops,9,,,7/18/2024,1,313
2024,6,Sat,BC,9,2,6/1/2024,Spartan,1,1,Bike,Helios,FNG,Home AO,Black Ops,9,,,7/20/2024,1,312
2024,6,Sat,BC,9,2,6/1/2024,CaliBoy,1,,,Helios,FNG,Home AO,Black Ops,9,,,7/23/2024,1,311
2024,6,Sat,BC,9,2,6/1/2024,Bono,1,,,Helios,FNG,Home AO,Black Ops,9,,,7/25/2024,1,310
2024,6,Sat,BC,9,2,6/1/2024,CSharp,1,,,Helios,FNG,Home AO,Black Ops,9,,,7/27/2024,1,309
2024,6,Tue,BC,9,1,6/4/2024,Samurai,1,,,Helios,Q,Home AO,"actual BD on 6/3/24, Black Ops",9,,,7/30/2024,1,308
2024,6,Tue,BC,9,1,6/4/2024,Mako,1,,,Helios,,Home AO,"actual BD on 6/3/24, Black Ops",9,,,8/1/2024,1,307
2024,6,Tue,BC,9,1,6/4/2024,SunDevil,1,1,Run,Helios,Q,Home AO,OTB,9,,,8/3/2024,1,306
2024,6,Tue,BC,9,1,6/4/2024,Samurai,1,,,Helios,,Home AO,OTB,9,,,8/6/2024,1,305
2024,6,Tue,BC,9,1,6/4/2024,Pi 3.14,1,,,Helios,,Home AO,OTB,9,,,8/8/2024,1,304
2024,6,Tue,BC,9,1,6/4/2024,Mako,1,,,Helios,,Home AO,OTB,9,,,8/10/2024,1,303
2024,6,Tue,BC,9,1,6/4/2024,Carmen Sandiego,1,,,Helios,,Home AO,OTB,9,,,8/13/2024,1,302
2024,6,Tue,BC,9,1,6/4/2024,Fast-Pitch,1,,,Helios,2nd Helpings,Home AO,OTB,9,,,8/15/2024,1,301
2024,6,Tue,BC,9,1,6/4/2024,Crawling Bear,1,,,Helios,FNG,Home AO,OTB,9,,,8/17/2024,1,300
2024,6,Thu,BC,8,1,6/6/2024,Klondike,1,,,Helios,,Visitor,OTB,6,,,8/20/2024,1,299
2024,6,Thu,BC,8,1,6/6/2024,Swamp Thing,1,,,Helios,,Visitor,OTB,6,,,8/22/2024,1,298
2024,6,Thu,BC,8,1,6/6/2024,Crawling Bear,1,,,Helios,2nd Helpings,Home AO,OTB,6,,,8/24/2024,1,297
2024,6,Thu,BC,8,1,6/6/2024,Carmen Sandiego,1,,,Helios,,Home AO,OTB,6,,,8/27/2024,1,296
2024,6,Thu,BC,8,1,6/6/2024,Mako,1,,,Helios,Q,Home AO,OTB,6,,,8/29/2024,1,295
2024,6,Thu,BC,8,1,6/6/2024,SunDevil,1,1,Run,Helios,,Home AO,OTB,6,,,8/31/2024,1,294
2024,6,Thu,BC,8,1,6/6/2024,Samurai,1,,,Helios,,Home AO,OTB,6,,,9/3/2024,1,293
2024,6,Thu,BC,8,1,6/6/2024,Bono,1,,,Helios,2nd Helpings,Home AO,OTB,6,,,9/5/2024,1,292
2024,6,Sat,BC,8,1,6/8/2024,Pi 3.14,1,,,Helios,,Home AO,OTB,8,,,9/6/2024,1,291
2024,6,Sat,BC,8,1,6/8/2024,Mako,1,,,Helios,,Home AO,OTB,8,,,9/7/2024,1,290
2024,6,Sat,BC,8,1,6/8/2024,Samurai,1,,,Helios,,Home AO,OTB,8,,,9/10/2024,1,289
2024,6,Sat,BC,8,1,6/8/2024,Travel Agent,1,,,Helios,FNG,Home AO,OTB,8,,,9/12/2024,1,288
2024,6,Sat,BC,8,1,6/8/2024,Spartan,1,1,Bike,Helios,2nd Helpings,Home AO,OTB,8,,,9/13/2024,1,287
2024,6,Sat,BC,8,1,6/8/2024,CaliBoy,1,,,Helios,2nd Helpings,Home AO,OTB,8,,,9/14/2024,1,286
2024,6,Sat,BC,8,1,6/8/2024,Scooter,1,,,Helios,2nd Helpings,Home AO,OTB,8,,,9/17/2024,1,285
2024,6,Sat,BC,8,1,6/8/2024,Mickey,1,,,Helios,Q,Home AO,OTB,8,,,9/19/2024,1,284
2024,6,Tue,BC,9,1,6/11/2024,Samurai,1,,,Helios,Q,Home AO,OTB,7,,,9/20/2024,1,283
2024,6,Tue,BC,9,1,6/11/2024,Happy Feet,1,,,Helios,FNG,Home AO,OTB,7,,,9/21/2024,1,282
2024,6,Tue,BC,9,1,6/11/2024,Tiger,1,,,Helios,,Visitor,OTB,7,,,9/24/2024,1,281
2024,6,Tue,BC,9,1,6/11/2024,Bunny Slope,1,,,Helios,,Visitor,OTB,7,,,9/26/2024,1,280
2024,6,Tue,BC,9,1,6/11/2024,Carmen SanDiego,1,,,Helios,,Home AO,OTB,7,,,9/27/2024,1,279
2024,6,Tue,BC,9,1,6/11/2024,Crawling Bear,1,,,Helios,,Home AO,OTB,7,,,9/28/2024,1,278
2024,6,Tue,BC,9,1,6/11/2024,SunDevil,1,1,Run,Helios,,Home AO,OTB,7,,,10/1/2024,1,277
2024,6,Tue,BC,9,1,6/11/2024,Pi 3.14,1,,,Helios,,Home AO,OTB,7,,,10/3/2024,1,276
2024,6,Tue,BC,9,1,6/11/2024,Mako,1,,,Helios,BB,Home AO,OTB,7,,,10/4/2024,1,275
2024,6,Thu,BC,5,1,6/13/2024,Pi 3.14,1,,,Helios,Q,Home AO,OTB,5,,,10/5/2024,1,274
2024,6,Thu,BC,5,1,6/13/2024,Mako,1,,,Helios,,Home AO,OTB,5,,,10/8/2024,1,273
2024,6,Thu,BC,5,1,6/13/2024,Happy Feet,1,,,Helios,2nd Helpings,Home AO,OTB,5,,,10/10/2024,1,272
2024,6,Thu,BC,5,1,6/13/2024,Samurai,1,,,Helios,,Home AO,OTB,5,,,10/11/2024,1,271
2024,6,Thu,BC,5,1,6/13/2024,Spartan,1,1,Bike,Helios,,Home AO,OTB,5,,,10/12/2024,1,270
2024,6,Sat,BC,10,0,6/15/2024,Pi 3.14,1,,,Helios,,Home AO,OTB,10,,,10/15/2024,1,269
2024,6,Sat,BC,10,0,6/15/2024,Happy Feet,1,,,Helios,,Home AO,OTB,10,,,10/17/2024,1,268
2024,6,Sat,BC,10,0,6/15/2024,Samurai,1,,,Helios,,Home AO,OTB,10,,,10/18/2024,1,267
2024,6,Sat,BC,10,0,6/15/2024,SunDevil,1,,,Helios,,Home AO,OTB,10,,,10/19/2024,1,266
2024,6,Sat,BC,10,0,6/15/2024,Walter White,1,,,Helios,Q,Home AO,OTB,10,,,10/22/2024,1,265
2024,6,Sat,BC,10,0,6/15/2024,Happy Feet,1,,,Helios,,Home AO,OTB,10,,,10/24/2024,1,264
2024,6,Sat,BC,10,0,6/15/2024,Norteno,1,,,Helios,,Home AO,OTB,10,,,10/25/2024,1,263
2024,6,Sat,BC,10,0,6/15/2024,Kingpin,1,,,Helios,,Home AO,OTB,10,,,10/26/2024,1,262
2024,6,Sat,BC,10,0,6/15/2024,CaliBoy,1,,,Helios,,Home AO,OTB,10,,,10/29/2024,1,261
2024,6,Sat,BC,10,0,6/15/2024,Apples,1,,,Helios,,Home AO,OTB,10,,,10/31/2024,1,260
2024,6,Tue,BC,8,2,6/18/2024,SunDevil,1,1,Run,Helios,Q,Home AO,OTB,7,,,11/1/2024,1,259
2024,6,Tue,BC,8,2,6/18/2024,Pi 3.14,1,,,Helios,,Home AO,OTB,7,,,11/2/2024,1,258
2024,6,Tue,BC,8,2,6/18/2024,Mickey,1,,,Helios,,Home AO,OTB,7,,,11/5/2024,1,257
2024,6,Tue,BC,8,2,6/18/2024,Kingpin,1,,,Helios,,Home AO,OTB,7,,,11/7/2024,1,256
2024,6,Tue,BC,8,2,6/18/2024,Crawling Bear,1,,,Helios,,Home AO,OTB,7,,,11/8/2024,1,255
2024,6,Tue,BC,8,2,6/18/2024,Happy Feet,1,,,Helios,,Home AO,OTB,7,,,11/9/2024,1,254
2024,6,Tue,BC,8,2,6/18/2024,Bob Barker,1,,,Helios,,Visitor,OTB,7,,,11/12/2024,1,253
2024,6,Tue,BC,8,2,6/18/2024,Spartan,1,1,Bike,Helios,,Home AO,OTB,7,,,11/14/2024,1,252
2024,6,Thu,BC,4,2,6/20/2024,Uncle Sam,1,1,Run,Helios,,Visitor,OTB,3,,,11/15/2024,1,251
2024,6,Thu,BC,4,2,6/20/2024,Samurai,1,1,Run,Helios,Q,Home AO,OTB,3,,,11/16/2024,1,250
2024,6,Thu,BC,4,2,6/20/2024,Carmen SanDiego,1,,,Helios,,Home AO,OTB,3,,,11/19/2024,1,249
2024,6,Thu,BC,4,2,6/20/2024,Pi 3.14,1,,,Helios,,Home AO,OTB,3,,,11/21/2024,1,248
2024,6,Sat,BC,8,2,6/22/2024,Samurai,1,,,Helios,Q,Home AO,OTB,8,,,11/22/2024,1,247
2024,6,Sat,BC,8,2,6/22/2024,Norteno,1,,,Helios,,Home AO,OTB,8,,,11/23/2024,1,246
2024,6,Sat,BC,8,2,6/22/2024,CaliBoy,1,,,Helios,,Home AO,OTB,8,,,11/26/2024,1,245
2024,6,Sat,BC,8,2,6/22/2024,Spartan,1,1,Bike,Helios,,Home AO,OTB,8,,,11/28/2024,1,244
2024,6,Sat,BC,8,2,6/22/2024,SunDevil,1,1,Run,Helios,,Home AO,OTB,8,,,11/29/2024,1,243
2024,6,Sat,BC,8,2,6/22/2024,Vulcan,1,,,Helios,FNG,Home AO,OTB,8,,,11/30/2024,1,242
2024,6,Sat,BC,8,2,6/22/2024,Nike,1,,,Helios,FNG,Home AO,OTB,8,,,12/3/2024,1,241
2024,6,Sat,BC,8,2,6/22/2024,Cyborg,1,,,Helios,FNG,Home AO,OTB,8,,,12/5/2024,1,240
2024,6,Tue,BC,6,3,6/25/2024,SunDevil,1,1,Run,Helios,Q,Home AO,OTB,5,,,12/6/2024,1,239
2024,6,Tue,BC,6,3,6/25/2024,Mako,1,1,Run,Helios,,Home AO,OTB,5,,,12/7/2024,1,238
2024,6,Tue,BC,6,3,6/25/2024,Mickey,1,1,Run,Helios,,Home AO,OTB,5,,,12/10/2024,1,237
2024,6,Tue,BC,6,3,6/25/2024,Pastrana,1,,,Helios,,Visitor,OTB,5,,,12/12/2024,1,236
2024,6,Tue,BC,6,3,6/25/2024,Samurai,1,,,Helios,,Home AO,OTB,5,,,12/13/2024,1,235
2024,6,Tue,BC,6,3,6/25/2024,Kingpin,1,,,Helios,,Home AO,OTB,5,,,12/14/2024,1,234
2024,6,Thu,BC,9,0,6/27/2024,Samurai,1,,,Helios,,Home AO,OTB,5,,,12/17/2024,1,233
2024,6,Thu,BC,9,0,6/27/2024,Kingpin,1,,,Helios,,Home AO,OTB,5,,,12/19/2024,1,232
2024,6,Thu,BC,9,0,6/27/2024,Mickey,1,,,Helios,,Home AO,OTB,5,,,12/20/2024,1,231
2024,6,Thu,BC,9,0,6/27/2024,Fajita,1,,,Helios,,Visitor,OTB,5,,,12/21/2024,1,230
2024,6,Thu,BC,9,0,6/27/2024,Hook,1,,,Helios,,Visitor,OTB,5,,,12/24/2024,1,229
2024,6,Thu,BC,9,0,6/27/2024,Mako,1,,,Helios,,Home AO,OTB,5,,,12/26/2024,1,228
2024,6,Thu,BC,9,0,6/27/2024,Cyborg,1,,,Helios,2nd Helpings,Home AO,OTB,5,,,12/27/2024,1,227
2024,6,Thu,BC,9,0,6/27/2024,Forrest,1,,,Helios,,Visitor,OTB,5,,,12/28/2024,1,226
2024,6,Thu,BC,9,0,6/27/2024,Karbach,1,,,Helios,Q,Visitor,OTB,5,,,12/31/2024,1,225
2024,6,Sat,BC,6,0,6/29/2024,CaliBoy,1,,,Helios,,Home AO,OTB,6,,,1/2/2025,1,224
2024,6,Sat,BC,6,0,6/29/2024,Kingpin,1,,,Helios,,Home AO,OTB,6,,,1/3/2025,1,223
2024,6,Sat,BC,6,0,6/29/2024,Mako,1,,,Helios,Q,Home AO,OTB,6,,,1/4/2025,1,222
2024,6,Sat,BC,6,0,6/29/2024,Flat Line,1,,,Helios,FNG,Home AO,OTB,6,,,1/7/2025,1,221
2024,6,Sat,BC,6,0,6/29/2024,Drive By,1,,,Helios,FNG,Home AO,OTB,6,,,1/9/2025,1,220
2024,6,Sat,BC,6,0,6/29/2024,Power Outage,1,,,Helios,FNG,Home AO,OTB,6,,,1/10/2025,1,219
2024,7,Tue,BC,9,0,7/2/2024,Slater,1,,,Helios,Q,Visitor,OTB,8,,,1/11/2025,1,218
2024,7,Tue,BC,9,0,7/2/2024,Carmen SanDiego,1,,,Helios,,Home AO,OTB,8,,,1/14/2025,1,217
2024,7,Tue,BC,9,0,7/2/2024,Mako,1,,,Helios,,Home AO,OTB,8,,,1/16/2025,1,216
2024,7,Tue,BC,9,0,7/2/2024,Foofoo,1,,,Helios,FNG,Home AO,OTB,8,,,1/17/2025,1,215
2024,7,Tue,BC,9,0,7/2/2024,Samurai,1,,,Helios,,Home AO,OTB,8,,,1/18/2025,1,214
2024,7,Tue,BC,9,0,7/2/2024,Mickey,1,,,Helios,,Home AO,OTB,8,,,1/21/2025,1,213
2024,7,Tue,BC,9,0,7/2/2024,Pi 3.14,1,,,Helios,,Home AO,OTB,8,,,1/23/2025,1,212
2024,7,Tue,BC,9,0,7/2/2024,Kingpin,1,,,Helios,,Home AO,OTB,8,,,1/24/2025,1,211
2024,7,Tue,BC,9,0,7/2/2024,Power Outage,1,,,Helios,2nd Helpings,Home AO,OTB,8,,,1/25/2025,1,210
2024,7,Thu,BC,17,0,7/4/2024,Hook,1,,,Helios,Q,Visitor,OTB,5,,,1/28/2025,1,209
2024,7,Thu,BC,17,0,7/4/2024,Mickey,1,,,Helios,,Home AO,OTB,5,,,1/30/2025,1,208
2024,7,Thu,BC,17,0,7/4/2024,Kingpin,1,,,Helios,,Home AO,OTB,5,,,1/31/2025,1,207
2024,7,Thu,BC,17,0,7/4/2024,Samurai,1,,,Helios,,Home AO,OTB,5,,,2/1/2025,1,206
2024,7,Thu,BC,17,0,7/4/2024,Marino,1,,,Helios,FNG,Home AO,OTB,5,,,2/4/2025,1,205
2024,7,Thu,BC,17,0,7/4/2024,Hang Loose,1,,,Helios,,Visitor,OTB,5,,,2/6/2025,1,204
2024,7,Thu,BC,17,0,7/4/2024,Bigmouth,1,,,Helios,,Visitor,OTB,5,,,2/7/2025,1,203
2024,7,Thu,BC,17,0,7/4/2024,Tigres,1,,,Helios,,Visitor,OTB,5,,,2/8/2025,1,202
2024,7,Thu,BC,17,0,7/4/2024,Foofoo,1,,,Helios,2nd Helpings,Home AO,OTB,5,,,2/11/25,1,201
2024,7,Thu,BC,17,0,7/4/2024,Electro,1,,,Helios,,Visitor,OTB,5,,,2/13/2025,1,200
2024,7,Thu,BC,17,0,7/4/2024,Joints,1,,,Helios,,Visitor,OTB,5,,,2/14/2025,1,199
2024,7,Thu,BC,17,0,7/4/2024,Bubbles,1,,,Helios,,Visitor,OTB,5,,,2/15/2025,1,198
2024,7,Thu,BC,17,0,7/4/2024,Fortune Cookie,1,,,Helios,,Visitor,OTB,5,,,2/18/2025,1,197
2024,7,Thu,BC,17,0,7/4/2024,Shutters,1,,,Helios,,Visitor,OTB,5,,,2/20/2025,1,196
2024,7,Thu,BC,17,0,7/4/2024,Nasdaq,1,,,Helios,,Visitor,OTB,5,,,2/21/2025,1,195
2024,7,Thu,BC,17,0,7/4/2024,Garden Snake,1,,,Helios,,Visitor,OTB,5,,,2/22/2025,1,194
2024,7,Thu,BC,17,0,7/4/2024,Shank,1,,,Helios,,Visitor,OTB,5,,,2/25/2025,1,193
2024,7,Sat,BC,4,0,7/6/2024,CaliBoy,1,,,Spillway,,Home AO,MKT Launch,4,,,2/27/2025,1,192
2024,7,Sat,BC,4,0,7/6/2024,Mako,1,,,Spillway,,Home AO,MKT Launch,4,,,2/28/2025,1,191
2024,7,Sat,BC,4,0,7/6/2024,Kingpin,1,,,Spillway,,Home AO,MKT Launch,4,,,3/1/2025,1,190
2024,7,Sat,BC,4,0,7/6/2024,Mickey,1,,,Spillway,,Home AO,MKT Launch,4,,,3/4/2025,1,189
2024,7,Tue,BC,11,0,7/9/2024,CSharp,1,,,Helios,2nd Helpings,Home AO,OTB,10,,,3/6/2025,1,188
2024,7,Tue,BC,11,0,7/9/2024,Thinmint,1,,,Helios,Q,Visitor,OTB,10,,,3/7/2025,1,187
2024,7,Tue,BC,11,0,7/9/2024,Pi 3.14,1,,,Helios,,Home AO,OTB,10,,,3/8/2025,1,186
2024,7,Tue,BC,11,0,7/9/2024,Mako,1,,,Helios,,Home AO,OTB,10,,,3/11/2025,1,185
2024,7,Tue,BC,11,0,7/9/2024,Mickey,1,,,Helios,,Home AO,OTB,10,,,3/13/2025,1,184
2024,7,Tue,BC,11,0,7/9/2024,Samurai,1,,,Helios,,Home AO,OTB,10,,,3/14/2025,1,183
2024,7,Tue,BC,11,0,7/9/2024,Kiwi,1,,,Helios,FNG,Home AO,OTB,10,,,3/15/2025,1,182
2024,7,Tue,BC,11,0,7/9/2024,Foofoo,1,,,Helios,,Home AO,OTB,10,,,3/18/2025,1,181
2024,7,Tue,BC,11,0,7/9/2024,SunDevil,1,,,Helios,,Home AO,OTB,10,,,3/20/2025,1,180
2024,7,Tue,BC,11,0,7/9/2024,Walter White,1,,,Helios,,Home AO,OTB,10,,,3/21/2025,1,179
2024,7,Tue,BC,11,0,7/9/2024,Kingpin,1,,,Helios,,Home AO,OTB,10,,,3/22/2025,1,178
2024,7,Thu,BC,10,0,7/11/2024,Timber,1,,,Helios,Q,Visitor,OTB,9,,,3/25/2025,1,177
2024,7,Thu,BC,10,0,7/11/2024,Lincoln,1,,,Helios,FNG,Home AO,OTB,9,,,3/27/2025,1,176
2024,7,Thu,BC,10,0,7/11/2024,CaliBoy,1,,,Helios,,Home AO,OTB,9,,,3/28/2025,1,175
2024,7,Thu,BC,10,0,7/11/2024,CSharp,1,,,Helios,,Home AO,OTB,9,,,3/29/2025,1,174
2024,7,Thu,BC,10,0,7/11/2024,Foofoo,1,,,Helios,,Home AO,OTB,9,,,4/1/2025,1,173
2024,7,Thu,BC,10,0,7/11/2024,Kiwi,1,,,Helios,2nd Helpings,Home AO,OTB,9,,,4/3/2025,1,172
2024,7,Thu,BC,10,0,7/11/2024,Kingpin,1,,,Helios,,Home AO,OTB,9,,,4/4/2025,1,171
2024,7,Thu,BC,10,0,7/11/2024,Walter White,1,,,Helios,,Home AO,OTB,9,,,4/5/2025,1,170
2024,7,Thu,BC,10,0,7/11/2024,Mickey,1,,,Helios,,Home AO,OTB,9,,,4/8/2025,1,169
2024,7,Thu,BC,10,0,7/11/2024,Samurai,1,,,Helios,,Home AO,OTB,9,,,4/10/2025,1,168
2024,7,Sat,BC,15,2,7/13/2024,Mako,1,,,Helios,Q,Home AO,OTB,9,,,4/11/2025,1,167
2024,7,Sat,BC,15,2,7/13/2024,Kingpin,1,,,Helios,,Home AO,OTB,9,,,4/12/2025,1,166
2024,7,Sat,BC,15,2,7/13/2024,Mickey,1,1,Run,Helios,,Home AO,OTB,9,,,4/15/2025,1,165
2024,7,Sat,BC,15,2,7/13/2024,CaliBoy,1,,,Helios,,Home AO,OTB,9,,,4/17/2025,1,164
2024,7,Sat,BC,15,2,7/13/2024,Klondike,1,,,Helios,,Visitor,OTB,9,,,4/18/2025,1,163
2024,7,Sat,BC,15,2,7/13/2024,Seagal,1,,,Helios,,Visitor,OTB,9,,,4/19/2025,1,162
2024,7,Sat,BC,15,2,7/13/2024,Norteno,1,,,Helios,,Home AO,OTB,9,,,4/22/2025,1,161
2024,7,Sat,BC,15,2,7/13/2024,Nike,1,,,Helios,2nd Helpings,Home AO,OTB,9,,,4/24/2025,1,160
2024,7,Sat,BC,15,2,7/13/2024,Triple Crown,1,,,Helios,,Visitor,OTB,9,,,4/25/2025,1,159
2024,7,Sat,BC,15,2,7/13/2024,SuperTrooper,1,,,Helios,,Visitor,OTB,9,,,4/26/2025,1,158
2024,7,Sat,BC,15,2,7/13/2024,Fast-Pitch,1,,,Helios,,Home AO,OTB,9,,,4/29/2025,1,157
2024,7,Sat,BC,15,2,7/13/2024,Kiwi,1,,,Helios,,Home AO,OTB,9,,,5/1/2025,1,156
2024,7,Sat,BC,15,2,7/13/2024,Spartan,1,1,Bike,Helios,,Home AO,OTB,9,,,5/2/2025,1,155
2024,7,Sat,BC,15,2,7/13/2024,Gills,1,,,Helios,,Visitor,OTB,9,,,5/3/2025,1,154
2024,7,Sat,BC,15,2,7/13/2024,Switchblade,1,,,Helios,,Visitor,OTB,9,,,5/6/2025,1,153
2024,7,Tue,BC,12,3,7/16/2024,Stiltskin,1,1,Run,Helios,Q,Visitor,OTB,7,,,5/8/2025,1,152
2024,7,Tue,BC,12,3,7/16/2024,Mako,1,,,Helios,,Home AO,OTB,7,,,5/9/2025,1,151
2024,7,Tue,BC,12,3,7/16/2024,Pi 3.14,1,,,Helios,,Home AO,OTB,7,,,5/10/2025,1,150
2024,7,Tue,BC,12,3,7/16/2024,SunDevil,1,1,Run,Helios,,Home AO,OTB,7,,,5/13/2025,1,149
2024,7,Tue,BC,12,3,7/16/2024,HardBack,1,,,Helios,,Visitor,OTB,7,,,5/15/2025,1,148
2024,7,Tue,BC,12,3,7/16/2024,Switchblade,1,,,Helios,,Visitor,OTB,7,,,5/16/2025,1,147
2024,7,Tue,BC,12,3,7/16/2024,Mickey,1,1,Run,Helios,,Home AO,OTB,7,,,5/17/2025,1,146
2024,7,Tue,BC,12,3,7/16/2024,Hondo,1,,,Helios,FNG,Home AO,OTB,7,,,5/20/2025,1,145
2024,7,Tue,BC,12,3,7/16/2024,Lincoln,1,,,Helios,2nd Helpings,Home AO,OTB,7,,,5/22/2025,1,144
2024,7,Tue,BC,12,3,7/16/2024,Kingpin,1,,,Helios,,Home AO,OTB,7,,,5/23/2025,1,143
2024,7,Tue,BC,12,3,7/16/2024,Triple Crown,1,,,Helios,,Visitor,OTB,7,,,5/24/2025,1,142
2024,7,Tue,BC,12,3,7/16/2024,Geisha,1,,,Helios,,Visitor,OTB,7,,,5/27/2025,1,141
2024,7,Thu,BC,10,0,7/18/2024,Mr. Clean,1,,,Helios,Q,Visitor,OTB,7,,,5/29/2025,1,140
2024,7,Thu,BC,10,0,7/18/2024,CSharp,1,,,Helios,,Home AO,OTB,7,,,5/30/2025,1,139
2024,7,Thu,BC,10,0,7/18/2024,Pi 3.14,1,,,Helios,,Home AO,OTB,7,,,5/31/2025,1,138
2024,7,Thu,BC,10,0,7/18/2024,Carmen SanDiego,1,,,Helios,,Home AO,OTB,7,,,6/3/2025,1,137
2024,7,Thu,BC,10,0,7/18/2024,Kingpin,1,,,Helios,,Home AO,OTB,7,,,6/5/2025,1,136
2024,7,Thu,BC,10,0,7/18/2024,Sparky,1,,,Helios,,Home AO,OTB,7,,,6/6/2025,1,135
2024,7,Thu,BC,10,0,7/18/2024,Marshall,1,,,Helios,,Home AO,OTB,7,,,6/7/2025,1,134
2024,7,Thu,BC,10,0,7/18/2024,SunDevil,1,,,Helios,,Home AO,OTB,7,,,6/10/2025,1,133
2024,7,Thu,BC,10,0,7/18/2024,Broke Back Mtn,1,,,Helios,,Visitor,OTB,7,,,6/12/2025,1,132
2024,7,Thu,BC,10,0,7/18/2024,Frolf,1,,,Helios,,Visitor,OTB,7,,,6/13/2025,1,131
2024,7,Sat,BC,10,0,7/20/2024,Kingpin,1,,,Helios,Q,Home AO,OTB,9,,,6/14/2025,1,130
2024,7,Sat,BC,10,0,7/20/2024,SunDevil,1,,,Helios,,Home AO,OTB,9,,,6/17/2025,1,129
2024,7,Sat,BC,10,0,7/20/2024,Mickey,1,,,Helios,,Home AO,OTB,9,,,6/19/2025,1,128
2024,7,Sat,BC,10,0,7/20/2024,Magellan,1,,,Helios,,Visitor,OTB,9,,,6/20/2025,1,127
2024,7,Sat,BC,10,0,7/20/2024,CSharp,1,,,Helios,,Home AO,OTB,9,,,6/21/2025,1,126
2024,7,Sat,BC,10,0,7/20/2024,Power Outage,1,,,Helios,,Home AO,OTB,9,,,6/24/2025,1,125
2024,7,Sat,BC,10,0,7/20/2024,Easy-E,1,,,Helios,,Home AO,OTB,9,,,6/26/2025,1,124
2024,7,Sat,BC,10,0,7/20/2024,PTfail,1,,,Helios,FNG,Home AO,OTB,9,,,6/28/2025,1,123
2024,7,Sat,BC,10,0,7/20/2024,Homemaker,1,,,Helios,FNG,Home AO,OTB,9,,,6/29/2025,1,122
2024,7,Sat,BC,10,0,7/20/2024,Sparky,1,,,Helios,,Home AO,OTB,9,,,7/1/2025,1,121
2024,7,Tue,BC,7,0,7/23/2024,SunDevil,1,,,Helios,Q,Home AO,OTB,5,,,7/3/2025,1,120
2024,7,Tue,BC,7,0,7/23/2024,Wahoo!,1,,,Helios,,Visitor,OTB,5,,,7/4/2025,1,119
2024,7,Tue,BC,7,0,7/23/2024,Excel,1,,,Helios,,Visitor,OTB,5,,,7/5/2025,1,118
2024,7,Tue,BC,7,0,7/23/2024,Sparky,1,,,Helios,,Home AO,OTB,5,,,7/8/2025,1,117
2024,7,Tue,BC,7,0,7/23/2024,Mickey,1,,,Helios,,Home AO,OTB,5,,,7/10/2025,1,116
2024,7,Tue,BC,7,0,7/23/2024,PTfail,1,,,Helios,2nd Helpings,Home AO,OTB,5,,,7/11/2025,1,115
2024,7,Tue,BC,7,0,7/23/2024,CSharp,1,,,Helios,,Home AO,OTB,5,,,7/12/2025,1,114
2024,7,Thu,BC,12,0,7/25/2024,Mickey,1,,,Helios,,Home AO,OTB,7,,,7/15/2025,1,113
2024,7,Thu,BC,12,0,7/25/2024,Power Outage,1,,,Helios,,Home AO,OTB,7,,,7/17/2025,1,112
2024,7,Thu,BC,12,0,7/25/2024,Kingpin,1,,,Helios,,Home AO,OTB,7,,,7/18/2025,1,111
2024,7,Thu,BC,12,0,7/25/2024,Quarter,1,,,Helios,,Visitor,OTB,7,,,7/19/2025,1,110
2024,7,Thu,BC,12,0,7/25/2024,CSharp,1,,,Helios,,Home AO,OTB,7,,,7/22/2025,1,109
2024,7,Thu,BC,12,0,7/25/2024,PTfail,1,,,Helios,,Home AO,OTB,7,,,7/24/2025,1,108
2024,7,Thu,BC,12,0,7/25/2024,Triple Crown,1,,,Helios,,Visitor,OTB,7,,,7/25/2025,1,107
2024,7,Thu,BC,12,0,7/25/2024,Switchblade,1,,,Helios,,Visitor,OTB,7,,,7/29/2025,1,106
2024,7,Thu,BC,12,0,7/25/2024,Mako,1,,,Helios,,Home AO,OTB,7,,,7/31/2025,1,105
2024,7,Thu,BC,12,0,7/25/2024,Carmen SanDiego,1,,,Helios,,Home AO,OTB,7,,,8/1/2025,1,104
2024,7,Thu,BC,12,0,7/25/2024,Ostrich,1,,,Helios,,Visitor,OTB,7,,,8/2/2025,1,103
2024,7,Thu,BC,12,0,7/25/2024,HardBack,1,,,Helios,Q,Visitor,OTB,7,,,8/5/2025,1,102
2024,7,Sat,BC,16,0,7/27/2024,Triple Crown,1,,,Helios,Q,Visitor,OTB,6,,,8/7/2025,1,101
2024,7,Sat,BC,16,0,7/27/2024,Slater,1,,,Helios,,Visitor,OTB,6,,,8/8/2025,1,100
2024,7,Sat,BC,16,0,7/27/2024,HardBack,1,,,Helios,,Visitor,OTB,6,,,8/9/2025,1,99
2024,7,Sat,BC,16,0,7/27/2024,Hondo,1,,,Helios,,Home AO,OTB,6,,,8/12/2025,1,98
2024,7,Sat,BC,16,0,7/27/2024,Switchblade,1,,,Helios,,Visitor,OTB,6,,,8/14/2025,1,97
2024,7,Sat,BC,16,0,7/27/2024,SuperTrooper,1,,,Helios,,Visitor,OTB,6,,,8/15/2025,1,96
2024,7,Sat,BC,16,0,7/27/2024,Heimlich,1,,,Helios,,Visitor,OTB,6,,,8/16/2025,1,95
2024,7,Sat,BC,16,0,7/27/2024,Torch,1,,,Helios,,Visitor,OTB,6,,,8/19/2025,1,94
2024,7,Sat,BC,16,0,7/27/2024,PTfail,1,,,Helios,,Home AO,OTB,6,,,8/21/2025,1,93
2024,7,Sat,BC,16,0,7/27/2024,Pastrana,1,,,Helios,,Visitor,OTB,6,,,8/22/2025,1,92
2024,7,Sat,BC,16,0,7/27/2024,TJ Maxx,1,,,Helios,,Visitor,OTB,6,,,8/26/2025,1,91
2024,7,Sat,BC,16,0,7/27/2024,Pi 3.14,1,,,Helios,,Home AO,OTB,6,,,8/28/2025,1,90
2024,7,Sat,BC,16,0,7/27/2024,CSharp,1,,,Helios,,Home AO,OTB,6,,,8/29/2025,1,89
2024,7,Sat,BC,16,0,7/27/2024,Drop Zone,1,,,Helios,,Visitor,OTB,6,,,8/30/2025,1,88
2024,7,Sat,BC,16,0,7/27/2024,Apples,1,,,Helios,,Home AO,OTB,6,,,9/2/2025,1,87
2024,7,Sat,BC,16,0,7/27/2024,G-Shock,1,,,Helios,FNG,Home AO,OTB,6,,,9/4/2025,1,86
2024,7,Tue,BC,11,0,7/30/2024,Mako,1,,,Helios,Q,Home AO,OTB,10,,,9/5/2025,1,85
2024,7,Tue,BC,11,0,7/30/2024,Jag,1,,,Helios,,Visitor,OTB,10,,,9/6/2025,1,84
2024,7,Tue,BC,11,0,7/30/2024,CSharp,1,,,Helios,,Home AO,OTB,10,,,9/9/2025,1,83
2024,7,Tue,BC,11,0,7/30/2024,Cobra Kai,1,,,Helios,FNG,Home AO,OTB,10,,,9/11/2025,1,82
2024,7,Tue,BC,11,0,7/30/2024,Samurai,1,,,Helios,,Home AO,OTB,10,,,9/12/2025,1,81
2024,7,Tue,BC,11,0,7/30/2024,Pi 3.14,1,,,Helios,,Home AO,OTB,10,,,9/16/2025,1,80
2024,7,Tue,BC,11,0,7/30/2024,Coach,1,,,Helios,FNG,Home AO,OTB,10,,,9/17/2025,1,79
2024,7,Tue,BC,11,0,7/30/2024,SunDevil,1,,,Helios,,Home AO,OTB,10,,,9/18/2025,1,78
2024,7,Tue,BC,11,0,7/30/2024,Mickey,1,,,Helios,,Home AO,OTB,10,,,9/19/2025,1,77
2024,7,Tue,BC,11,0,7/30/2024,Kiwi,1,,,Helios,,Home AO,OTB,10,,,9/20/2025,1,76
2024,7,Tue,BC,11,0,7/30/2024,Carmen SanDiego,1,,,Helios,,Home AO,OTB,10,,,9/23/2025,1,75
2024,8,Thu,BC,15,0,8/1/2024,Mickey,1,,,Helios,Q,Home AO,OTB,12,,,9/25/2025,1,74
2024,8,Thu,BC,15,0,8/1/2024,Kingpin,1,,,Helios,,Home AO,OTB,12,,,9/26/2025,1,73
2024,8,Thu,BC,15,0,8/1/2024,Walter White,1,,,Helios,,Home AO,OTB,12,,,9/27/2025,1,72
2024,8,Thu,BC,15,0,8/1/2024,Tiger,1,,,Helios,,Visitor,OTB,12,,,9/30/2025,1,71
2024,8,Thu,BC,15,0,8/1/2024,Trans Am,1,,,Helios,,Visitor,OTB,12,,,10/2/2025,1,70
2024,8,Thu,BC,15,0,8/1/2024,Samurai,1,,,Helios,,Home AO,OTB,12,,,10/3/2025,1,69
2024,8,Thu,BC,15,0,8/1/2024,SunDevil,1,,,Helios,,Home AO,OTB,12,,,10/7/2025,1,68
2024,8,Thu,BC,15,0,8/1/2024,Carmen SanDiego,1,,,Helios,,Home AO,OTB,12,,,10/9/2025,1,67
2024,8,Thu,BC,15,0,8/1/2024,Kiwi,1,,,Helios,,Home AO,OTB,12,,,10/10/2025,1,66
2024,8,Thu,BC,15,0,8/1/2024,CaliBoy,1,,,Helios,,Home AO,OTB,12,,,10/11/2025,1,65
2024,8,Thu,BC,15,0,8/1/2024,Stiltskin,1,,,Helios,,Visitor,OTB,12,,,10/14/2025,1,64
2024,8,Thu,BC,15,0,8/1/2024,CSharp,1,,,Helios,,Home AO,OTB,12,,,10/16/2025,1,63
2024,8,Thu,BC,15,0,8/1/2024,Snacks,1,,,Helios,FNG,Home AO,OTB,12,,,10/17/2025,1,62
2024,8,Thu,BC,15,0,8/1/2024,Mako,1,,,Helios,,Home AO,OTB,12,,,10/18/2025,1,61
2024,8,Thu,BC,15,0,8/1/2024,Cobra Kai,1,,,Helios,,Home AO,OTB,12,,,10/21/2025,1,60
2024,8,Sat,BC,6,0,8/3/2024,CaliBoy,1,,,Helios,,Home AO,OTB,5,,,10/23/2025,1,59
2024,8,Sat,BC,6,0,8/3/2024,CSharp,1,,,Helios,,Home AO,OTB,5,,,10/24/2025,1,58
2024,8,Sat,BC,6,0,8/3/2024,Mickey,1,,,Helios,,Home AO,OTB,5,,,10/25/2025,1,57
2024,8,Sat,BC,6,0,8/3/2024,Kingpin,1,,,Helios,,Home AO,OTB,5,,,10/28/2025,1,56
2024,8,Sat,BC,6,0,8/3/2024,Kiwi,1,,,Helios,,Home AO,OTB,5,,,10/29/2025,1,55
2024,8,Sat,BC,6,0,8/3/2024,Magellan,1,,,Helios,Q,Visitor,OTB,5,,,10/30/2025,1,54
2024,8,Tue,BC,8,0,8/6/2024,Mako,1,,,Helios,Q,Home AO,OTB,8,,,11/4/2025,1,53
2024,8,Tue,BC,8,0,8/6/2024,Snacks,1,,,Helios,2nd Helpings,Home AO,OTB,8,,,11/5/2025,1,52
2024,8,Tue,BC,8,0,8/6/2024,Foofoo,1,,,Helios,,Home AO,OTB,8,,,11/6/2025,1,51
2024,8,Tue,BC,8,0,8/6/2024,Mickey,1,,,Helios,,Home AO,OTB,8,,,11/7/2025,1,50
2024,8,Tue,BC,8,0,8/6/2024,SunDevil,1,,,Helios,,Home AO,OTB,8,,,11/11/2025,1,49
2024,8,Tue,BC,8,0,8/6/2024,Sparky,1,,,Helios,,Home AO,OTB,8,,,11/13/2025,1,48
2024,8,Tue,BC,8,0,8/6/2024,CSharp,1,,,Helios,,Home AO,OTB,8,,,11/14/2025,1,47
2024,8,Tue,BC,8,0,8/6/2024,Kingpin,1,,,Helios,,Home AO,OTB,8,,,11/18/2025,1,46
2024,8,Thu,BC,14,0,8/8/2024,Forrest,1,,,Helios,Q,Visitor,OTB,11,,,11/20/2025,1,45
2024,8,Thu,BC,14,0,8/8/2024,Bob Barker,1,,,Helios,,Visitor,OTB,11,,,11/21/2025,1,44
2024,8,Thu,BC,14,0,8/8/2024,Weak Sauce,1,,,Helios,,Visitor,OTB,11,,,11/22/2025,1,43
2024,8,Thu,BC,14,0,8/8/2024,Pi 3.14,1,,,Helios,,Home AO,OTB,11,,,11/25/2025,1,42
2024,8,Thu,BC,14,0,8/8/2024,Samurai,1,,,Helios,,Home AO,OTB,11,,,11/29/2025,1,41
2024,8,Thu,BC,14,0,8/8/2024,Kiwi,1,,,Helios,,Home AO,OTB,11,,,12/2/2025,1,40
2024,8,Thu,BC,14,0,8/8/2024,Baywatch,1,,,Helios,,Home AO,OTB,11,,,12/4/2025,1,39
2024,8,Thu,BC,14,0,8/8/2024,SunDevil,1,,,Helios,,Home AO,OTB,11,,,12/5/2025,1,38
2024,8,Thu,BC,14,0,8/8/2024,CSharp,1,,,Helios,,Home AO,OTB,11,,,12/6/2025,1,37
2024,8,Thu,BC,14,0,8/8/2024,Snacks,1,,,Helios,,Home AO,OTB,11,,,12/9/2025,1,36
2024,8,Thu,BC,14,0,8/8/2024,Footlocker,1,,,Helios,,Home AO,OTB,11,,,12/11/2025,1,35
2024,8,Thu,BC,14,0,8/8/2024,Foofoo,1,,,Helios,,Home AO,OTB,11,,,12/12/2025,1,34
2024,8,Thu,BC,14,0,8/8/2024,Coach,1,,,Helios,2nd Helpings,Home AO,OTB,11,,,12/13/2025,1,33
2024,8,Thu,BC,14,0,8/8/2024,Kingpin,1,,,Helios,,Home AO,OTB,11,,,12/16/2025,1,32
2024,8,Sat,BC,11,0,8/10/2024,Mickey,1,,,Helios,Q,Home AO,OTB,10,,,12/18/2025,1,31
2024,8,Sat,BC,11,0,8/10/2024,SunDevil,1,,,Helios,,Home AO,OTB,10,,,12/19/2025,1,30
2024,8,Sat,BC,11,0,8/10/2024,Baywatch,1,,,Helios,,Home AO,OTB,10,,,12/20/2025,1,29
2024,8,Sat,BC,11,0,8/10/2024,Footlocker,1,,,Helios,,Home AO,OTB,10,,,12/23/2025,1,28
2024,8,Sat,BC,11,0,8/10/2024,Pi 3.14,1,,,Helios,,Home AO,OTB,10,,,12/25/2025,1,27
2024,8,Sat,BC,11,0,8/10/2024,Mako,1,,,Helios,,Home AO,OTB,10,,,12/26/2025,1,26
2024,8,Sat,BC,11,0,8/10/2024,PTfail,1,,,Helios,,Home AO,OTB,10,,,12/27/2025,1,25
2024,8,Sat,BC,11,0,8/10/2024,CSharp,1,,,Helios,,Home AO,OTB,10,,,12/30/2025,1,24
2024,8,Sat,BC,11,0,8/10/2024,Kingpin,1,,,Helios,,Home AO,OTB,10,,,1/1/2026,1,23
2024,8,Sat,BC,11,0,8/10/2024,Klondike,1,,,Helios,,Visitor,OTB,10,,,1/2/2026,1,22
2024,8,Sat,BC,11,0,8/10/2024,Coach,1,,,Helios,,Home AO,OTB,10,,,1/3/2026,1,21
2024,8,Tue,BC,13,0,8/13/2024,Latex,1,,,Helios,Q,Visitor,OTB,12,,,1/6/2026,1,20
2024,8,Tue,BC,13,0,8/13/2024,Mickey,1,,,Helios,,Home AO,OTB,12,,,1/8/2026,1,19
2024,8,Tue,BC,13,0,8/13/2024,Pi 3.14,1,,,Helios,,Home AO,OTB,12,,,1/9/2026,1,18
2024,8,Tue,BC,13,0,8/13/2024,Baywatch,1,,,Helios,,Home AO,OTB,12,,,1/10/2026,1,17
2024,8,Tue,BC,13,0,8/13/2024,Footlocker,1,,,Helios,,Home AO,OTB,12,,,1/13/2026,1,16
2024,8,Tue,BC,13,0,8/13/2024,Foofoo,1,,,Helios,,Home AO,OTB,12,,,1/14/2026,1,15
2024,8,Tue,BC,13,0,8/13/2024,Hydroponic,1,,,Helios,2nd Helpings,Home AO,OTB,12,,,1/15/2026,1,14
2024,8,Tue,BC,13,0,8/13/2024,SunDevil,1,,,Helios,,Home AO,OTB,12,,,1/16/2026,1,13
2024,8,Tue,BC,13,0,8/13/2024,Coach,1,,,Helios,,Home AO,OTB,12,,,1/17/2026,1,12
2024,8,Tue,BC,13,0,8/13/2024,Sparky,1,,,Helios,,Home AO,OTB,12,,,1/20/2026,1,11
2024,8,Tue,BC,13,0,8/13/2024,CSharp,1,,,Helios,,Home AO,OTB,12,,,1/22/2026,1,10
2024,8,Tue,BC,13,0,8/13/2024,Kingpin,1,,,Helios,,Home AO,OTB,12,,,1/23/2026,1,9
2024,8,Tue,BC,13,0,8/13/2024,Catheter,1,,,Helios,FNG,Home AO,OTB,12,,,1/24/2026,1,8
2024,8,Thu,BC,19,0,8/15/2024,Frolf,1,,,Helios,,Visitor,OTB,12,,,1/27/2026,1,7
2024,8,Thu,BC,19,0,8/15/2024,SunDevil,1,,,Helios,,Home AO,OTB,12,,,1/29/2026,1,6
2024,8,Thu,BC,19,0,8/15/2024,Csharp,1,,,Helios,,Home AO,OTB,12,,,1/30/2026,1,5
2024,8,Thu,BC,19,0,8/15/2024,Pi 3.14,1,,,Helios,,Home AO,OTB,12,,,1/31/2026,1,4
2024,8,Thu,BC,19,0,8/15/2024,Baywatch,1,,,Helios,,Home AO,OTB,12,,,2/3/2026,1,3
2024,8,Thu,BC,19,0,8/15/2024,Footlocker,1,,,Helios,,Home AO,OTB,12,,,2/5/2026,1,2
2024,8,Thu,BC,19,0,8/15/2024,Visor,1,,,Helios,,Visitor,OTB,12,,,2/6/2026,1,1
2024,8,Thu,BC,19,0,8/15/2024,Blinders,1,,,Helios,,Visitor,OTB,12,,,,,
2024,8,Thu,BC,19,0,8/15/2024,Sucker Punch,1,,,Helios,FNG,Home AO,OTB,12,,,,,
2024,8,Thu,BC,19,0,8/15/2024,Stiltskin,1,,,Helios,,Visitor,OTB,12,,,,,
2024,8,Thu,BC,19,0,8/15/2024,Coach,1,,,Helios,,Home AO,OTB,12,,,,,
2024,8,Thu,BC,19,0,8/15/2024,Catheter,1,,,Helios,2nd Helpings,Home AO,OTB,12,,,,,
2024,8,Thu,BC,19,0,8/15/2024,Hydroponic,1,,,Helios,,Home AO,OTB,12,,,,,
2024,8,Thu,BC,19,0,8/15/2024,Hard Hat,1,,,Helios,,Visitor,OTB,12,,,,,
2024,8,Thu,BC,19,0,8/15/2024,Seagal,1,,,Helios,,Visitor,OTB,12,,,,,
2024,8,Thu,BC,19,0,8/15/2024,Sparky,1,,,Helios,,Home AO,OTB,12,,,,,
2024,8,Thu,BC,19,0,8/15/2024,Foofoo,1,,,Helios,,Home AO,OTB,12,,,,,
2024,8,Thu,BC,19,0,8/15/2024,Kingpin,1,,,Helios,,Home AO,OTB,12,,,,,
2024,8,Thu,BC,19,0,8/15/2024,Megatron,1,,,Helios,,Visitor,OTB,12,,,,,
2024,8,Sat,BC,18,0,8/17/2024,Pi 3.14,1,,,Helios,Q,Home AO,OTB,8,,,,,
2024,8,Sat,BC,18,0,8/17/2024,Baywatch,1,,,Helios,,Home AO,OTB,8,,,,,
2024,8,Sat,BC,18,0,8/17/2024,CSharp,1,,,Helios,,Home AO,OTB,8,,,,,
2024,8,Sat,BC,18,0,8/17/2024,Canadian Bacon,1,,,Helios,,Visitor,OTB,8,,,,,
2024,8,Sat,BC,18,0,8/17/2024,Coach,1,,,Helios,,Home AO,OTB,8,,,,,
2024,8,Sat,BC,18,0,8/17/2024,HardBack,1,,,Helios,,Visitor,OTB,8,,,,,
2024,8,Sat,BC,18,0,8/17/2024,Kingpin,1,,,Helios,,Home AO,OTB,8,,,,,
2024,8,Sat,BC,18,0,8/17/2024,Latex,1,,,Helios,,Visitor,OTB,8,,,,,
2024,8,Sat,BC,18,0,8/17/2024,Orbit,1,,,Helios,,Visitor,OTB,8,,,,,
2024,8,Sat,BC,18,0,8/17/2024,Tigres,1,,,Helios,,Visitor,OTB,8,,,,,
2024,8,Sat,BC,18,0,8/17/2024,TJ Maxx,1,,,Helios,,Visitor,OTB,8,,,,,
2024,8,Sat,BC,18,0,8/17/2024,Torch,1,,,Helios,,Visitor,OTB,8,,,,,
2024,8,Sat,BC,18,0,8/17/2024,Trans AM,1,,,Helios,,Visitor,OTB,8,,,,,
2024,8,Sat,BC,18,0,8/17/2024,Transplant,1,,,Helios,,Visitor,OTB,8,,,,,
2024,8,Sat,BC,18,0,8/17/2024,R&R,1,,,Helios,FNG,Home AO,OTB,8,,,,,
2024,8,Sat,BC,18,0,8/17/2024,Catheter,1,,,Helios,,Home AO,OTB,8,,,,,
2024,8,Sat,BC,18,0,8/17/2024,Mickey,1,,,Helios,,Home AO,OTB,8,,,,,
2024,8,Sat,BC,18,0,8/17/2024,Timber,1,,,Helios,,Visitor,OTB,8,,,,,
2024,8,Tue,BC,13,0,8/20/2024,Wahoo!,1,,,Helios,Q,Visitor,OTB,11,,,,,
2024,8,Tue,BC,13,0,8/20/2024,Snacks,1,,,Helios,,Home AO,OTB,11,,,,,
2024,8,Tue,BC,13,0,8/20/2024,Catheter,1,,,Helios,,Home AO,OTB,11,,,,,
2024,8,Tue,BC,13,0,8/20/2024,Mickey,1,,,Helios,,Home AO,OTB,11,,,,,
2024,8,Tue,BC,13,0,8/20/2024,Sugar Daddy,1,,,Helios,FNG,Home AO,OTB,11,,,,,
2024,8,Tue,BC,13,0,8/20/2024,Samurai,1,,,Helios,,Home AO,OTB,11,,,,,
2024,8,Tue,BC,13,0,8/20/2024,Bob Barker,1,,,Helios,,Visitor,OTB,11,,,,,
2024,8,Tue,BC,13,0,8/20/2024,Baywatch,1,,,Helios,,Home AO,OTB,11,,,,,
2024,8,Tue,BC,13,0,8/20/2024,Sparky,1,,,Helios,,Home AO,OTB,11,,,,,
2024,8,Tue,BC,13,0,8/20/2024,CSharp,1,,,Helios,,Home AO,OTB,11,,,,,
2024,8,Tue,BC,13,0,8/20/2024,Kiwi,1,,,Helios,,Home AO,OTB,11,,,,,
2024,8,Tue,BC,13,0,8/20/2024,Kingpin,1,,,Helios,,Home AO,OTB,11,,,,,
2024,8,Tue,BC,13,0,8/20/2024,SunDevil,1,,,Helios,,Home AO,OTB,11,,,,,
2024,8,Thu,BC,14,0,8/22/2024,Jag,1,,,Helios,Q,Visitor,OTB,12,,,,,
2024,8,Thu,BC,14,0,8/22/2024,Mickey,1,,,Helios,,Home AO,OTB,12,,,,,
2024,8,Thu,BC,14,0,8/22/2024,Baywatch,1,,,Helios,,Home AO,OTB,12,,,,,
2024,8,Thu,BC,14,0,8/22/2024,SunDevil,1,,,Helios,,Home AO,OTB,12,,,,,
2024,8,Thu,BC,14,0,8/22/2024,Coach,1,,,Helios,,Home AO,OTB,12,,,,,
2024,8,Thu,BC,14,0,8/22/2024,Kiwi,1,,,Helios,,Home AO,OTB,12,,,,,
2024,8,Thu,BC,14,0,8/22/2024,CSharp,1,,,Helios,,Home AO,OTB,12,,,,,
2024,8,Thu,BC,14,0,8/22/2024,Catheter,1,,,Helios,,Home AO,OTB,12,,,,,
2024,8,Thu,BC,14,0,8/22/2024,Snacks,1,,,Helios,,Home AO,OTB,12,,,,,
2024,8,Thu,BC,14,0,8/22/2024,Sugar Daddy,1,,,Helios,2nd Helpings,Home AO,OTB,12,,,,,
2024,8,Thu,BC,14,0,8/22/2024,Samurai,1,,,Helios,,Home AO,OTB,12,,,,,
2024,8,Thu,BC,14,0,8/22/2024,Weak Sauce,1,,,Helios,,Visitor,OTB,12,,,,,
2024,8,Thu,BC,14,0,8/22/2024,Cobra Kai,1,,,Helios,,Home AO,OTB,12,,,,,
2024,8,Thu,BC,14,0,8/22/2024,CaliBoy,1,,,Helios,,Home AO,OTB,12,,,,,
2024,8,Sat,BC,12,0,8/24/2024,Pi 3.14,1,,,Helios,,Home AO,Station 3 year anniversary ,12,,,,,
2024,8,Sat,BC,12,0,8/24/2024,Baywatch,1,,,Helios,,Home AO,Station 3 year anniversary ,12,,,,,
2024,8,Sat,BC,12,0,8/24/2024,Mickey,1,,,Helios,,Home AO,Station 3 year anniversary ,12,,,,,
2024,8,Sat,BC,12,0,8/24/2024,SunDevil,1,,,Helios,,Home AO,Station 3 year anniversary ,12,,,,,
2024,8,Sat,BC,12,0,8/24/2024,CSharp,1,,,Helios,,Home AO,Station 3 year anniversary ,12,,,,,
2024,8,Sat,BC,12,0,8/24/2024,Snacks,1,,,Helios,,Home AO,Station 3 year anniversary ,12,,,,,
2024,8,Sat,BC,12,0,8/24/2024,Kiwi,1,,,Helios,,Home AO,Station 3 year anniversary ,12,,,,,
2024,8,Sat,BC,12,0,8/24/2024,Mako,1,,,Helios,,Home AO,Station 3 year anniversary ,12,,,,,
2024,8,Sat,BC,12,0,8/24/2024,Sugar Daddy,1,,,Helios,,Home AO,Station 3 year anniversary ,12,,,,,
2024,8,Sat,BC,12,0,8/24/2024,Cobra Kai,1,,,Helios,,Home AO,Station 3 year anniversary ,12,,,,,
2024,8,Sat,BC,12,0,8/24/2024,Samurai,1,,,Helios,,Home AO,Station 3 year anniversary ,12,,,,,
2024,8,Sat,BC,12,0,8/24/2024,Kingpin,1,,,Helios,,Home AO,Station 3 year anniversary ,12,,,,,
2024,8,Tue,BC,14,2,8/27/2024,Blowout,1,,,Helios,,Home AO,OTB,12,,,,,
2024,8,Tue,BC,14,2,8/27/2024,Baywatch,1,,,Helios,,Home AO,OTB,12,,,,,
2024,8,Tue,BC,14,2,8/27/2024,Samurai,1,,,Helios,,Home AO,OTB,12,,,,,
2024,8,Tue,BC,14,2,8/27/2024,Triple Crown,1,,,Helios,,Visitor,OTB,12,,,,,
2024,8,Tue,BC,14,2,8/27/2024,Coach,1,,,Helios,,Home AO,OTB,12,,,,,
2024,8,Tue,BC,14,2,8/27/2024,Kingpin,1,,,Helios,,Home AO,OTB,12,,,,,
2024,8,Tue,BC,14,2,8/27/2024,Mickey,1,,,Helios,,Home AO,OTB,12,,,,,
2024,8,Tue,BC,14,2,8/27/2024,Snacks,1,,,Helios,,Home AO,OTB,12,,,,,
2024,8,Tue,BC,14,2,8/27/2024,CSharp,1,,,Helios,,Home AO,OTB,12,,,,,
2024,8,Tue,BC,14,2,8/27/2024,Catheter,1,,,Helios,,Home AO,OTB,12,,,,,
2024,8,Tue,BC,14,2,8/27/2024,Sugar Daddy,1,,,Helios,,Home AO,OTB,12,,,,,
2024,8,Tue,BC,14,2,8/27/2024,Cobra Kai,1,,,Helios,,Home AO,OTB,12,,,,,
2024,8,Tue,BC,14,2,8/27/2024,Pi 3.14,1,1,Run,Helios,,Home AO,OTB,12,,,,,
2024,8,Tue,BC,14,2,8/27/2024,Seagal,1,1,Run,Helios,Q,Visitor,OTB,12,,,,,
2024,8,Thu,BC,12,0,8/29/2024,Samurai,1,,,Helios,Q,Home AO,OTB,12,,,,,
2024,8,Thu,BC,12,0,8/29/2024,Mako,1,,,Helios,,Home AO,OTB,12,,,,,
2024,8,Thu,BC,12,0,8/29/2024,Catheter,1,,,Helios,,Home AO,OTB,12,,,,,
2024,8,Thu,BC,12,0,8/29/2024,Sugar Daddy,1,,,Helios,,Home AO,OTB,12,,,,,
2024,8,Thu,BC,12,0,8/29/2024,Cobra Kai,1,,,Helios,,Home AO,OTB,12,,,,,
2024,8,Thu,BC,12,0,8/29/2024,Pi 3.14,1,,,Helios,,Home AO,OTB,12,,,,,
2024,8,Thu,BC,12,0,8/29/2024,Baywatch,1,,,Helios,,Home AO,OTB,12,,,,,
2024,8,Thu,BC,12,0,8/29/2024,Blowout,1,,,Helios,,Home AO,OTB,12,,,,,
2024,8,Thu,BC,12,0,8/29/2024,SunDevil,1,,,Helios,,Home AO,OTB,12,,,,,
2024,8,Thu,BC,12,0,8/29/2024,Sparky,1,,,Helios,,Home AO,OTB,12,,,,,
2024,8,Thu,BC,12,0,8/29/2024,CaliBoy,1,,,Helios,,Home AO,OTB,12,,,,,
2024,8,Thu,BC,12,0,8/29/2024,CSharp,1,,,Helios,,Home AO,OTB,12,,,,,
2024,8,Sat,BC,15,6,8/31/2024,Mickey,1,,,Helios,,Home AO,OTB,12,,,,,
2024,8,Sat,BC,15,6,8/31/2024,Mako,1,1,Ruck,Helios,Q,Home AO,OTB,12,,,,,
2024,8,Sat,BC,15,6,8/31/2024,Pi 3.14,1,1,Run,Helios,,Home AO,OTB,12,,,,,
2024,8,Sat,BC,15,6,8/31/2024,Samurai,1,,,Helios,,Home AO,OTB,12,,,,,
2024,8,Sat,BC,15,6,8/31/2024,Twinkie,1,1,Ruck,Helios,,Visitor,OTB,12,,,,,
2024,8,Sat,BC,15,6,8/31/2024,Paper Jam,1,1,Ruck,Helios,,Visitor,OTB,12,,,,,
2024,8,Sat,BC,15,6,8/31/2024,SunDevil,1,,,Helios,,Home AO,OTB,12,,,,,
2024,8,Sat,BC,15,6,8/31/2024,Baywatch,1,,,Helios,,Home AO,OTB,12,,,,,
2024,8,Sat,BC,15,6,8/31/2024,G-unit,1,,,Helios,FNG,Home AO,OTB,12,,,,,
2024,8,Sat,BC,15,6,8/31/2024,Cabana Boy,1,,,Helios,FNG,Home AO,OTB,12,,,,,
2024,8,Sat,BC,15,6,8/31/2024,CaliBoy,1,,,Helios,,Home AO,OTB,12,,,,,
2024,8,Sat,BC,15,6,8/31/2024,Catheter,1,1,Ruck,Helios,,Home AO,OTB,12,,,,,
2024,8,Sat,BC,15,6,8/31/2024,Blowout,1,,,Helios,,Home AO,OTB,12,,,,,
2024,8,Sat,BC,15,6,8/31/2024,Sugar Daddy,1,,,Helios,,Home AO,OTB,12,,,,,
2024,8,Sat,BC,15,6,8/31/2024,Squid,1,1,Ruck,Helios,,Visitor,OTB,12,,,,,
2024,9,Tue,BC,18,0,9/3/2024,Mickey,1,,,Helios,,Home AO,OTB,12,,,,,
2024,9,Tue,BC,18,0,9/3/2024,Snacks,1,,,Helios,,Home AO,OTB,12,,,,,
2024,9,Tue,BC,18,0,9/3/2024,Bunny Slope,1,,,Helios,,Visitor,OTB,12,,,,,
2024,9,Tue,BC,18,0,9/3/2024,CSharp,1,,,Helios,,Home AO,OTB,12,,,,,
2024,9,Tue,BC,18,0,9/3/2024,Pi 3.14,1,,,Helios,,Home AO,OTB,12,,,,,
2024,9,Tue,BC,18,0,9/3/2024,Coach,1,,,Helios,,Home AO,OTB,12,,,,,
2024,9,Tue,BC,18,0,9/3/2024,Blowout,1,,,Helios,,Home AO,OTB,12,,,,,
2024,9,Tue,BC,18,0,9/3/2024,Hydroponic,1,,,Helios,,Home AO,OTB,12,,,,,
2024,9,Tue,BC,18,0,9/3/2024,Drill Bit,1,,,Helios,,Visitor,OTB,12,,,,,
2024,9,Tue,BC,18,0,9/3/2024,Samurai,1,,,Helios,,Home AO,OTB,12,,,,,
2024,9,Tue,BC,18,0,9/3/2024,Baywatch,1,,,Helios,,Home AO,OTB,12,,,,,
2024,9,Tue,BC,18,0,9/3/2024,Sugar Daddy,1,,,Helios,,Home AO,OTB,12,,,,,
2024,9,Tue,BC,18,0,9/3/2024,Catheter,1,,,Helios,,Home AO,OTB,12,,,,,
2024,9,Tue,BC,18,0,9/3/2024,Cobra Kai,1,,,Helios,,Home AO,OTB,12,,,,,
2024,9,Tue,BC,18,0,9/3/2024,Pit Bull,1,,,Helios,,Visitor,OTB,12,,,,,
2024,9,Tue,BC,18,0,9/3/2024,Wrigley,1,,,Helios,,Visitor,OTB,12,,,,,
2024,9,Tue,BC,18,0,9/3/2024,The Closer,1,,,Helios,,Visitor,OTB,12,,,,,
2024,9,Tue,BC,18,0,9/3/2024,Drano,1,,,Helios,Q,Visitor,OTB,12,,,,,
2024,9,Thu,BC,20,1,9/5/2024,Stiltskin,1,1,Run,Helios,Q,Visitor,OTB,13,,,,,
2024,9,Thu,BC,20,1,9/5/2024,HardBack,1,,,Helios,,Visitor,OTB,13,,,,,
2024,9,Thu,BC,20,1,9/5/2024,Kingpin,1,,,Helios,,Home AO,OTB,13,,,,,
2024,9,Thu,BC,20,1,9/5/2024,Snacks,1,,,Helios,,Home AO,OTB,13,,,,,
2024,9,Thu,BC,20,1,9/5/2024,CaliBoy,1,,,Helios,,Home AO,OTB,13,,,,,
2024,9,Thu,BC,20,1,9/5/2024,Uncle Sam,1,,,Helios,,Visitor,OTB,13,,,,,
2024,9,Thu,BC,20,1,9/5/2024,SunDevil,1,,,Helios,,Home AO,OTB,13,,,,,
2024,9,Thu,BC,20,1,9/5/2024,Mickey,1,,,Helios,,Home AO,OTB,13,,,,,
2024,9,Thu,BC,20,1,9/5/2024,Pi 3.14,1,,,Helios,,Home AO,OTB,13,,,,,
2024,9,Thu,BC,20,1,9/5/2024,Mets,1,,,Helios,,Visitor,OTB,13,,,,,
2024,9,Thu,BC,20,1,9/5/2024,Cobra Kai,1,,,Helios,,Home AO,OTB,13,,,,,
2024,9,Thu,BC,20,1,9/5/2024,TailorMade,1,,,Helios,,Visitor,OTB,13,,,,,
2024,9,Thu,BC,20,1,9/5/2024,Catheter,1,,,Helios,,Home AO,OTB,13,,,,,
2024,9,Thu,BC,20,1,9/5/2024,Sugar Daddy,1,,,Helios,,Home AO,OTB,13,,,,,
2024,9,Thu,BC,20,1,9/5/2024,Samurai,1,,,Helios,,Home AO,OTB,13,,,,,
2024,9,Thu,BC,20,1,9/5/2024,Mako,1,,,Helios,,Home AO,OTB,13,,,,,
2024,9,Thu,BC,20,1,9/5/2024,Blowout,1,,,Helios,,Home AO,OTB,13,,,,,
2024,9,Thu,BC,20,1,9/5/2024,Baywatch,1,,,Helios,,Home AO,OTB,13,,,,,
2024,9,Thu,BC,20,1,9/5/2024,Triple Crown,1,,,Helios,,Visitor,OTB,13,,,,,
2024,9,Thu,BC,20,1,9/5/2024,Tiger,1,,,Helios,,Visitor,OTB,13,,,,,
2024,9,Fri,SB,14,1,9/6/2024,SunDevil,1,,,Helios,Q,Home AO,OTB,12,,,,,
2024,9,Fri,SB,14,1,9/6/2024,Mako,1,,,Helios,,Home AO,OTB,12,,,,,
2024,9,Fri,SB,14,1,9/6/2024,TJ Maxx,1,1,Run,Helios,,Visitor,OTB,12,,,,,
2024,9,Fri,SB,14,1,9/6/2024,Blowout,1,,,Helios,,Home AO,OTB,12,,,,,
2024,9,Fri,SB,14,1,9/6/2024,Baywatch,1,,,Helios,,Home AO,OTB,12,,,,,
2024,9,Fri,SB,14,1,9/6/2024,Cobra Kai,1,,,Helios,,Home AO,OTB,12,,,,,
2024,9,Fri,SB,14,1,9/6/2024,Mickey,1,,,Helios,,Home AO,OTB,12,,,,,
2024,9,Fri,SB,14,1,9/6/2024,Catheter,1,,,Helios,,Home AO,OTB,12,,,,,
2024,9,Fri,SB,14,1,9/6/2024,CaliBoy,1,,,Helios,,Home AO,OTB,12,,,,,
2024,9,Fri,SB,14,1,9/6/2024,Kingpin,1,,,Helios,,Home AO,OTB,12,,,,,
2024,9,Fri,SB,14,1,9/6/2024,Switchblade,1,,,Helios,,Visitor,OTB,12,,,,,
2024,9,Fri,SB,14,1,9/6/2024,Pi 3.14,1,,,Helios,,Home AO,OTB,12,,,,,
2024,9,Fri,SB,14,1,9/6/2024,Coach,1,,,Helios,,Home AO,OTB,12,,,,,
2024,9,Fri,SB,14,1,9/6/2024,Snacks,1,,,Helios,,Home AO,OTB,12,,,,,
2024,9,Sat,BC,9,0,9/7/2024,Pi 3.14,1,,,Helios,,Home AO,Crown Launch,9,,,,,
2024,9,Sat,BC,9,0,9/7/2024,Mickey,1,,,Helios,,Home AO,Crown Launch,9,,,,,
2024,9,Sat,BC,9,0,9/7/2024,Catheter,1,,,Helios,,Home AO,Crown Launch,9,,,,,
2024,9,Sat,BC,9,0,9/7/2024,Cobra Kai,1,,,Helios,,Home AO,Crown Launch,9,,,,,
2024,9,Sat,BC,9,0,9/7/2024,CaliBoy,1,,,Helios,,Home AO,Crown Launch,9,,,,,
2024,9,Sat,BC,9,0,9/7/2024,Kingpin,1,,,Helios,,Home AO,Crown Launch,9,,,,,
2024,9,Sat,BC,9,0,9/7/2024,Snacks,1,,,Helios,,Home AO,Crown Launch,9,,,,,
2024,9,Sat,BC,9,0,9/7/2024,Baywatch,1,,,Helios,,Home AO,Crown Launch,9,,,,,
2024,9,Sat,BC,9,0,9/7/2024,CSharp,1,,,Helios,,Home AO,Crown Launch,9,,,,,
2024,9,Tue,BC,15,0,9/10/2024,Samurai,1,,,Helios,,Home AO,OTB,15,,,,,
2024,9,Tue,BC,15,0,9/10/2024,Blowout,1,,,Helios,,Home AO,OTB,15,,,,,
2024,9,Tue,BC,15,0,9/10/2024,CSharp,1,,,Helios,,Home AO,OTB,15,,,,,
2024,9,Tue,BC,15,0,9/10/2024,Pi 3.14,1,,,Helios,,Home AO,OTB,15,,,,,
2024,9,Tue,BC,15,0,9/10/2024,Baywatch,1,,,Helios,,Home AO,OTB,15,,,,,
2024,9,Tue,BC,15,0,9/10/2024,Mako,1,,,Helios,,Home AO,OTB,15,,,,,
2024,9,Tue,BC,15,0,9/10/2024,Catheter,1,,,Helios,,Home AO,OTB,15,,,,,
2024,9,Tue,BC,15,0,9/10/2024,Sugar Daddy,1,,,Helios,,Home AO,OTB,15,,,,,
2024,9,Tue,BC,15,0,9/10/2024,Coach,1,,,Helios,,Home AO,OTB,15,,,,,
2024,9,Tue,BC,15,0,9/10/2024,SunDevil,1,,,Helios,,Home AO,OTB,15,,,,,
2024,9,Tue,BC,15,0,9/10/2024,Marshall,1,,,Helios,,Home AO,OTB,15,,,,,
2024,9,Tue,BC,15,0,9/10/2024,Nutria,1,,,Helios,,Home AO,OTB,15,,,,,
2024,9,Tue,BC,15,0,9/10/2024,Kiwi,1,,,Helios,,Home AO,OTB,15,,,,,
2024,9,Tue,BC,15,0,9/10/2024,Kingpin,1,,,Helios,,Home AO,OTB,15,,,,,
2024,9,Tue,BC,15,0,9/10/2024,Snacks,1,,,Helios,,Home AO,OTB,15,,,,,
2024,9,Thu,BC,13,0,9/12/2024,Baywatch,1,,,Helios,,Home AO,OTB,12,,,,,
2024,9,Thu,BC,13,0,9/12/2024,Blowout,1,,,Helios,,Home AO,OTB,12,,,,,
2024,9,Thu,BC,13,0,9/12/2024,Mako,1,,,Helios,,Home AO,OTB,12,,,,,
2024,9,Thu,BC,13,0,9/12/2024,CSharp,1,,,Helios,,Home AO,OTB,12,,,,,
2024,9,Thu,BC,13,0,9/12/2024,Kiwi,1,,,Helios,,Home AO,OTB,12,,,,,
2024,9,Thu,BC,13,0,9/12/2024,Snacks,1,,,Helios,,Home AO,OTB,12,,,,,
2024,9,Thu,BC,13,0,9/12/2024,Mickey,1,,,Helios,,Home AO,OTB,12,,,,,
2024,9,Thu,BC,13,0,9/12/2024,Pi 3.14,1,,,Helios,,Home AO,OTB,12,,,,,
2024,9,Thu,BC,13,0,9/12/2024,Cobra Kai,1,,,Helios,,Home AO,OTB,12,,,,,
2024,9,Thu,BC,13,0,9/12/2024,Catheter,1,,,Helios,,Home AO,OTB,12,,,,,
2024,9,Thu,BC,13,0,9/12/2024,Sugar Daddy,1,,,Helios,,Home AO,OTB,12,,,,,
2024,9,Thu,BC,13,0,9/12/2024,Samurai,1,,,Helios,,Home AO,OTB,12,,,,,
2024,9,Thu,BC,13,0,9/12/2024,Doctor Strange,1,,,Helios,Q,Visitor,OTB,12,,,,,
2024,9,Fri,SB,10,0,9/13/2024,Pi 3.14,1,,,Helios,Q,Home AO,OTB,9,,,,,
2024,9,Fri,SB,10,0,9/13/2024,Baywatch,1,,,Helios,,Home AO,WOR VQ,9,,,,,
2024,9,Fri,SB,10,0,9/13/2024,Fuego,1,,,Helios,,Visitor,OTB,9,,,,,
2024,9,Fri,SB,10,0,9/13/2024,Coach,1,,,Helios,,Home AO,OTB,9,,,,,
2024,9,Fri,SB,10,0,9/13/2024,Kingpin,1,,,Helios,,Home AO,OTB,9,,,,,
2024,9,Fri,SB,10,0,9/13/2024,Catheter,1,,,Helios,,Home AO,OTB,9,,,,,
2024,9,Fri,SB,10,0,9/13/2024,Sugar Daddy,1,,,Helios,,Home AO,OTB,9,,,,,
2024,9,Fri,SB,10,0,9/13/2024,CSharp,1,,,Helios,,Home AO,OTB,9,,,,,
2024,9,Fri,SB,10,0,9/13/2024,Kiwi,1,,,Helios,,Home AO,OTB,9,,,,,
2024,9,Fri,SB,10,0,9/13/2024,SunDevil,1,,,Helios,,Home AO,OTB,9,,,,,
2024,9,Sat,BC,14,4,9/14/2024,Kingpin,1,,,Helios,,Home AO,OTB,12,,,,,
2024,9,Sat,BC,14,4,9/14/2024,Nike,1,1,Run,Helios,,Home AO,OTB,12,,,,,
2024,9,Sat,BC,14,4,9/14/2024,Cobra Kai,1,,,Helios,,Home AO,OTB,12,,,,,
2024,9,Sat,BC,14,4,9/14/2024,CSharp,1,1,Run,Helios,,Home AO,OTB,12,,,,,
2024,9,Sat,BC,14,4,9/14/2024,Catheter,1,,,Helios,,Home AO,OTB,12,,,,,
2024,9,Sat,BC,14,4,9/14/2024,Sugar Daddy,1,1,Run,Helios,,Home AO,OTB,12,,,,,
2024,9,Sat,BC,14,4,9/14/2024,Baywatch,1,1,Run,Helios,,Home AO,OTB,12,,,,,
2024,9,Sat,BC,14,4,9/14/2024,Mako,1,,,Helios,,Home AO,OTB,12,,,,,
2024,9,Sat,BC,14,4,9/14/2024,CaliBoy,1,,,Helios,,Home AO,OTB,12,,,,,
2024,9,Sat,BC,14,4,9/14/2024,Legolas,1,,,Helios,,Visitor,OTB,12,,,,,
2024,9,Sat,BC,14,4,9/14/2024,Zohan,1,,,Helios,FNG,Home AO,OTB,12,,,,,
2024,9,Sat,BC,14,4,9/14/2024,Nutria,1,,,Helios,,Home AO,OTB,12,,,,,
2024,9,Sat,BC,14,4,9/14/2024,Pi 3.14,1,,,Helios,,Home AO,OTB,12,,,,,
2024,9,Sat,BC,14,4,9/14/2024,Klondike,1,,,Helios,Q,Visitor,OTB,12,,,,,
2024,9,Tue,BC,17,0,9/17/2024,Quikrete,1,,,Helios,Q,Visitor,OTB,13,,,,,
2024,9,Tue,BC,17,0,9/17/2024,MorningWood,1,,,Helios,,Visitor,OTB,13,,,,,
2024,9,Tue,BC,17,0,9/17/2024,DIY,1,,,Helios,,Visitor,OTB,13,,,,,
2024,9,Tue,BC,17,0,9/17/2024,Sam's Club,1,,,Helios,,Visitor,OTB,13,,,,,
2024,9,Tue,BC,17,0,9/17/2024,Nutria,1,,,Helios,,Home AO,OTB,13,,,,,
2024,9,Tue,BC,17,0,9/17/2024,Coach,1,,,Helios,,Home AO,OTB,13,,,,,
2024,9,Tue,BC,17,0,9/17/2024,Pi 3.14,1,,,Helios,,Home AO,OTB,13,,,,,
2024,9,Tue,BC,17,0,9/17/2024,Baywatch,1,,,Helios,,Home AO,OTB,13,,,,,
2024,9,Tue,BC,17,0,9/17/2024,Mickey,1,,,Helios,,Home AO,OTB,13,,,,,
2024,9,Tue,BC,17,0,9/17/2024,Cobra Kai,1,,,Helios,,Home AO,OTB,13,,,,,
2024,9,Tue,BC,17,0,9/17/2024,Snacks,1,,,Helios,,Home AO,OTB,13,,,,,
2024,9,Tue,BC,17,0,9/17/2024,Catheter,1,,,Helios,,Home AO,OTB,13,,,,,
2024,9,Tue,BC,17,0,9/17/2024,SunDevil,1,,,Helios,,Home AO,OTB,13,,,,,
2024,9,Tue,BC,17,0,9/17/2024,CSharp,1,,,Helios,,Home AO,OTB,13,,,,,
2024,9,Tue,BC,17,0,9/17/2024,Blowout,1,,,Helios,,Home AO,OTB,13,,,,,
2024,9,Tue,BC,17,0,9/17/2024,Kingpin,1,,,Helios,,Home AO,OTB,13,,,,,
2024,9,Tue,BC,17,0,9/17/2024,Mako,1,,,Helios,,Home AO,OTB,13,,,,,
2024,9,Thu,BC,17,0,9/19/2024,HardBack,1,,,Helios,,Visitor,OTB,11,,,,,
2024,9,Thu,BC,17,0,9/19/2024,Slater,1,,,Helios,,Visitor,OTB,11,,,,,
2024,9,Thu,BC,17,0,9/19/2024,Switchblade,1,,,Helios,,Visitor,OTB,11,,,,,
2024,9,Thu,BC,17,0,9/19/2024,Quarter,1,,,Helios,,Visitor,OTB,11,,,,,
2024,9,Thu,BC,17,0,9/19/2024,Mickey,1,,,Helios,,Home AO,OTB,11,,,,,
2024,9,Thu,BC,17,0,9/19/2024,Nutria,1,,,Helios,,Home AO,OTB,11,,,,,
2024,9,Thu,BC,17,0,9/19/2024,Catheter,1,,,Helios,,Home AO,OTB,11,,,,,
2024,9,Thu,BC,17,0,9/19/2024,Cobra Kai,1,,,Helios,,Home AO,OTB,11,,,,,
2024,9,Thu,BC,17,0,9/19/2024,Sugar Daddy,1,,,Helios,,Home AO,OTB,11,,,,,
2024,9,Thu,BC,17,0,9/19/2024,Torch,1,,,Helios,,Visitor,OTB,11,,,,,
2024,9,Thu,BC,17,0,9/19/2024,Baywatch,1,,,Helios,,Home AO,OTB,11,,,,,
2024,9,Thu,BC,17,0,9/19/2024,Pi 3.14,1,,,Helios,,Home AO,OTB,11,,,,,
2024,9,Thu,BC,17,0,9/19/2024,Blowout,1,,,Helios,,Home AO,OTB,11,,,,,
2024,9,Thu,BC,17,0,9/19/2024,Foofoo,1,,,Helios,,Home AO,OTB,11,,,,,
2024,9,Thu,BC,17,0,9/19/2024,Tropicana,1,,,Helios,,Home AO,OTB,11,,,,,
2024,9,Thu,BC,17,0,9/19/2024,And1,1,,,Helios,FNG,Home AO,OTB,11,,,,,
2024,9,Thu,BC,17,0,9/19/2024,Triple Crown,1,,,Helios,Q,Visitor,OTB,11,,,,,
2024,9,Fri,SB,11,2,9/20/2024,Fuego,1,,,Helios,Q,Visitor,OTB,9,,,,,
2024,9,Fri,SB,11,2,9/20/2024,SunDevil,1,1,Run,Helios,,Home AO,OTB,9,,,,,
2024,9,Fri,SB,11,2,9/20/2024,Coach,1,,,Helios,,Home AO,OTB,9,,,,,
2024,9,Fri,SB,11,2,9/20/2024,Cobra Kai,1,,,Helios,,Home AO,OTB,9,,,,,
2024,9,Fri,SB,11,2,9/20/2024,Pi 3.14,1,,,Helios,,Home AO,OTB,9,,,,,
2024,9,Fri,SB,11,2,9/20/2024,Catheter,1,,,Helios,,Home AO,OTB,9,,,,,
2024,9,Fri,SB,11,2,9/20/2024,CSharp,1,,,Helios,,Home AO,OTB,9,,,,,
2024,9,Fri,SB,11,2,9/20/2024,Kingpin,1,,,Helios,,Home AO,OTB,9,,,,,
2024,9,Fri,SB,11,2,9/20/2024,Bunny Slope,1,,,Helios,,Visitor,OTB,9,,,,,
2024,9,Fri,SB,11,2,9/20/2024,Mickey,1,1,Run,Helios,,Home AO,VQ Dry Run,9,,,,,
2024,9,Fri,SB,11,2,9/20/2024,Baywatch,1,,,Helios,,Home AO,VQ Dry Run,9,,,,,
2024,9,Sat,BC,10,0,9/21/2024,SunDevil,1,,,Helios,Q,Home AO,OTB,7,,,,,
2024,9,Sat,BC,10,0,9/21/2024,Seagal,1,,,Helios,,Visitor,OTB,7,,,,,
2024,9,Sat,BC,10,0,9/21/2024,Bubbles,1,,,Helios,,Visitor,OTB,7,,,,,
2024,9,Sat,BC,10,0,9/21/2024,Triple Crown,1,,,Helios,,Visitor,OTB,7,,,,,
2024,9,Sat,BC,10,0,9/21/2024,Mickey,1,,,Helios,,Home AO,OTB,7,,,,,
2024,9,Sat,BC,10,0,9/21/2024,Kingpin,1,,,Helios,,Home AO,OTB,7,,,,,
2024,9,Sat,BC,10,0,9/21/2024,CSharp,1,,,Helios,,Home AO,WOR VQ,7,,,,,
2024,9,Sat,BC,10,0,9/21/2024,Cobra Kai,1,,,Helios,,Home AO,OTB,7,,,,,
2024,9,Sat,BC,10,0,9/21/2024,Baywatch,1,,,Helios,,Home AO,OTB,7,,,,,
2024,9,Sat,BC,10,0,9/21/2024,Coach,1,,,Helios,,Home AO,OTB,7,,,,,
2024,9,Tue,BC,18,1,9/24/2024,Baywatch,1,,,Helios,VQ,Home AO,OTB,14,,,,,
2024,9,Tue,BC,18,1,9/24/2024,Cobra Kai,1,,,Helios,,Home AO,OTB,14,,,,,
2024,9,Tue,BC,18,1,9/24/2024,Pi 3.14,1,,,Helios,,Home AO,OTB,14,,,,,
2024,9,Tue,BC,18,1,9/24/2024,Samurai,1,,,Helios,,Home AO,OTB,14,,,,,
2024,9,Tue,BC,18,1,9/24/2024,Zohan,1,,,Helios,,Home AO,OTB,14,,,,,
2024,9,Tue,BC,18,1,9/24/2024,CSharp,1,,,Helios,,Home AO,OTB,14,,,,,
2024,9,Tue,BC,18,1,9/24/2024,Klondike,1,,,Helios,,Visitor,OTB,14,,,,,
2024,9,Tue,BC,18,1,9/24/2024,Seagal,1,,,Helios,,Visitor,OTB,14,,,,,
2024,9,Tue,BC,18,1,9/24/2024,Mickey,1,,,Helios,,Home AO,OTB,14,,,,,
2024,9,Tue,BC,18,1,9/24/2024,Coach,1,,,Helios,,Home AO,OTB,14,,,,,
2024,9,Tue,BC,18,1,9/24/2024,SunDevil,1,,,Helios,,Home AO,OTB,14,,,,,
2024,9,Tue,BC,18,1,9/24/2024,Sugar Daddy,1,,,Helios,,Home AO,OTB,14,,,,,
2024,9,Tue,BC,18,1,9/24/2024,Blowout,1,,,Helios,,Home AO,OTB,14,,,,,
2024,9,Tue,BC,18,1,9/24/2024,Forrest,1,1,Run,Helios,,Visitor,OTB,14,,,,,
2024,9,Tue,BC,18,1,9/24/2024,Catheter,1,,,Helios,,Home AO,OTB,14,,,,,
2024,9,Tue,BC,18,1,9/24/2024,Quarter,1,,,Helios,,Visitor,OTB,14,,,,,
2024,9,Tue,BC,18,1,9/24/2024,Nutria,1,,,Helios,,Home AO,OTB,14,,,,,
2024,9,Tue,BC,18,1,9/24/2024,Kingpin,1,,,Helios,,Home AO,OTB,14,,,,,
2024,9,Thu,BC,8,0,9/26/2024,Mickey,1,,,Helios,Q,Home AO,APFT,8,,,,,
2024,9,Thu,BC,8,0,9/26/2024,Cobra Kai,1,,,Helios,,Home AO,APFT,8,,,,,
2024,9,Thu,BC,8,0,9/26/2024,CSharp,1,,,Helios,,Home AO,APFT,8,,,,,
2024,9,Thu,BC,8,0,9/26/2024,Catheter,1,,,Helios,,Home AO,APFT,8,,,,,
2024,9,Thu,BC,8,0,9/26/2024,Pi 3.14,1,,,Helios,,Home AO,APFT,8,,,,,
2024,9,Thu,BC,8,0,9/26/2024,Baywatch,1,,,Helios,,Home AO,APFT,8,,,,,
2024,9,Thu,BC,8,0,9/26/2024,Sugar Daddy,1,,,Helios,,Home AO,APFT,8,,,,,
2024,9,Thu,BC,8,0,9/26/2024,Kiwi,1,,,Helios,,Home AO,APFT,8,,,,,
2024,9,Fri,SB,12,4,9/27/2024,TJ Maxx,1,1,Run,Helios,Q,Visitor,OTB,9,,,,,
2024,9,Fri,SB,12,4,9/27/2024,Cobra Kai,1,,,Helios,,Home AO,OTB,9,,,,,
2024,9,Fri,SB,12,4,9/27/2024,Snacks,1,1,Run,Helios,,Home AO,OTB,9,,,,,
2024,9,Fri,SB,12,4,9/27/2024,Mickey,1,,,Helios,,Home AO,OTB,9,,,,,
2024,9,Fri,SB,12,4,9/27/2024,Coach,1,,,Helios,,Home AO,OTB,9,,,,,
2024,9,Fri,SB,12,4,9/27/2024,Scratch,1,,,Helios,,Visitor,OTB,9,,,,,
2024,9,Fri,SB,12,4,9/27/2024,CaliBoy,1,,,Helios,,Home AO,OTB,9,,,,,
2024,9,Fri,SB,12,4,9/27/2024,Excel,1,,,Helios,,Visitor,OTB,9,,,,,
2024,9,Fri,SB,12,4,9/27/2024,Hog,1,,,Helios,FNG,Home AO,OTB,9,,,,,
2024,9,Fri,SB,12,4,9/27/2024,Baywatch,1,,,Helios,,Home AO,OTB,9,,,,,
2024,9,Fri,SB,12,4,9/27/2024,Pi 3.14,1,1,Run,Helios,,Home AO,OTB,9,,,,,
2024,9,Fri,SB,12,4,9/27/2024,Sugar Daddy,1,,,Helios,,Home AO,OTB,9,,,,,
2024,9,Sat,BC,8,0,9/28/2024,Pi 3.14,1,,,Helios,Q,Home AO,OTB,8,,,,,
2024,9,Sat,BC,8,0,9/28/2024,CaliBoy,1,,,Helios,,Home AO,OTB,8,,,,,
2024,9,Sat,BC,8,0,9/28/2024,Coach,1,,,Helios,,Home AO,OTB,8,,,,,
2024,9,Sat,BC,8,0,9/28/2024,Cobra Kai,1,,,Helios,,Home AO,OTB,8,,,,,
2024,9,Sat,BC,8,0,9/28/2024,CSharp,1,,,Helios,,Home AO,OTB,8,,,,,
2024,9,Sat,BC,8,0,9/28/2024,Nike,1,,,Helios,,Home AO,OTB,8,,,,,
2024,9,Sat,BC,8,0,9/28/2024,Norteno,1,,,Helios,,Home AO,OTB,8,,,,,
2024,9,Sat,BC,8,0,9/28/2024,Zohan,1,,,Helios,,Home AO,OTB,8,,,,,
2024,10,Tue,BC,12,0,10/1/2024,Excel,1,,,Helios,Q,Visitor,OTB,11,,,,,
2024,10,Tue,BC,12,0,10/1/2024,Mickey,1,,,Helios,,Home AO,OTB,11,,,,,
2024,10,Tue,BC,12,0,10/1/2024,Cobra Kai,1,,,Helios,,Home AO,OTB,11,,,,,
2024,10,Tue,BC,12,0,10/1/2024,Kingpin,1,,,Helios,,Home AO,OTB,11,,,,,
2024,10,Tue,BC,12,0,10/1/2024,Baywatch,1,,,Helios,,Home AO,OTB,11,,,,,
2024,10,Tue,BC,12,0,10/1/2024,Coach,1,,,Helios,,Home AO,OTB,11,,,,,
2024,10,Tue,BC,12,0,10/1/2024,Sugar Daddy,1,,,Helios,,Home AO,OTB,11,,,,,
2024,10,Tue,BC,12,0,10/1/2024,SunDevil,1,,,Helios,,Home AO,OTB,11,,,,,
2024,10,Tue,BC,12,0,10/1/2024,Catheter,1,,,Helios,,Home AO,OTB,11,,,,,
2024,10,Tue,BC,12,0,10/1/2024,CSharp,1,,,Helios,,Home AO,OTB,11,,,,,
2024,10,Tue,BC,12,0,10/1/2024,Samurai,1,,,Helios,,Home AO,OTB,11,,,,,
2024,10,Tue,BC,12,0,10/1/2024,Hog,1,,,Helios,2nd Helpings,Home AO,OTB,11,,,,,
2024,10,Thu,BC,9,0,10/3/2024,Mickey,1,,,Helios,,Home AO,OTB,9,,,,,
2024,10,Thu,BC,9,0,10/3/2024,SunDevil,1,,,Helios,Q,Home AO,OTB,9,,,,,
2024,10,Thu,BC,9,0,10/3/2024,Cobra Kai,1,,,Helios,,Home AO,OTB,9,,,,,
2024,10,Thu,BC,9,0,10/3/2024,Catheter,1,,,Helios,,Home AO,OTB,9,,,,,
2024,10,Thu,BC,9,0,10/3/2024,Sugar Daddy,1,,,Helios,,Home AO,OTB,9,,,,,
2024,10,Thu,BC,9,0,10/3/2024,Kingpin,1,,,Helios,,Home AO,OTB,9,,,,,
2024,10,Thu,BC,9,0,10/3/2024,Marshall,1,,,Helios,,Home AO,OTB,9,,,,,
2024,10,Thu,BC,9,0,10/3/2024,Foofoo,1,,,Helios,,Home AO,OTB,9,,,,,
2024,10,Thu,BC,9,0,10/3/2024,CSharp,1,,,Helios,,Home AO,OTB,9,,,,,
2024,10,Fri,SB,10,0,10/4/2024,Seagal,1,,,Helios,Q,Visitor,OTB,8,,,,,
2024,10,Fri,SB,10,0,10/4/2024,Marshall,1,,,Helios,,Home AO,OTB,8,,,,,
2024,10,Fri,SB,10,0,10/4/2024,Coach,1,,,Helios,,Home AO,OTB,8,,,,,
2024,10,Fri,SB,10,0,10/4/2024,Mickey,1,,,Helios,,Home AO,OTB,8,,,,,
2024,10,Fri,SB,10,0,10/4/2024,Snacks,1,,,Helios,,Home AO,OTB,8,,,,,
2024,10,Fri,SB,10,0,10/4/2024,CSharp,1,,,Helios,,Home AO,OTB,8,,,,,
2024,10,Fri,SB,10,0,10/4/2024,Cobra Kai,1,,,Helios,,Home AO,OTB,8,,,,,
2024,10,Fri,SB,10,0,10/4/2024,Baywatch,1,,,Helios,,Home AO,OTB,8,,,,,
2024,10,Fri,SB,10,0,10/4/2024,Mako,1,,,Helios,,Home AO,OTB,8,,,,,
2024,10,Fri,SB,10,0,10/4/2024,Bunny Slope,1,,,Helios,,Visitor,OTB,8,,,,,
2024,10,Sat,BC,12,0,10/5/2024,Cobra Kai,1,,,Helios,,Home AO,Dry Run,12,,,,,
2024,10,Sat,BC,12,0,10/5/2024,Odd Job,1,,,Helios,FNG,Home AO,Dry Run,12,,,,,
2024,10,Sat,BC,12,0,10/5/2024,CSharp,1,,,Helios,,Home AO,Dry Run,12,,,,,
2024,10,Sat,BC,12,0,10/5/2024,Catheter,1,,,Helios,,Home AO,Dry Run,12,,,,,
2024,10,Sat,BC,12,0,10/5/2024,Samurai,1,,,Helios,,Home AO,Dry Run,12,,,,,
2024,10,Sat,BC,12,0,10/5/2024,Blowout,1,,,Helios,,Home AO,Dry Run,12,,,,,
2024,10,Sat,BC,12,0,10/5/2024,Walter White,1,,,Helios,BB,Home AO,Dry Run,12,,,,,
2024,10,Sat,BC,12,0,10/5/2024,Norteno,1,,,Helios,,Home AO,Dry Run,12,,,,,
2024,10,Sat,BC,12,0,10/5/2024,CaliBoy,1,,,Helios,,Home AO,Dry Run,12,,,,,
2024,10,Sat,BC,12,0,10/5/2024,Coach,1,,,Helios,,Home AO,Dry Run,12,,,,,
2024,10,Sat,BC,12,0,10/5/2024,Snacks,1,,,Helios,,Home AO,Dry Run,12,,,,,
2024,10,Sat,BC,12,0,10/5/2024,Mickey,1,,,Helios,Q,Home AO,Dry Run,12,,,,,
2024,10,Tue,BC,15,1,10/8/2024,SunDevil,1,,,Helios,,Home AO,OTB,12,,,,,
2024,10,Tue,BC,15,1,10/8/2024,Foofoo,1,,,Helios,,Home AO,OTB,12,,,,,
2024,10,Tue,BC,15,1,10/8/2024,Cobra Kai,1,,,Helios,,Home AO,OTB,12,,,,,
2024,10,Tue,BC,15,1,10/8/2024,Hoover,1,,,Helios,,Visitor,OTB,12,,,,,
2024,10,Tue,BC,15,1,10/8/2024,Blowout,1,,,Helios,,Home AO,OTB,12,,,,,
2024,10,Tue,BC,15,1,10/8/2024,Baywatch,1,,,Helios,,Home AO,OTB,12,,,,,
2024,10,Tue,BC,15,1,10/8/2024,CaliBoy,1,,,Helios,,Home AO,OTB,12,,,,,
2024,10,Tue,BC,15,1,10/8/2024,Kingpin,1,,,Helios,,Home AO,OTB,12,,,,,
2024,10,Tue,BC,15,1,10/8/2024,Catheter,1,,,Helios,,Home AO,OTB,12,,,,,
2024,10,Tue,BC,15,1,10/8/2024,Pi 3.14,1,,,Helios,,Home AO,OTB,12,,,,,
2024,10,Tue,BC,15,1,10/8/2024,Mickey,1,,,Helios,,Home AO,OTB,12,,,,,
2024,10,Tue,BC,15,1,10/8/2024,CSharp,1,,,Helios,,Home AO,OTB,12,,,,,
2024,10,Tue,BC,15,1,10/8/2024,King Tut,1,,,Helios,,Visitor,OTB,12,,,,,
2024,10,Tue,BC,15,1,10/8/2024,Toad,1,,,Helios,Q,Visitor,OTB,12,,,,,
2024,10,Tue,BC,15,1,10/8/2024,And1,1,,,Helios,,Home AO,OTB,12,,,,,
2024,10,Thu,BC,15,0,10/10/2024,And1,1,,,Helios,,Home AO,OTB,11,,,,,
2024,10,Thu,BC,15,0,10/10/2024,Pi 3.14,1,,,Helios,,Home AO,OTB,11,,,,,
2024,10,Thu,BC,15,0,10/10/2024,Samurai,1,,,Helios,,Home AO,OTB,11,,,,,
2024,10,Thu,BC,15,0,10/10/2024,Walter White,1,,,Helios,,Home AO,OTB,11,,,,,
2024,10,Thu,BC,15,0,10/10/2024,Triple Crown,1,,,Helios,,Visitor,OTB,11,,,,,
2024,10,Thu,BC,15,0,10/10/2024,Heimlich,1,,,Helios,,Visitor,OTB,11,,,,,
2024,10,Thu,BC,15,0,10/10/2024,CSharp,1,,,Helios,,Home AO,OTB,11,,,,,
2024,10,Thu,BC,15,0,10/10/2024,Foofoo,1,,,Helios,,Home AO,OTB,11,,,,,
2024,10,Thu,BC,15,0,10/10/2024,HardBack,1,,,Helios,,Visitor,OTB,11,,,,,
2024,10,Thu,BC,15,0,10/10/2024,Kingpin,1,,,Helios,,Home AO,OTB,11,,,,,
2024,10,Thu,BC,15,0,10/10/2024,Catheter,1,,,Helios,,Home AO,OTB,11,,,,,
2024,10,Thu,BC,15,0,10/10/2024,Sugar Daddy,1,,,Helios,,Home AO,OTB,11,,,,,
2024,10,Thu,BC,15,0,10/10/2024,Mickey,1,,,Helios,,Home AO,OTB,11,,,,,
2024,10,Thu,BC,15,0,10/10/2024,Cobra Kai,1,,,Helios,,Home AO,OTB,11,,,,,
2024,10,Thu,BC,15,0,10/10/2024,Trans Am,1,,,Helios,Q,Visitor,OTB,11,,,,,
2024,10,Fri,SB,11,1,10/11/2024,Pi 3.14,1,,,Helios,,Home AO,OTB,10,,,,,
2024,10,Fri,SB,11,1,10/11/2024,SunDevil,1,,,Helios,,Home AO,OTB,10,,,,,
2024,10,Fri,SB,11,1,10/11/2024,CSharp,1,,,Helios,,Home AO,OTB,10,,,,,
2024,10,Fri,SB,11,1,10/11/2024,Nutria,1,,,Helios,,Home AO,OTB,10,,,,,
2024,10,Fri,SB,11,1,10/11/2024,CaliBoy,1,,,Helios,,Home AO,OTB,10,,,,,
2024,10,Fri,SB,11,1,10/11/2024,Kingpin,1,,,Helios,,Home AO,OTB,10,,,,,
2024,10,Fri,SB,11,1,10/11/2024,Mickey,1,,,Helios,,Home AO,OTB,10,,,,,
2024,10,Fri,SB,11,1,10/11/2024,Catheter,1,1,Run,Helios,,Home AO,OTB,10,,,,,
2024,10,Fri,SB,11,1,10/11/2024,Napoleon,1,,,Helios,Q,Visitor,OTB,10,,,,,
2024,10,Fri,SB,11,1,10/11/2024,Coach,1,,,Helios,,Home AO,OTB,10,,,,,
2024,10,Fri,SB,11,1,10/11/2024,Cobra Kai,1,,,Helios,,Home AO,OTB,10,,,,,
2024,10,Sat,BC,13,1,10/12/2024,Mickey,1,,,Helios,Q,Home AO,Dry Run,12,,,,,
2024,10,Sat,BC,13,1,10/12/2024,Samurai,1,,,Helios,,Home AO,Dry Run,12,,,,,
2024,10,Sat,BC,13,1,10/12/2024,Pi 3.14,1,,,Helios,,Home AO,Dry Run,12,,,,,
2024,10,Sat,BC,13,1,10/12/2024,Snacks,1,,,Helios,,Home AO,Dry Run,12,,,,,
2024,10,Sat,BC,13,1,10/12/2024,Captain America,1,,,Helios,,Visitor,Dry Run,12,,,,,
2024,10,Sat,BC,13,1,10/12/2024,Catheter,1,1,Run,Helios,,Home AO,Dry Run,12,,,,,
2024,10,Sat,BC,13,1,10/12/2024,Mako,1,,,Helios,,Home AO,Dry Run,12,,,,,
2024,10,Sat,BC,13,1,10/12/2024,Norteno,1,,,Helios,,Home AO,Dry Run,12,,,,,
2024,10,Sat,BC,13,1,10/12/2024,Cobra Kai,1,,,Helios,,Home AO,Dry Run,12,,,,,
2024,10,Sat,BC,13,1,10/12/2024,CSharp,1,,,Helios,,Home AO,Dry Run,12,,,,,
2024,10,Sat,BC,13,1,10/12/2024,Nutria,1,,,Helios,,Home AO,Dry Run,12,,,,,
2024,10,Sat,BC,13,1,10/12/2024,SunDevil,1,,,Helios,,Home AO,Dry Run,12,,,,,
2024,10,Sat,BC,13,1,10/12/2024,Kingpin,1,,,Helios,,Home AO,Dry Run,12,,,,,
2024,10,Tue,BC,13,0,10/15/2024,SunDevil,1,,,Helios,Q,Home AO,Dry Run,13,,,,,
2024,10,Tue,BC,13,0,10/15/2024,CSharp,1,,,Helios,,Home AO,Dry Run,13,,,,,
2024,10,Tue,BC,13,0,10/15/2024,CaliBoy,1,,,Helios,,Home AO,Dry Run,13,,,,,
2024,10,Tue,BC,13,0,10/15/2024,Cobra Kai,1,,,Helios,,Home AO,Dry Run,13,,,,,
2024,10,Tue,BC,13,0,10/15/2024,Blowout,1,,,Helios,,Home AO,Dry Run,13,,,,,
2024,10,Tue,BC,13,0,10/15/2024,Baywatch,1,,,Helios,,Home AO,Dry Run,13,,,,,
2024,10,Tue,BC,13,0,10/15/2024,Mickey,1,,,Helios,,Home AO,Dry Run,13,,,,,
2024,10,Tue,BC,13,0,10/15/2024,Coach,1,,,Helios,,Home AO,Dry Run,13,,,,,
2024,10,Tue,BC,13,0,10/15/2024,Walter White,1,,,Helios,,Home AO,Dry Run,13,,,,,
2024,10,Tue,BC,13,0,10/15/2024,Kingpin,1,,,Helios,,Home AO,Dry Run,13,,,,,
2024,10,Tue,BC,13,0,10/15/2024,Catheter,1,,,Helios,,Home AO,Dry Run,13,,,,,
2024,10,Tue,BC,13,0,10/15/2024,Marshall,1,,,Helios,,Home AO,Dry Run,13,,,,,
2024,10,Tue,BC,13,0,10/15/2024,Samurai,1,,,Helios,,Home AO,Dry Run,13,,,,,
2024,10,Thu,BC,13,0,10/17/2024,Mako,1,,,Helios,,Home AO,Dry Run,11,,,,,
2024,10,Thu,BC,13,0,10/17/2024,Samurai,1,,,Helios,,Home AO,Dry Run,11,,,,,
2024,10,Thu,BC,13,0,10/17/2024,CSharp,1,,,Helios,,Home AO,Flag Steal,11,,,,,
2024,10,Thu,BC,13,0,10/17/2024,Mickey,1,,,Helios,,Home AO,Flag Steal,11,,,,,
2024,10,Thu,BC,13,0,10/17/2024,Triple Crown,1,,,Helios,,Visitor,Flag Steal,11,,,,,
2024,10,Thu,BC,13,0,10/17/2024,HardBack,1,,,Helios,,Visitor,Flag Steal,11,,,,,
2024,10,Thu,BC,13,0,10/17/2024,Catheter,1,,,Helios,,Home AO,Flag Steal,11,,,,,
2024,10,Thu,BC,13,0,10/17/2024,SunDevil,1,,,Helios,,Home AO,Flag Steal,11,,,,,
2024,10,Thu,BC,13,0,10/17/2024,Baywatch,1,,,Helios,,Home AO,Flag Steal,11,,,,,
2024,10,Thu,BC,13,0,10/17/2024,Mr. Myagi,1,,,Helios,FNG,Home AO,Flag Steal,11,,,,,
2024,10,Thu,BC,13,0,10/17/2024,Cobra Kai,1,,,Helios,,Home AO,Flag Steal,11,,,,,
2024,10,Thu,BC,13,0,10/17/2024,Walter White,1,,,Helios,,Home AO,Flag Steal,11,,,,,
2024,10,Thu,BC,13,0,10/17/2024,Sugar Daddy,1,,,Helios,,Home AO,Flag Steal,11,,,,,
2024,10,Fri,SB,8,0,10/18/2024,Cobra Kai,1,,,Helios,,Home AO,Dry Run,8,,,,,
2024,10,Fri,SB,8,0,10/18/2024,Kingpin,1,,,Helios,,Home AO,Dry Run,8,,,,,
2024,10,Fri,SB,8,0,10/18/2024,Sugar Daddy,1,,,Helios,,Home AO,Dry Run,8,,,,,
2024,10,Fri,SB,8,0,10/18/2024,CSharp,1,,,Helios,,Home AO,Dry Run,8,,,,,
2024,10,Fri,SB,8,0,10/18/2024,Catheter,1,,,Helios,,Home AO,Dry Run,8,,,,,
2024,10,Fri,SB,8,0,10/18/2024,Snacks,1,,,Helios,,Home AO,Dry Run,8,,,,,
2024,10,Fri,SB,8,0,10/18/2024,Coach,1,,,Helios,,Home AO,Dry Run,8,,,,,
2024,10,Fri,SB,8,0,10/18/2024,Samurai,1,,,Helios,,Home AO,Dry Run,8,,,,,
2024,10,Sat,BC,12,0,10/19/2024,Pi 3.14,1,,,Helios,,Home AO,Dry Run,12,,,,,
2024,10,Sat,BC,12,0,10/19/2024,Kingpin,1,,,Helios,,Home AO,Dry Run,12,,,,,
2024,10,Sat,BC,12,0,10/19/2024,Cobra Kai,1,,,Helios,,Home AO,Dry Run,12,,,,,
2024,10,Sat,BC,12,0,10/19/2024,Mickey,1,,,Helios,,Home AO,Dry Run,12,,,,,
2024,10,Sat,BC,12,0,10/19/2024,Baywatch,1,,,Helios,,Home AO,Dry Run,12,,,,,
2024,10,Sat,BC,12,0,10/19/2024,Catheter,1,,,Helios,,Home AO,Dry Run,12,,,,,
2024,10,Sat,BC,12,0,10/19/2024,Mako,1,,,Helios,,Home AO,Dry Run,12,,,,,
2024,10,Sat,BC,12,0,10/19/2024,Snacks,1,,,Helios,,Home AO,Dry Run,12,,,,,
2024,10,Sat,BC,12,0,10/19/2024,Samurai,1,,,Helios,,Home AO,Dry Run,12,,,,,
2024,10,Sat,BC,12,0,10/19/2024,CSharp,1,,,Helios,,Home AO,Dry Run,12,,,,,
2024,10,Sat,BC,12,0,10/19/2024,Nutria,1,,,Helios,,Home AO,Dry Run,12,,,,,
2024,10,Sat,BC,12,0,10/19/2024,Walter White,1,,,Helios,,Home AO,Dry Run,12,,,,,
2024,10,Tue,BC,17,0,10/22/2024,Mickey,1,,,Helios,,Home AO,Dry Run,16,,,,,
2024,10,Tue,BC,17,0,10/22/2024,Bob Barker,1,,,Helios,,Visitor,Dry Run,16,,,,,
2024,10,Tue,BC,17,0,10/22/2024,Cobra Kai,1,,,Helios,,Home AO,Dry Run,16,,,,,
2024,10,Tue,BC,17,0,10/22/2024,CSharp,1,,,Helios,,Home AO,Dry Run,16,,,,,
2024,10,Tue,BC,17,0,10/22/2024,Catheter,1,,,Helios,,Home AO,Dry Run,16,,,,,
2024,10,Tue,BC,17,0,10/22/2024,Sugar Daddy,1,,,Helios,,Home AO,Dry Run,16,,,,,
2024,10,Tue,BC,17,0,10/22/2024,Kingpin,1,,,Helios,,Home AO,Dry Run,16,,,,,
2024,10,Tue,BC,17,0,10/22/2024,Walter White,1,,,Helios,,Home AO,Dry Run,16,,,,,
2024,10,Tue,BC,17,0,10/22/2024,Blowout,1,,,Helios,,Home AO,Dry Run,16,,,,,
2024,10,Tue,BC,17,0,10/22/2024,SunDevil,1,,,Helios,,Home AO,Dry Run,16,,,,,
2024,10,Tue,BC,17,0,10/22/2024,Mako,1,,,Helios,,Home AO,Dry Run,16,,,,,
2024,10,Tue,BC,17,0,10/22/2024,Baywatch,1,,,Helios,,Home AO,Dry Run,16,,,,,
2024,10,Tue,BC,17,0,10/22/2024,Marshall,1,,,Helios,,Home AO,Dry Run,16,,,,,
2024,10,Tue,BC,17,0,10/22/2024,Coach,1,,,Helios,,Home AO,Dry Run,16,,,,,
2024,10,Tue,BC,17,0,10/22/2024,Samurai,1,,,Helios,,Home AO,Dry Run,16,,,,,
2024,10,Tue,BC,17,0,10/22/2024,Pi 3.14,1,,,Helios,,Home AO,Dry Run,16,,,,,
2024,10,Tue,BC,17,0,10/22/2024,Nutria,1,,,Helios,,Home AO,Dry Run,16,,,,,
2024,10,Thu,BC,14,0,10/24/2024,Mickey,1,,,Helios,,Home AO,Flag Steal,13,,,,,
2024,10,Thu,BC,14,0,10/24/2024,Timber,1,,,Helios,,Visitor,Flag Steal,13,,,,,
2024,10,Thu,BC,14,0,10/24/2024,SunDevil,1,,,Helios,,Home AO,Flag Steal,13,,,,,
2024,10,Thu,BC,14,0,10/24/2024,Cobra Kai,1,,,Helios,,Home AO,Flag Steal,13,,,,,
2024,10,Thu,BC,14,0,10/24/2024,Baywatch,1,,,Helios,,Home AO,Flag Steal,13,,,,,
2024,10,Thu,BC,14,0,10/24/2024,Pi 3.14,1,,,Helios,,Home AO,Dry Run,13,,,,,
2024,10,Thu,BC,14,0,10/24/2024,Blowout,1,,,Helios,,Home AO,Dry Run,13,,,,,
2024,10,Thu,BC,14,0,10/24/2024,Kingpin,1,,,Helios,,Home AO,Dry Run,13,,,,,
2024,10,Thu,BC,14,0,10/24/2024,CSharp,1,,,Helios,,Home AO,Dry Run,13,,,,,
2024,10,Thu,BC,14,0,10/24/2024,Zohan,1,,,Helios,,Home AO,Dry Run,13,,,,,
2024,10,Thu,BC,14,0,10/24/2024,Samurai,1,,,Helios,,Home AO,Dry Run,13,,,,,
2024,10,Thu,BC,14,0,10/24/2024,Walter White,1,,,Helios,,Home AO,Dry Run,13,,,,,
2024,10,Thu,BC,14,0,10/24/2024,Nutria,1,,,Helios,,Home AO,Dry Run,13,,,,,
2024,10,Thu,BC,14,0,10/24/2024,Mako,1,,,Helios,Q,Home AO,Dry Run,13,,,,,
2024,10,Fri,SB,14,0,10/25/2024,Walter White,1,,,Helios,Q,Home AO,Flag Steal,12,,,,,
2024,10,Fri,SB,14,0,10/25/2024,Mickey,1,,,Helios,,Home AO,Flag Steal,12,,,,,
2024,10,Fri,SB,14,0,10/25/2024,Cobra Kai,1,,,Helios,,Home AO,Flag Steal,12,,,,,
2024,10,Fri,SB,14,0,10/25/2024,Uncle Sam,1,,,Helios,,Visitor,Flag Steal,12,,,,,
2024,10,Fri,SB,14,0,10/25/2024,SunDevil,1,,,Helios,,Home AO,Flag Steal,12,,,,,
2024,10,Fri,SB,14,0,10/25/2024,Timber,1,,,Helios,,Visitor,Flag Steal,12,,,,,
2024,10,Fri,SB,14,0,10/25/2024,CaliBoy,1,,,Helios,,Home AO,Dry Run,12,,,,,
2024,10,Fri,SB,14,0,10/25/2024,Coach,1,,,Helios,,Home AO,Dry Run,12,,,,,
2024,10,Fri,SB,14,0,10/25/2024,CSharp,1,,,Helios,,Home AO,Dry Run,12,,,,,
2024,10,Fri,SB,14,0,10/25/2024,Kingpin,1,,,Helios,,Home AO,Dry Run,12,,,,,
2024,10,Fri,SB,14,0,10/25/2024,Samurai,1,,,Helios,,Home AO,Dry Run,12,,,,,
2024,10,Fri,SB,14,0,10/25/2024,Snacks,1,,,Helios,,Home AO,Dry Run,12,,,,,
2024,10,Fri,SB,14,0,10/25/2024,Zohan,1,,,Helios,,Home AO,Dry Run,12,,,,,
2024,10,Fri,SB,14,0,10/25/2024,Pi 3.14,1,,,Helios,Q,Home AO,Dry Run,12,,,,,
2024,10,Sat,BC,108,17,10/26/2024,Walter White,1,,,Helios,Q,Home AO,Launch,25,,,,,
2024,10,Sat,BC,108,17,10/26/2024,CaliBoy,1,,,Helios,,Home AO,Launch,25,,,,,
2024,10,Sat,BC,108,17,10/26/2024,Blinders,1,,,Helios,,Visitor,Launch,25,,,,,
2024,10,Sat,BC,108,17,10/26/2024,Canadian Bacon,1,,,Helios,,Visitor,Launch,25,,,,,
2024,10,Sat,BC,108,17,10/26/2024,Arepas,1,,,Helios,,Visitor,Launch,25,,,,,
2024,10,Sat,BC,108,17,10/26/2024,Cobra Kai,1,,,Helios,,Home AO,Launch,25,,,,,
2024,10,Sat,BC,108,17,10/26/2024,Cold Turkey,1,,,Helios,,Visitor,Launch,25,,,,,
2024,10,Sat,BC,108,17,10/26/2024,Conductor,1,1,Run,Helios,,Visitor,Launch,25,,,,,
2024,10,Sat,BC,108,17,10/26/2024,Crossbar,1,,,Helios,,Visitor,Launch,25,,,,,
2024,10,Sat,BC,108,17,10/26/2024,Einstein,1,,,Helios,,Visitor,Launch,25,,,,,
2024,10,Sat,BC,108,17,10/26/2024,Skims,1,,,Helios,FNG,Home AO,Launch,25,,,,,
2024,10,Sat,BC,108,17,10/26/2024,Fortune Cookie,1,,,Helios,,Visitor,Launch,25,,,,,
2024,10,Sat,BC,108,17,10/26/2024,Frolf,1,,,Helios,,Visitor,Launch,25,,,,,
2024,10,Sat,BC,108,17,10/26/2024,Futon,1,,,Helios,,Visitor,Launch,25,,,,,
2024,10,Sat,BC,108,17,10/26/2024,Glitch,1,,,Helios,,Visitor,Launch,25,,,,,
2024,10,Sat,BC,108,17,10/26/2024,Legolas,1,,,Helios,,Visitor,Launch,25,,,,,
2024,10,Sat,BC,108,17,10/26/2024,Quikrete,1,,,Helios,,Visitor,Launch,25,,,,,
2024,10,Sat,BC,108,17,10/26/2024,Murtaugh,1,1,Run,Helios,,Visitor,Launch,25,,,,,
2024,10,Sat,BC,108,17,10/26/2024,Pump Jack,1,,,Helios,,Visitor,Launch,25,,,,,
2024,10,Sat,BC,108,17,10/26/2024,Tiger,1,1,Run,Helios,,Visitor,Launch,25,,,,,
2024,10,Sat,BC,108,17,10/26/2024,Zohan,1,,,Helios,,Home AO,Launch,25,,,,,
2024,10,Sat,BC,108,17,10/26/2024,SunDevil,1,,,Helios,Q,Home AO,Launch,25,,,,,
2024,10,Sat,BC,108,17,10/26/2024,Blowout,1,,,Helios,,Home AO,Launch,25,,,,,
2024,10,Sat,BC,108,17,10/26/2024,Bubbles,1,,,Helios,,Visitor,Launch,25,,,,,
2024,10,Sat,BC,108,17,10/26/2024,Catheter,1,,,Helios,,Home AO,Launch,25,,,,,
2024,10,Sat,BC,108,17,10/26/2024,Constructor,1,,,Helios,,Visitor,Launch,25,,,,,
2024,10,Sat,BC,108,17,10/26/2024,Counterfeit,1,,,Helios,,Visitor,Launch,25,,,,,
2024,10,Sat,BC,108,17,10/26/2024,Data 2.0,1,,,Helios,,Visitor,Launch,25,,,,,
2024,10,Sat,BC,108,17,10/26/2024,Dirty Bird,1,1,Run,Helios,,Visitor,Launch,25,,,,,
2024,10,Sat,BC,108,17,10/26/2024,Schmedium,1,,,Helios,FNG,Home AO,Launch,25,,,,,
2024,10,Sat,BC,108,17,10/26/2024,Gumbo,1,,,Helios,,Visitor,Launch,25,,,,,
2024,10,Sat,BC,108,17,10/26/2024,Quarter,1,,,Helios,,Visitor,Launch,25,,,,,
2024,10,Sat,BC,108,17,10/26/2024,Romulus,1,,,Helios,,Visitor,Launch,25,,,,,
2024,10,Sat,BC,108,17,10/26/2024,Tigres,1,,,Helios,,Visitor,Launch,25,,,,,
2024,10,Sat,BC,108,17,10/26/2024,Timber,1,1,Run,Helios,,Visitor,Launch,25,,,,,
2024,10,Sat,BC,108,17,10/26/2024,2 Buck Chuck,1,,,Helios,,Visitor,Launch,25,,,,,
2024,10,Sat,BC,108,17,10/26/2024,Uncle Sam,1,,,Helios,,Visitor,Launch,25,,,,,
2024,10,Sat,BC,108,17,10/26/2024,Khakis,1,,,Helios,Starsky,Home AO,Launch,25,,,,,
2024,10,Sat,BC,108,17,10/26/2024,Bunny Slope,1,,,Helios,Starsky,Visitor,Launch,25,,,,,
2024,10,Sat,BC,108,17,10/26/2024,Kingpin,1,,,Helios,Starsky,Home AO,Launch,25,,,,,
2024,10,Sat,BC,108,17,10/26/2024,Rosetta Stone,1,,,Helios,Starsky,Visitor,Launch,25,,,,,
2024,10,Sat,BC,108,17,10/26/2024,Latex,1,,,Helios,Starsky,Visitor,Launch,25,,,,,
2024,10,Sat,BC,108,17,10/26/2024,No Regrets,1,,,Helios,,Visitor,Launch,25,,,,,
2024,10,Sat,BC,108,17,10/26/2024,Hoover,1,,,Helios,,Visitor,Launch,25,,,,,
2024,10,Sat,BC,108,17,10/26/2024,Samurai,1,,,Helios,Q,Home AO,Launch,25,,,,,
2024,10,Sat,BC,108,17,10/26/2024,Norteno,1,,,Helios,,Home AO,Launch,25,,,,,
2024,10,Sat,BC,108,17,10/26/2024,Asphalt,1,,,Helios,,Visitor,Launch,25,,,,,
2024,10,Sat,BC,108,17,10/26/2024,Nutria,1,1,Ruck,Helios,,Home AO,Launch,25,,,,,
2024,10,Sat,BC,108,17,10/26/2024,Paper Jam,1,,,Helios,,Visitor,Launch,25,,,,,
2024,10,Sat,BC,108,17,10/26/2024,Shutters,1,,,Helios,,Visitor,Launch,25,,,,,
2024,10,Sat,BC,108,17,10/26/2024,Sugar Daddy,1,,,Helios,,Home AO,Launch,25,,,,,
2024,10,Sat,BC,108,17,10/26/2024,Teleprompter,1,,,Helios,,Visitor,Launch,25,,,,,
2024,10,Sat,BC,108,17,10/26/2024,Teller,1,1,Ruck,Helios,,Visitor,Launch,25,,,,,
2024,10,Sat,BC,108,17,10/26/2024,Thunder Chicken,1,,,Helios,,Visitor,Launch,25,,,,,
2024,10,Sat,BC,108,17,10/26/2024,Toothless,1,,,Helios,,Visitor,Launch,25,,,,,
2024,10,Sat,BC,108,17,10/26/2024,Squid,1,1,Ruck,Helios,,Visitor,Launch,25,,,,,
2024,10,Sat,BC,108,17,10/26/2024,Scratch,1,,,Helios,Starsky,Visitor,Launch,25,,,,,
2024,10,Sat,BC,108,17,10/26/2024,Mako,1,,,Helios,Q,Home AO,Launch,25,,,,,
2024,10,Sat,BC,108,17,10/26/2024,Baywatch,1,,,Helios,,Home AO,Launch,25,,,,,
2024,10,Sat,BC,108,17,10/26/2024,Cash,1,,,Helios,,Visitor,Launch,25,,,,,
2024,10,Sat,BC,108,17,10/26/2024,Drill Bit,1,,,Helios,,Visitor,Launch,25,,,,,
2024,10,Sat,BC,108,17,10/26/2024,Excel,1,,,Helios,,Visitor,Launch,25,,,,,
2024,10,Sat,BC,108,17,10/26/2024,Forrest,1,1,Ruck,Helios,,Visitor,Launch,25,,,,,
2024,10,Sat,BC,108,17,10/26/2024,Fuego,1,1,Ruck,Helios,,Visitor,Launch,25,,,,,
2024,10,Sat,BC,108,17,10/26/2024,Jag,1,,,Helios,,Visitor,Launch,25,,,,,
2024,10,Sat,BC,108,17,10/26/2024,Klondike,1,,,Helios,,Visitor,Launch,25,,,,,
2024,10,Sat,BC,108,17,10/26/2024,One Piece,1,,,Helios,,Visitor,Launch,25,,,,,
2024,10,Sat,BC,108,17,10/26/2024,Pastrana,1,,,Helios,,Visitor,Launch,25,,,,,
2024,10,Sat,BC,108,17,10/26/2024,PPE,1,1,Ruck,Helios,,Visitor,Launch,25,,,,,
2024,10,Sat,BC,108,17,10/26/2024,Seagal,1,,,Helios,,Visitor,Launch,25,,,,,
2024,10,Sat,BC,108,17,10/26/2024,Tokyo Drift,1,,,Helios,,Visitor,Launch,25,,,,,
2024,10,Sat,BC,108,17,10/26/2024,TJ Maxx,1,1,Run,Helios,,Visitor,Launch,25,,,,,
2024,10,Sat,BC,108,17,10/26/2024,Pi 3.14,1,,,Helios,Q,Home AO,Launch,25,,,,,
2024,10,Sat,BC,108,17,10/26/2024,Bigmouth,1,1,Run,Helios,,Visitor,Launch,25,,,,,
2024,10,Sat,BC,108,17,10/26/2024,Bob Barker,1,,,Helios,,Visitor,Launch,25,,,,,
2024,10,Sat,BC,108,17,10/26/2024,CSharp,1,,,Helios,,Home AO,Launch,25,,,,,
2024,10,Sat,BC,108,17,10/26/2024,Chips,1,,,Helios,,Visitor,Launch,25,,,,,
2024,10,Sat,BC,108,17,10/26/2024,Double D,1,,,Helios,,Visitor,Launch,25,,,,,
2024,10,Sat,BC,108,17,10/26/2024,Knockout,1,,,Helios,FNG,Home AO,Launch,25,,,,,
2024,10,Sat,BC,108,17,10/26/2024,SaltLife,1,,,Helios,FNG,Home AO,Launch,25,,,,,
2024,10,Sat,BC,108,17,10/26/2024,Karbach,1,,,Helios,,Visitor,Launch,25,,,,,
2024,10,Sat,BC,108,17,10/26/2024,Monopoly,1,,,Helios,,Visitor,Launch,25,,,,,
2024,10,Sat,BC,108,17,10/26/2024,Muppet,1,1,Run,Helios,,Visitor,Launch,25,,,,,
2024,10,Sat,BC,108,17,10/26/2024,Scribe,1,1,Run,Helios,,Visitor,Launch,25,,,,,
2024,10,Sat,BC,108,17,10/26/2024,Snucky,1,,,Helios,,Visitor,Launch,25,,,,,
2024,10,Sat,BC,108,17,10/26/2024,Stirrups (DrG),1,,,Helios,,Visitor,Launch,25,,,,,
2024,10,Sat,BC,108,17,10/26/2024,Thinmint,1,1,Run,Helios,,Visitor,Launch,25,,,,,
2024,10,Sat,BC,108,17,10/26/2024,Wahoo!,1,,,Helios,,Visitor,Launch,25,,,,,
2024,10,Sat,BC,108,17,10/26/2024,Mickey,1,,,Helios,Q,Home AO,Launch,25,,,,,
2024,10,Sat,BC,108,17,10/26/2024,Snacks,1,,,Helios,,Home AO,Launch,25,,,,,
2024,10,Sat,BC,108,17,10/26/2024,Bobwire,1,,,Helios,,Visitor,Launch,25,,,,,
2024,10,Sat,BC,108,17,10/26/2024,Captain America,1,,,Helios,,Visitor,Launch,25,,,,,
2024,10,Sat,BC,108,17,10/26/2024,.decimal,1,,,Helios,,Visitor,Launch,25,,,,,
2024,10,Sat,BC,108,17,10/26/2024,Dozer,1,,,Helios,,Visitor,Launch,25,,,,,
2024,10,Sat,BC,108,17,10/26/2024,Emptynest,1,,,Helios,,Visitor,Launch,25,,,,,
2024,10,Sat,BC,108,17,10/26/2024,Floater,1,,,Helios,,Visitor,Launch,25,,,,,
2024,10,Sat,BC,108,17,10/26/2024,HardBack,1,,,Helios,,Visitor,Launch,25,,,,,
2024,10,Sat,BC,108,17,10/26/2024,Gracie,1,,,Helios,,Visitor,Launch,25,,,,,
2024,10,Sat,BC,108,17,10/26/2024,Lucky Charms,1,,,Helios,,Visitor,Launch,25,,,,,
2024,10,Sat,BC,108,17,10/26/2024,Magellan,1,1,Run,Helios,,Visitor,Launch,25,,,,,
2024,10,Sat,BC,108,17,10/26/2024,Odd Job,1,,,Helios,2nd Helpings,Home AO,Launch,25,,,,,
2024,10,Sat,BC,108,17,10/26/2024,Slushee,1,,,Helios,,Visitor,Launch,25,,,,,
2024,10,Sat,BC,108,17,10/26/2024,Triple Crown,1,,,Helios,,Visitor,Launch,25,,,,,
2024,10,Sat,BC,108,17,10/26/2024,Visor,1,,,Helios,,Visitor,Launch,25,,,,,
2024,10,Sat,BC,108,17,10/26/2024,Drop Zone,1,,,Helios,,Visitor,Launch,25,,,,,
2024,10,Sat,BC,108,17,10/26/2024,Seasplitter,1,,,Helios,,Visitor,Launch,25,,,,,
2024,10,Sat,BC,108,17,10/26/2024,Yellowstone,1,,,Helios,FNG,Home AO,Launch,25,,,,,
2024,10,Sat,BC,108,17,10/26/2024,Wirey,1,,,Helios,,Visitor,Launch,25,,,,,
2024,10,Tue,BC,14,0,10/29/2024,Pi 3.14,1,,,Helios,,Home AO,,12,,,,,
2024,10,Tue,BC,14,0,10/29/2024,Cobra Kai,1,,,Helios,,Home AO,,12,,,,,
2024,10,Tue,BC,14,0,10/29/2024,Blowout,1,,,Helios,,Home AO,,12,,,,,
2024,10,Tue,BC,14,0,10/29/2024,Samurai,1,,,Helios,,Home AO,,12,,,,,
2024,10,Tue,BC,14,0,10/29/2024,Zohan,1,,,Helios,,Home AO,,12,,,,,
2024,10,Tue,BC,14,0,10/29/2024,CSharp,1,,,Helios,,Home AO,,12,,,,,
2024,10,Tue,BC,14,0,10/29/2024,Catheter,1,,,Helios,,Home AO,,12,,,,,
2024,10,Tue,BC,14,0,10/29/2024,Torch,1,,,Helios,,Visitor,,12,,,,,
2024,10,Tue,BC,14,0,10/29/2024,Walter White,1,,,Helios,,Home AO,,12,,,,,
2024,10,Tue,BC,14,0,10/29/2024,Knockout,1,,,Helios,2nd Helpings,Home AO,,12,,,,,
2024,10,Tue,BC,14,0,10/29/2024,Triple Crown,1,,,Helios,,Visitor,,12,,,,,
2024,10,Tue,BC,14,0,10/29/2024,Yellowstone,1,,,Helios,2nd Helpings,Home AO,,12,,,,,
2024,10,Tue,BC,14,0,10/29/2024,And1,1,,,Helios,,Home AO,,12,,,,,
2024,10,Tue,BC,14,0,10/29/2024,Baywatch,1,,,Helios,Q,Home AO,,12,,,,,
2024,10,Thu,BC,13,0,10/31/2024,Pi 3.14,1,,,Helios,,Home AO,,13,,,,,
2024,10,Thu,BC,13,0,10/31/2024,Mickey,1,,,Helios,,Home AO,,13,,,,,
2024,10,Thu,BC,13,0,10/31/2024,CSharp,1,,,Helios,,Home AO,,13,,,,,
2024,10,Thu,BC,13,0,10/31/2024,Blowout,1,,,Helios,,Home AO,,13,,,,,
2024,10,Thu,BC,13,0,10/31/2024,Knockout,1,,,Helios,,Home AO,,13,,,,,
2024,10,Thu,BC,13,0,10/31/2024,Yellowstone,1,,,Helios,,Home AO,,13,,,,,
2024,10,Thu,BC,13,0,10/31/2024,Skims,1,,,Helios,2nd Helpings,Home AO,,13,,,,,
2024,10,Thu,BC,13,0,10/31/2024,Samurai,1,,,Helios,,Home AO,,13,,,,,
2024,10,Thu,BC,13,0,10/31/2024,Baywatch,1,,,Helios,,Home AO,,13,,,,,
2024,10,Thu,BC,13,0,10/31/2024,Cobra Kai,1,,,Helios,,Home AO,,13,,,,,
2024,10,Thu,BC,13,0,10/31/2024,Catheter,1,,,Helios,,Home AO,,13,,,,,
2024,10,Thu,BC,13,0,10/31/2024,Zohan,1,,,Helios,,Home AO,,13,,,,,
2024,10,Thu,BC,13,0,10/31/2024,Walter White,1,,,Helios,Q,Home AO,,13,,,,,
2024,11,Fri,SB,11,0,11/1/2024,Mickey,1,,,Helios,Q,Home AO,,11,,,,,
2024,11,Fri,SB,11,0,11/1/2024,Blowout,1,,,Helios,,Home AO,,11,,,,,
2024,11,Fri,SB,11,0,11/1/2024,Skims,1,,,Helios,,Home AO,,11,,,,,
2024,11,Fri,SB,11,0,11/1/2024,Yellowstone,1,,,Helios,,Home AO,,11,,,,,
2024,11,Fri,SB,11,0,11/1/2024,Zohan,1,,,Helios,,Home AO,,11,,,,,
2024,11,Fri,SB,11,0,11/1/2024,Snacks,1,,,Helios,,Home AO,,11,,,,,
2024,11,Fri,SB,11,0,11/1/2024,Baywatch,1,,,Helios,,Home AO,,11,,,,,
2024,11,Fri,SB,11,0,11/1/2024,Cobra Kai,1,,,Helios,,Home AO,,11,,,,,
2024,11,Fri,SB,11,0,11/1/2024,CSharp,1,,,Helios,,Home AO,,11,,,,,
2024,11,Fri,SB,11,0,11/1/2024,Catheter,1,,,Helios,,Home AO,,11,,,,,
2024,11,Fri,SB,11,0,11/1/2024,Pi 3.14,1,,,Helios,,Home AO,,11,,,,,
2024,11,Sat,BC,13,0,11/2/2024,Pi 3.14,1,,,Helios,,Home AO,Island Anniversary,13,,,,,
2024,11,Sat,BC,13,0,11/2/2024,Walter White,1,,,Helios,,Home AO,Island Anniversary,13,,,,,
2024,11,Sat,BC,13,0,11/2/2024,Mickey,1,,,Helios,,Home AO,Island Anniversary,13,,,,,
2024,11,Sat,BC,13,0,11/2/2024,Catheter,1,,,Helios,,Home AO,Island Anniversary,13,,,,,
2024,11,Sat,BC,13,0,11/2/2024,Cobra Kai,1,,,Helios,,Home AO,Island Anniversary,13,,,,,
2024,11,Sat,BC,13,0,11/2/2024,Blowout,1,,,Helios,,Home AO,Island Anniversary,13,,,,,
2024,11,Sat,BC,13,0,11/2/2024,Snacks,1,,,Helios,,Home AO,Island Anniversary,13,,,,,
2024,11,Sat,BC,13,0,11/2/2024,Baywatch,1,,,Helios,,Home AO,Island Anniversary,13,,,,,
2024,11,Sat,BC,13,0,11/2/2024,Samurai,1,,,Helios,,Home AO,Island Anniversary,13,,,,,
2024,11,Sat,BC,13,0,11/2/2024,SunDevil,1,,,Helios,,Home AO,Island Anniversary,13,,,,,
2024,11,Sat,BC,13,0,11/2/2024,Norteno,1,,,Helios,,Home AO,Island Anniversary,13,,,,,
2024,11,Sat,BC,13,0,11/2/2024,Zohan,1,,,Helios,,Home AO,Island Anniversary,13,,,,,
2024,11,Sat,BC,13,0,11/2/2024,Thunder Squirrel,1,,,Helios,FNG,Home AO,Island Anniversary,13,,,,,
2024,11,Tue,BC,16,0,11/5/2024,Tigres,1,,,Helios,Q,Visitor,,14,,,,,
2024,11,Tue,BC,16,0,11/5/2024,Blowout,1,,,Helios,,Home AO,,14,,,,,
2024,11,Tue,BC,16,0,11/5/2024,Walter White,1,,,Helios,,Home AO,,14,,,,,
2024,11,Tue,BC,16,0,11/5/2024,Thunder Squirrel,1,,,Helios,2nd Helpings,Home AO,,14,,,,,
2024,11,Tue,BC,16,0,11/5/2024,Norteno,1,,,Helios,,Home AO,,14,,,,,
2024,11,Tue,BC,16,0,11/5/2024,Cobra Kai,1,,,Helios,,Home AO,,14,,,,,
2024,11,Tue,BC,16,0,11/5/2024,SunDevil,1,,,Helios,,Home AO,,14,,,,,
2024,11,Tue,BC,16,0,11/5/2024,Pi 3.14,1,,,Helios,,Home AO,,14,,,,,
2024,11,Tue,BC,16,0,11/5/2024,Coach,1,,,Helios,,Home AO,,14,,,,,
2024,11,Tue,BC,16,0,11/5/2024,Hackman,1,,,Helios,,Visitor,,14,,,,,
2024,11,Tue,BC,16,0,11/5/2024,CSharp,1,,,Helios,,Home AO,,14,,,,,
2024,11,Tue,BC,16,0,11/5/2024,Kingpin,1,,,Helios,,Home AO,,14,,,,,
2024,11,Tue,BC,16,0,11/5/2024,Baywatch,1,,,Helios,,Home AO,,14,,,,,
2024,11,Tue,BC,16,0,11/5/2024,Catheter,1,,,Helios,,Home AO,,14,,,,,
2024,11,Tue,BC,16,0,11/5/2024,Mickey,1,,,Helios,,Home AO,,14,,,,,
2024,11,Tue,BC,16,0,11/5/2024,Knockout,1,,,Helios,,Home AO,,14,,,,,
2024,11,Thu,BC,11,0,11/7/2024,Mickey,1,,,Helios,,Home AO,,11,,,,,
2024,11,Thu,BC,11,0,11/7/2024,Thunder Squirrel,1,,,Helios,2nd Helpings,Home AO,,11,,,,,
2024,11,Thu,BC,11,0,11/7/2024,Walter White,1,,,Helios,,Home AO,,11,,,,,
2024,11,Thu,BC,11,0,11/7/2024,Baywatch,1,,,Helios,,Home AO,,11,,,,,
2024,11,Thu,BC,11,0,11/7/2024,Kingpin,1,,,Helios,,Home AO,,11,,,,,
2024,11,Thu,BC,11,0,11/7/2024,Yellowstone,1,,,Helios,,Home AO,,11,,,,,
2024,11,Thu,BC,11,0,11/7/2024,Norteno,1,,,Helios,,Home AO,,11,,,,,
2024,11,Thu,BC,11,0,11/7/2024,Catheter,1,,,Helios,,Home AO,,11,,,,,
2024,11,Thu,BC,11,0,11/7/2024,CSharp,1,,,Helios,,Home AO,,11,,,,,
2024,11,Thu,BC,11,0,11/7/2024,Cobra Kai,1,,,Helios,,Home AO,,11,,,,,
2024,11,Thu,BC,11,0,11/7/2024,Samurai,1,,,Helios,,Home AO,,11,,,,,
2024,11,Fri,SB,8,1,11/8/2024,Baywatch,1,,,Helios,Q,Home AO,,8,,,,,
2024,11,Fri,SB,8,1,11/8/2024,SunDevil,1,,,Helios,,Home AO,,8,,,,,
2024,11,Fri,SB,8,1,11/8/2024,CSharp,1,,,Helios,,Home AO,,8,,,,,
2024,11,Fri,SB,8,1,11/8/2024,Pi 3.14,1,,,Helios,,Home AO,,8,,,,,
2024,11,Fri,SB,8,1,11/8/2024,Coach,1,,,Helios,,Home AO,,8,,,,,
2024,11,Fri,SB,8,1,11/8/2024,Blowout,1,,,Helios,,Home AO,,8,,,,,
2024,11,Fri,SB,8,1,11/8/2024,Samurai,1,,,Helios,,Home AO,,8,,,,,
2024,11,Fri,SB,8,1,11/8/2024,Mako,1,,,Helios,Starsky,Home AO,,8,,,,,
2024,11,Sat,BC,16,0,11/9/2024,Mickey,1,,,Helios,Q,Home AO,,16,,,,,
2024,11,Sat,BC,16,0,11/9/2024,Yellowstone,1,,,Helios,,Home AO,,16,,,,,
2024,11,Sat,BC,16,0,11/9/2024,Blowout,1,,,Helios,,Home AO,,16,,,,,
2024,11,Sat,BC,16,0,11/9/2024,Snacks,1,,,Helios,,Home AO,,16,,,,,
2024,11,Sat,BC,16,0,11/9/2024,Baywatch,1,,,Helios,,Home AO,,16,,,,,
2024,11,Sat,BC,16,0,11/9/2024,Cobra Kai,1,,,Helios,,Home AO,,16,,,,,
2024,11,Sat,BC,16,0,11/9/2024,CSharp,1,,,Helios,,Home AO,,16,,,,,
2024,11,Sat,BC,16,0,11/9/2024,Catheter,1,,,Helios,,Home AO,,16,,,,,
2024,11,Sat,BC,16,0,11/9/2024,Pi 3.14,1,,,Helios,,Home AO,,16,,,,,
2024,11,Sat,BC,16,0,11/9/2024,Norteno,1,,,Helios,,Home AO,,16,,,,,
2024,11,Sat,BC,16,0,11/9/2024,Easy-E,1,,,Helios,,Home AO,,16,,,,,
2024,11,Sat,BC,16,0,11/9/2024,The Boss,1,,,Helios,FNG,Home AO,,16,,,,,
2024,11,Sat,BC,16,0,11/9/2024,Samurai,1,,,Helios,,Home AO,,16,,,,,
2024,11,Sat,BC,16,0,11/9/2024,Kingpin,1,,,Helios,,Home AO,,16,,,,,
2024,11,Sat,BC,16,0,11/9/2024,Walter White,1,,,Helios,,Home AO,,16,,,,,
2024,11,Sat,BC,16,0,11/9/2024,Thunder Squirrel,1,,,Helios,,Home AO,,16,,,,,
2024,11,Tue,BC,15,1,11/12/2024,Drill Bit,1,,,Helios,Q,Visitor,,14,,,,,
2024,11,Tue,BC,15,1,11/12/2024,Cobra Kai,1,,,Helios,,Home AO,,14,,,,,
2024,11,Tue,BC,15,1,11/12/2024,Norteno,1,,,Helios,,Home AO,,14,,,,,
2024,11,Tue,BC,15,1,11/12/2024,Blowout,1,,,Helios,,Home AO,,14,,,,,
2024,11,Tue,BC,15,1,11/12/2024,Walter White,1,,,Helios,,Home AO,,14,,,,,
2024,11,Tue,BC,15,1,11/12/2024,Yellowstone,1,,,Helios,,Home AO,,14,,,,,
2024,11,Tue,BC,15,1,11/12/2024,Baywatch,1,,,Helios,,Home AO,,14,,,,,
2024,11,Tue,BC,15,1,11/12/2024,Skims,1,,,Helios,,Home AO,,14,,,,,
2024,11,Tue,BC,15,1,11/12/2024,Marshall,1,,,Helios,,Home AO,,14,,,,,
2024,11,Tue,BC,15,1,11/12/2024,Kingpin,1,,,Helios,,Home AO,,14,,,,,
2024,11,Tue,BC,15,1,11/12/2024,Mickey,1,,,Helios,,Home AO,,14,,,,,
2024,11,Tue,BC,15,1,11/12/2024,Csharp,1,,,Helios,,Home AO,,14,,,,,
2024,11,Tue,BC,15,1,11/12/2024,Pi 3.14,1,,,Helios,,Home AO,,14,,,,,
2024,11,Tue,BC,15,1,11/12/2024,Catheter,1,1,Run,Helios,,Home AO,,14,,,,,
2024,11,Tue,BC,15,1,11/12/2024,SunDevil,1,,,Helios,,Home AO,,14,,,,,
2024,11,Thu,BC,30,0,11/14/2024,Seagal,1,,,Helios,,Visitor,Flag Steal,9,,,,,
2024,11,Thu,BC,30,0,11/14/2024,Kickflip,1,,,Helios,,Visitor,Flag Steal,9,,,,,
2024,11,Thu,BC,30,0,11/14/2024,Wahoo!,1,,,Helios,,Visitor,Flag Steal,9,,,,,
2024,11,Thu,BC,30,0,11/14/2024,Mickey,1,,,Helios,,Home AO,Flag Steal,9,,,,,
2024,11,Thu,BC,30,0,11/14/2024,TJ Maxx,1,,,Helios,,Visitor,Flag Steal,9,,,,,
2024,11,Thu,BC,30,0,11/14/2024,Jag,1,,,Helios,,Visitor,Flag Steal,9,,,,,
2024,11,Thu,BC,30,0,11/14/2024,Cobra Kai,1,,,Helios,,Home AO,Flag Steal,9,,,,,
2024,11,Thu,BC,30,0,11/14/2024,Norteno,1,,,Helios,,Home AO,Flag Steal,9,,,,,
2024,11,Thu,BC,30,0,11/14/2024,Scratch,1,,,Helios,,Visitor,Flag Steal,9,,,,,
2024,11,Thu,BC,30,0,11/14/2024,Klondike,1,,,Helios,,Visitor,Flag Steal,9,,,,,
2024,11,Thu,BC,30,0,11/14/2024,Space X,1,,,Helios,,Visitor,Flag Steal,9,,,,,
2024,11,Thu,BC,30,0,11/14/2024,Forrest,1,,,Helios,,Visitor,Flag Steal,9,,,,,
2024,11,Thu,BC,30,0,11/14/2024,Glamp,1,,,Helios,,Visitor,Flag Steal,9,,,,,
2024,11,Thu,BC,30,0,11/14/2024,Baywatch,1,,,Helios,,Home AO,Flag Steal,9,,,,,
2024,11,Thu,BC,30,0,11/14/2024,Blowout,1,,,Helios,,Home AO,Flag Steal,9,,,,,
2024,11,Thu,BC,30,0,11/14/2024,Overtime,1,,,Helios,,Visitor,Flag Steal,9,,,,,
2024,11,Thu,BC,30,0,11/14/2024,Weak Sauce,1,,,Helios,,Visitor,Flag Steal,9,,,,,
2024,11,Thu,BC,30,0,11/14/2024,Zohan,1,,,Helios,,Home AO,Flag Steal,9,,,,,
2024,11,Thu,BC,30,0,11/14/2024,Cheney,1,,,Helios,,Visitor,Flag Steal,9,,,,,
2024,11,Thu,BC,30,0,11/14/2024,PPE,1,,,Helios,,Visitor,Flag Steal,9,,,,,
2024,11,Thu,BC,30,0,11/14/2024,Mogul,1,,,Helios,,Visitor,Flag Steal,9,,,,,
2024,11,Thu,BC,30,0,11/14/2024,HardBack,1,,,Helios,,Visitor,Flag Steal,9,,,,,
2024,11,Thu,BC,30,0,11/14/2024,Foofoo,1,,,Helios,,Home AO,Flag Steal,9,,,,,
2024,11,Thu,BC,30,0,11/14/2024,Kingpin,1,,,Helios,,Home AO,Flag Steal,9,,,,,
2024,11,Thu,BC,30,0,11/14/2024,Fajita,1,,,Helios,,Visitor,Flag Steal,9,,,,,
2024,11,Thu,BC,30,0,11/14/2024,Training Wheels,1,,,Helios,,Visitor,Flag Steal,9,,,,,
2024,11,Thu,BC,30,0,11/14/2024,Do Over,1,,,Helios,,Visitor,Flag Steal,9,,,,,
2024,11,Thu,BC,30,0,11/14/2024,Coach,1,,,Helios,,Home AO,Flag Steal,9,,,,,
2024,11,Thu,BC,30,0,11/14/2024,Triple Crown,1,,,Helios,,Visitor,Flag Steal,9,,,,,
2024,11,Thu,BC,30,0,11/14/2024,Striker,1,,,Helios,Q,Visitor,Flag Steal,9,,,,,
2024,11,Fri,SB,9,0,11/15/2024,SunDevil,1,,,Helios,Q,Home AO,,9,,,,,
2024,11,Fri,SB,9,0,11/15/2024,Pi 3.14,1,,,Helios,,Home AO,,9,,,,,
2024,11,Fri,SB,9,0,11/15/2024,Mickey,1,,,Helios,,Home AO,,9,,,,,
2024,11,Fri,SB,9,0,11/15/2024,Kingpin,1,,,Helios,,Home AO,,9,,,,,
2024,11,Fri,SB,9,0,11/15/2024,Yellowstone,1,,,Helios,,Home AO,,9,,,,,
2024,11,Fri,SB,9,0,11/15/2024,CSharp,1,,,Helios,,Home AO,,9,,,,,
2024,11,Fri,SB,9,0,11/15/2024,Marshall,1,,,Helios,,Home AO,,9,,,,,
2024,11,Fri,SB,9,0,11/15/2024,Cobra Kai,1,,,Helios,,Home AO,,9,,,,,
2024,11,Fri,SB,9,0,11/15/2024,Baywatch,1,,,Helios,,Home AO,,9,,,,,
2024,11,Sat,BC,10,0,11/16/2024,The Boss,1,,,Helios,2nd Helpings,Home AO,,10,,,,,
2024,11,Sat,BC,10,0,11/16/2024,Baywatch,1,,,Helios,,Home AO,,10,,,,,
2024,11,Sat,BC,10,0,11/16/2024,Blowout,1,,,Helios,,Home AO,,10,,,,,
2024,11,Sat,BC,10,0,11/16/2024,Coach,1,,,Helios,,Home AO,,10,,,,,
2024,11,Sat,BC,10,0,11/16/2024,Cobra Kai,1,,,Helios,,Home AO,,10,,,,,
2024,11,Sat,BC,10,0,11/16/2024,CSharp,1,,,Helios,,Home AO,,10,,,,,
2024,11,Sat,BC,10,0,11/16/2024,Mickey,1,,,Helios,,Home AO,,10,,,,,
2024,11,Sat,BC,10,0,11/16/2024,Skims,1,,,Helios,,Home AO,,10,,,,,
2024,11,Sat,BC,10,0,11/16/2024,Snacks,1,,,Helios,,Home AO,,10,,,,,
2024,11,Sat,BC,10,0,11/16/2024,Pi 3.14,1,,,Helios,Q,Home AO,,10,,,,,
2024,11,Tue,BC,10,0,11/19/2024,SunDevil,1,,,Helios,Q,Home AO,,10,,,,,
2024,11,Tue,BC,10,0,11/19/2024,Pi 3.14,1,,,Helios,,Home AO,,10,,,,,
2024,11,Tue,BC,10,0,11/19/2024,Mickey,1,,,Helios,,Home AO,,10,,,,,
2024,11,Tue,BC,10,0,11/19/2024,Sugar Daddy,1,,,Helios,,Home AO,,10,,,,,
2024,11,Tue,BC,10,0,11/19/2024,Cobra Kai,1,,,Helios,,Home AO,,10,,,,,
2024,11,Tue,BC,10,0,11/19/2024,And1,1,,,Helios,,Home AO,,10,,,,,
2024,11,Tue,BC,10,0,11/19/2024,Cook Book,1,,,Helios,FNG,Home AO,,10,,,,,
2024,11,Tue,BC,10,0,11/19/2024,Baywatch,1,,,Helios,,Home AO,,10,,,,,
2024,11,Tue,BC,10,0,11/19/2024,CSharp,1,,,Helios,,Home AO,,10,,,,,
2024,11,Tue,BC,10,0,11/19/2024,Marshall,1,,,Helios,,Home AO,,10,,,,,
2024,11,Thu,BC,13,0,11/21/2024,Blowout,1,,,Helios,,Home AO,Blowout VQ,12,,,,,
2024,11,Thu,BC,13,0,11/21/2024,Baywatch,1,,,Helios,,Home AO,Blowout VQ,12,,,,,
2024,11,Thu,BC,13,0,11/21/2024,Mako,1,,,Helios,,Home AO,Blowout VQ,12,,,,,
2024,11,Thu,BC,13,0,11/21/2024,Triple Crown,1,,,Helios,,Visitor,Blowout VQ,12,,,,,
2024,11,Thu,BC,13,0,11/21/2024,Kingpin,1,,,Helios,,Home AO,Blowout VQ,12,,,,,
2024,11,Thu,BC,13,0,11/21/2024,Marshall,1,,,Helios,,Home AO,Blowout VQ,12,,,,,
2024,11,Thu,BC,13,0,11/21/2024,Coach,1,,,Helios,,Home AO,Blowout VQ,12,,,,,
2024,11,Thu,BC,13,0,11/21/2024,Yellowstone,1,,,Helios,,Home AO,Blowout VQ,12,,,,,
2024,11,Thu,BC,13,0,11/21/2024,Pi 3.14,1,,,Helios,,Home AO,Blowout VQ,12,,,,,
2024,11,Thu,BC,13,0,11/21/2024,Cobra Kai,1,,,Helios,,Home AO,Blowout VQ,12,,,,,
2024,11,Thu,BC,13,0,11/21/2024,Mickey,1,,,Helios,,Home AO,Blowout VQ,12,,,,,
2024,11,Thu,BC,13,0,11/21/2024,Walter White,1,,,Helios,,Home AO,Blowout VQ,12,,,,,
2024,11,Thu,BC,13,0,11/21/2024,CSharp,1,,,Helios,,Home AO,Blowout VQ,12,,,,,
2024,11,Fri,SB,11,0,11/22/2024,CSharp,1,,,Helios,VQ,Home AO,CSharp VQ,11,,,,,
2024,11,Fri,SB,11,0,11/22/2024,Pi 3.14,1,,,Helios,,Home AO,CSharp VQ,11,,,,,
2024,11,Fri,SB,11,0,11/22/2024,Kingpin,1,,,Helios,,Home AO,CSharp VQ,11,,,,,
2024,11,Fri,SB,11,0,11/22/2024,Blowout,1,,,Helios,,Home AO,CSharp VQ,11,,,,,
2024,11,Fri,SB,11,0,11/22/2024,Yellowstone,1,,,Helios,,Home AO,CSharp VQ,11,,,,,
2024,11,Fri,SB,11,0,11/22/2024,Mickey,1,,,Helios,,Home AO,CSharp VQ,11,,,,,
2024,11,Fri,SB,11,0,11/22/2024,Cobra Kai,1,,,Helios,,Home AO,CSharp VQ,11,,,,,
2024,11,Fri,SB,11,0,11/22/2024,Baywatch,1,,,Helios,,Home AO,CSharp VQ,11,,,,,
2024,11,Fri,SB,11,0,11/22/2024,SunDevil,1,,,Helios,,Home AO,CSharp VQ,11,,,,,
2024,11,Fri,SB,11,0,11/22/2024,Zohan,1,,,Helios,,Home AO,CSharp VQ,11,,,,,
2024,11,Fri,SB,11,0,11/22/2024,Snacks,1,,,Helios,,Home AO,CSharp VQ,11,,,,,
2024,11,Sat,BC,12,0,11/23/2024,Mr. Clean,1,,,Helios,,Visitor,Flag Steal,4,,,,,
2024,11,Sat,BC,12,0,11/23/2024,Tiger,1,,,Helios,,Visitor,Flag Steal,4,,,,,
2024,11,Sat,BC,12,0,11/23/2024,Baywatch,1,,,Helios,,Home AO,Flag Steal,4,,,,,
2024,11,Sat,BC,12,0,11/23/2024,Quarter,1,,,Helios,,Visitor,Flag Steal,4,,,,,
2024,11,Sat,BC,12,0,11/23/2024,Samurai,1,,,Helios,,Home AO,Flag Steal,4,,,,,
2024,11,Sat,BC,12,0,11/23/2024,Drill Bit,1,,,Helios,,Visitor,Flag Steal,4,,,,,
2024,11,Sat,BC,12,0,11/23/2024,Hardback,1,,,Helios,,Visitor,Flag Steal,4,,,,,
2024,11,Sat,BC,12,0,11/23/2024,CSharp,1,,,Helios,,Home AO,Flag Steal,4,,,,,
2024,11,Sat,BC,12,0,11/23/2024,Switchblade,1,,,Helios,,Visitor,Flag Steal,4,,,,,
2024,11,Sat,BC,12,0,11/23/2024,Toro,1,,,Helios,,Visitor,Flag Steal,4,,,,,
2024,11,Sat,BC,12,0,11/23/2024,Kingpin,1,,,Helios,,Home AO,Flag Steal,4,,,,,
2024,11,Sat,BC,12,0,11/23/2024,Triple Crown,1,,,Helios,Q,Visitor,Flag Steal,4,,,,,
2024,11,Tue,BC,9,0,11/26/2024,And1,1,,,Helios,,Home AO,,9,,,,,
2024,11,Tue,BC,9,0,11/26/2024,CSharp,1,,,Helios,,Home AO,,9,,,,,
2024,11,Tue,BC,9,0,11/26/2024,Mickey,1,,,Helios,,Home AO,,9,,,,,
2024,11,Tue,BC,9,0,11/26/2024,Blowout,1,,,Helios,,Home AO,,9,,,,,
2024,11,Tue,BC,9,0,11/26/2024,SunDevil,1,,,Helios,,Home AO,,9,,,,,
2024,11,Tue,BC,9,0,11/26/2024,Norteno,1,,,Helios,,Home AO,,9,,,,,
2024,11,Tue,BC,9,0,11/26/2024,Yellowstone,1,,,Helios,,Home AO,,9,,,,,
2024,11,Tue,BC,9,0,11/26/2024,Cobra Kai,1,,,Helios,,Home AO,,9,,,,,
2024,11,Tue,BC,9,0,11/26/2024,Baywatch,1,,,Helios,Q,Home AO,,9,,,,,
2024,11,Thu,BC,34,12,11/28/2024,Mickey,1,,,Helios,,Home AO,,8,,,,,
2024,11,Thu,BC,34,12,11/28/2024,Waffle,1,1,Run,Helios,,Visitor,,8,,,,,
2024,11,Thu,BC,34,12,11/28/2024,Nasdaq,1,1,Run,Helios,,Visitor,,8,,,,,
2024,11,Thu,BC,34,12,11/28/2024,Tigres,1,1,Run,Helios,,Visitor,,8,,,,,
2024,11,Thu,BC,34,12,11/28/2024,Paperwork,1,,,Helios,,Visitor,,8,,,,,
2024,11,Thu,BC,34,12,11/28/2024,Banana Pancakes,1,,,Helios,,Visitor,,8,,,,,
2024,11,Thu,BC,34,12,11/28/2024,Check Engine,1,,,Helios,,Visitor,,8,,,,,
2024,11,Thu,BC,34,12,11/28/2024,Sparky,1,,,Helios,,Home AO,,8,,,,,
2024,11,Thu,BC,34,12,11/28/2024,Hang Loose,1,,,Helios,,Visitor,,8,,,,,
2024,11,Thu,BC,34,12,11/28/2024,Double D,1,,,Helios,,Visitor,,8,,,,,
2024,11,Thu,BC,34,12,11/28/2024,Fuego,1,1,Run,Helios,,Visitor,,8,,,,,
2024,11,Thu,BC,34,12,11/28/2024,Electro,1,,,Helios,,Visitor,,8,,,,,
2024,11,Thu,BC,34,12,11/28/2024,Norteno,1,,,Helios,,Home AO,,8,,,,,
2024,11,Thu,BC,34,12,11/28/2024,Latex,1,1,Run,Helios,,Visitor,,8,,,,,
2024,11,Thu,BC,34,12,11/28/2024,"Lobotomy, MD",1,,,Helios,,Visitor,,8,,,,,
2024,11,Thu,BC,34,12,11/28/2024,Fortune Cookie,1,1,Run,Helios,,Visitor,,8,,,,,
2024,11,Thu,BC,34,12,11/28/2024,Kitt,1,,,Helios,,Visitor,,8,,,,,
2024,11,Thu,BC,34,12,11/28/2024,Walter White,1,,,Helios,,Home AO,,8,,,,,
2024,11,Thu,BC,34,12,11/28/2024,Bubbles,1,,,Helios,,Visitor,,8,,,,,
2024,11,Thu,BC,34,12,11/28/2024,Parmesan,1,1,Run,Helios,,Visitor,,8,,,,,
2024,11,Thu,BC,34,12,11/28/2024,Linguini,1,1,Run,Helios,,Visitor,,8,,,,,
2024,11,Thu,BC,34,12,11/28/2024,Gracie,1,,,Helios,,Visitor,,8,,,,,
2024,11,Thu,BC,34,12,11/28/2024,Monopoly,1,1,Run,Helios,,Visitor,,8,,,,,
2024,11,Thu,BC,34,12,11/28/2024,Open Hole,1,,,Helios,,Visitor,,8,,,,,
2024,11,Thu,BC,34,12,11/28/2024,Clover,1,,,Helios,,Visitor,,8,,,,,
2024,11,Thu,BC,34,12,11/28/2024,Don Flamenco,1,,,Helios,,Visitor,,8,,,,,
2024,11,Thu,BC,34,12,11/28/2024,Baywatch,1,,,Helios,,Home AO,,8,,,,,
2024,11,Thu,BC,34,12,11/28/2024,Joints,1,,,Helios,,Visitor,,8,,,,,
2024,11,Thu,BC,34,12,11/28/2024,Snacks,1,1,Run,Helios,,Home AO,,8,,,,,
2024,11,Thu,BC,34,12,11/28/2024,Escobar,1,,,Helios,,Visitor,,8,,,,,
2024,11,Thu,BC,34,12,11/28/2024,Cobra Kai,1,,,Helios,,Home AO,,8,,,,,
2024,11,Thu,BC,34,12,11/28/2024,CSharp,1,,,Helios,,Home AO,,8,,,,,
2024,11,Thu,BC,34,12,11/28/2024,Bigmouth,1,1,Run,Helios,Q,Visitor,,8,,,,,
2024,11,Thu,BC,34,12,11/28/2024,Canuck,1,1,Run,Helios,,Visitor,,8,,,,,
2024,11,Fri,SB,5,0,11/29/2024,Mickey,1,,,Helios,Q,Home AO,,4,,,,,
2024,11,Fri,SB,5,0,11/29/2024,Cobra Kai,1,,,Helios,,Home AO,,4,,,,,
2024,11,Fri,SB,5,0,11/29/2024,Baywatch,1,,,Helios,,Home AO,,4,,,,,
2024,11,Fri,SB,5,0,11/29/2024,SunDevil,1,,,Helios,,Home AO,,4,,,,,
2024,11,Fri,SB,5,0,11/29/2024,Drill Bit,1,,,Helios,,Visitor,,4,,,,,
2024,11,Sat,BC,15,1,11/30/2024,Latex,1,,,Helios,Q,Visitor,Cornerstone Convergence,8,,,,,
2024,11,Sat,BC,15,1,11/30/2024,Wahoo!,1,,,Helios,,Visitor,Cornerstone Convergence,8,,,,,
2024,11,Sat,BC,15,1,11/30/2024,Mickey,1,,,Helios,,Home AO,Cornerstone Convergence,8,,,,,
2024,11,Sat,BC,15,1,11/30/2024,Cobra Kai,1,,,Helios,,Home AO,Cornerstone Convergence,8,,,,,
2024,11,Sat,BC,15,1,11/30/2024,Tigres,1,,,Helios,,Visitor,Cornerstone Convergence,8,,,,,
2024,11,Sat,BC,15,1,11/30/2024,Joints,1,,,Helios,,Visitor,Cornerstone Convergence,8,,,,,
2024,11,Sat,BC,15,1,11/30/2024,Baywatch,1,,,Helios,,Home AO,Cornerstone Convergence,8,,,,,
2024,11,Sat,BC,15,1,11/30/2024,Open Hole,1,,,Helios,,Visitor,Cornerstone Convergence,8,,,,,
2024,11,Sat,BC,15,1,11/30/2024,Double D,1,,,Helios,,Visitor,Cornerstone Convergence,8,,,,,
2024,11,Sat,BC,15,1,11/30/2024,Walter White,1,,,Helios,,Home AO,Cornerstone Convergence,8,,,,,
2024,11,Sat,BC,15,1,11/30/2024,CSharp,1,,,Helios,,Home AO,Cornerstone Convergence,8,,,,,
2024,11,Sat,BC,15,1,11/30/2024,SaltLife,1,,,Helios,,Home AO,Cornerstone Convergence,8,,,,,
2024,11,Sat,BC,15,1,11/30/2024,Norteno,1,,,Helios,,Home AO,Cornerstone Convergence,8,,,,,
2024,11,Sat,BC,15,1,11/30/2024,Kingpin,1,,,Helios,,Home AO,Cornerstone Convergence,8,,,,,
2024,11,Sat,BC,15,1,11/30/2024,Fortune Cookie,1,1,Run,Helios,,Visitor,Cornerstone Convergence,8,,,,,
2024,12,Tue,BC,11,0,12/3/2024,CSharp,1,,,Helios,,Home AO,,10,,,,,
2024,12,Tue,BC,11,0,12/3/2024,Catheter,1,,,Helios,,Home AO,,10,,,,,
2024,12,Tue,BC,11,0,12/3/2024,Mickey,1,,,Helios,,Home AO,,10,,,,,
2024,12,Tue,BC,11,0,12/3/2024,Cobra Kai,1,,,Helios,,Home AO,,10,,,,,
2024,12,Tue,BC,11,0,12/3/2024,Baywatch,1,,,Helios,,Home AO,,10,,,,,
2024,12,Tue,BC,11,0,12/3/2024,Kingpin,1,,,Helios,,Home AO,,10,,,,,
2024,12,Tue,BC,11,0,12/3/2024,Marshall,1,,,Helios,,Home AO,,10,,,,,
2024,12,Tue,BC,11,0,12/3/2024,SunDevil,1,,,Helios,,Home AO,,10,,,,,
2024,12,Tue,BC,11,0,12/3/2024,Coach,1,,,Helios,,Home AO,,10,,,,,
2024,12,Tue,BC,11,0,12/3/2024,Scrum,1,,,Helios,Q,Visitor,,10,,,,,
2024,12,Tue,BC,11,0,12/3/2024,Walter White,1,,,Helios,,Home AO,,10,,,,,
2024,12,Thu,BC,6,0,12/5/2024,Mickey,1,,,Helios,Q,Home AO,,6,,,,,
2024,12,Thu,BC,6,0,12/5/2024,Kingpin,1,,,Helios,,Home AO,,6,,,,,
2024,12,Thu,BC,6,0,12/5/2024,Walter White,1,,,Helios,,Home AO,,6,,,,,
2024,12,Thu,BC,6,0,12/5/2024,Cobra Kai,1,,,Helios,,Home AO,,6,,,,,
2024,12,Thu,BC,6,0,12/5/2024,Catheter,1,,,Helios,,Home AO,,6,,,,,
2024,12,Thu,BC,6,0,12/5/2024,CSharp,1,,,Helios,,Home AO,,6,,,,,
2024,12,Fri,SB,6,1,12/6/2024,Mickey,1,,,Helios,,Home AO,,5,,,,,
2024,12,Fri,SB,6,1,12/6/2024,Kingpin,1,,,Helios,,Home AO,,5,,,,,
2024,12,Fri,SB,6,1,12/6/2024,Coach,1,,,Helios,,Home AO,,5,,,,,
2024,12,Fri,SB,6,1,12/6/2024,Cobra Kai,1,,,Helios,,Home AO,,5,,,,,
2024,12,Fri,SB,6,1,12/6/2024,Baywatch,1,,,Helios,,Home AO,,5,,,,,
2024,12,Fri,SB,6,1,12/6/2024,Stiltskin,1,1,Run,Helios,Q,Visitor,,5,,,,,
2024,12,Sat,BC,6,0,12/7/2024,CSharp,1,,,Helios,,Home AO,,6,,,,,
2024,12,Sat,BC,6,0,12/7/2024,Nutria,1,,,Helios,,Home AO,,6,,,,,
2024,12,Sat,BC,6,0,12/7/2024,Cobra Kai,1,,,Helios,,Home AO,,6,,,,,
2024,12,Sat,BC,6,0,12/7/2024,Mickey,1,,,Helios,,Home AO,,6,,,,,
2024,12,Sat,BC,6,0,12/7/2024,Kingpin,1,,,Helios,,Home AO,,6,,,,,
2024,12,Sat,BC,6,0,12/7/2024,Samurai,1,,,Helios,Q,Home AO,,6,,,,,
2024,12,Tue,BC,8,0,12/10/2024,Pi 3.14,1,,,Helios,Q,Home AO,,8,,,,,
2024,12,Tue,BC,8,0,12/10/2024,Catheter,1,,,Helios,,Home AO,,8,,,,,
2024,12,Tue,BC,8,0,12/10/2024,CSharp,1,,,Helios,,Home AO,,8,,,,,
2024,12,Tue,BC,8,0,12/10/2024,Mickey,1,,,Helios,,Home AO,,8,,,,,
2024,12,Tue,BC,8,0,12/10/2024,Walter White,1,,,Helios,,Home AO,,8,,,,,
2024,12,Tue,BC,8,0,12/10/2024,SunDevil,1,,,Helios,,Home AO,,8,,,,,
2024,12,Tue,BC,8,0,12/10/2024,Cobra Kai,1,,,Helios,,Home AO,,8,,,,,
2024,12,Tue,BC,8,0,12/10/2024,Yellowstone,1,,,Helios,,Home AO,,8,,,,,
2024,12,Thu,BC,7,0,12/12/2024,Walter White,1,,,Helios,Q,Home AO,,7,,,,,
2024,12,Thu,BC,7,0,12/12/2024,Pi 3.14,1,,,Helios,,Home AO,,7,,,,,
2024,12,Thu,BC,7,0,12/12/2024,Mickey,1,,,Helios,,Home AO,,7,,,,,
2024,12,Thu,BC,7,0,12/12/2024,Kingpin,1,,,Helios,,Home AO,,7,,,,,
2024,12,Thu,BC,7,0,12/12/2024,CSharp,1,,,Helios,,Home AO,,7,,,,,
2024,12,Thu,BC,7,0,12/12/2024,Yellowstone,1,,,Helios,,Home AO,,7,,,,,
2024,12,Thu,BC,7,0,12/12/2024,Cobra Kai,1,,,Helios,,Home AO,,7,,,,,
2024,12,Fri,SB,8,2,12/13/2024,Mickey,1,,,Helios,Q,Home AO,,8,,,,,
2024,12,Fri,SB,8,2,12/13/2024,Marshall,1,1,Run,Helios,,Home AO,,8,,,,,
2024,12,Fri,SB,8,2,12/13/2024,Snacks,1,1,Run,Helios,,Home AO,,8,,,,,
2024,12,Fri,SB,8,2,12/13/2024,Pi 3.14,1,,,Helios,,Home AO,,8,,,,,
2024,12,Fri,SB,8,2,12/13/2024,Kingpin,1,,,Helios,,Home AO,,8,,,,,
2024,12,Fri,SB,8,2,12/13/2024,Cobra Kai,1,,,Helios,,Home AO,,8,,,,,
2024,12,Fri,SB,8,2,12/13/2024,Yellowstone,1,,,Helios,,Home AO,,8,,,,,
2024,12,Fri,SB,8,2,12/13/2024,Walter White,1,,,Helios,,Home AO,,8,,,,,
2024,12,Sat,BC,10,0,12/14/2024,Pi 3.14,1,,,Helios,Q,Home AO,,10,,,,,
2024,12,Sat,BC,10,0,12/14/2024,Cobra Kai,1,,,Helios,,Home AO,,10,,,,,
2024,12,Sat,BC,10,0,12/14/2024,Apples,1,,,Helios,,Home AO,,10,,,,,
2024,12,Sat,BC,10,0,12/14/2024,CSharp,1,,,Helios,,Home AO,,10,,,,,
2024,12,Sat,BC,10,0,12/14/2024,Mickey,1,,,Helios,,Home AO,,10,,,,,
2024,12,Sat,BC,10,0,12/14/2024,Moose 88,1,,,Helios,,Home AO,,10,,,,,
2024,12,Sat,BC,10,0,12/14/2024,Nutria,1,,,Helios,,Home AO,,10,,,,,
2024,12,Sat,BC,10,0,12/14/2024,Samurai,1,,,Helios,,Home AO,,10,,,,,
2024,12,Sat,BC,10,0,12/14/2024,Snacks,1,,,Helios,,Home AO,,10,,,,,
2024,12,Sat,BC,10,0,12/14/2024,Walter White,1,,,Helios,,Home AO,,10,,,,,
2024,12,Tue,BC,11,0,12/17/2024,Hardback,1,,,Helios,Q,Visitor,,10,,,,,
2024,12,Tue,BC,11,0,12/17/2024,Walter White,1,,,Helios,,Home AO,,10,,,,,
2024,12,Tue,BC,11,0,12/17/2024,SunDevil,1,,,Helios,,Home AO,,10,,,,,
2024,12,Tue,BC,11,0,12/17/2024,Apples,1,,,Helios,,Home AO,,10,,,,,
2024,12,Tue,BC,11,0,12/17/2024,Mickey,1,,,Helios,,Home AO,,10,,,,,
2024,12,Tue,BC,11,0,12/17/2024,Kingpin,1,,,Helios,,Home AO,,10,,,,,
2024,12,Tue,BC,11,0,12/17/2024,CSharp,1,,,Helios,,Home AO,,10,,,,,
2024,12,Tue,BC,11,0,12/17/2024,Yellowstone,1,,,Helios,,Home AO,,10,,,,,
2024,12,Tue,BC,11,0,12/17/2024,Cobra Kai,1,,,Helios,,Home AO,,10,,,,,
2024,12,Tue,BC,11,0,12/17/2024,Norteno,1,,,Helios,,Home AO,,10,,,,,
2024,12,Tue,BC,11,0,12/17/2024,Coach,1,,,Helios,,Home AO,,10,,,,,
2024,12,Thu,BC,19,1,12/19/2024,Mr. Clean,1,,,Helios,Q,Visitor,,8,,,,,
2024,12,Thu,BC,19,1,12/19/2024,Mickey,1,,,Helios,,Home AO,,8,,,,,
2024,12,Thu,BC,19,1,12/19/2024,Cobra Kai,1,,,Helios,,Home AO,,8,,,,,
2024,12,Thu,BC,19,1,12/19/2024,SunDevil,1,,,Helios,,Home AO,,8,,,,,
2024,12,Thu,BC,19,1,12/19/2024,Dumbo,1,,,Helios,,Visitor,,8,,,,,
2024,12,Thu,BC,19,1,12/19/2024,Captain Jack,1,,,Helios,,Visitor,,8,,,,,
2024,12,Thu,BC,19,1,12/19/2024,Stiltskin,1,1,Run,Helios,,Visitor,,8,,,,,
2024,12,Thu,BC,19,1,12/19/2024,Triple Crown,1,,,Helios,,Visitor,,8,,,,,
2024,12,Thu,BC,19,1,12/19/2024,Walter White,1,,,Helios,,Home AO,,8,,,,,
2024,12,Thu,BC,19,1,12/19/2024,Trans AM,1,,,Helios,,Visitor,,8,,,,,
2024,12,Thu,BC,19,1,12/19/2024,Visor,1,,,Helios,,Visitor,,8,,,,,
2024,12,Thu,BC,19,1,12/19/2024,Frolf,1,,,Helios,,Visitor,,8,,,,,
2024,12,Thu,BC,19,1,12/19/2024,Excel,1,,,Helios,,Visitor,,8,,,,,
2024,12,Thu,BC,19,1,12/19/2024,Niner,1,,,Helios,,Visitor,,8,,,,,
2024,12,Thu,BC,19,1,12/19/2024,Kingpin,1,,,Helios,,Home AO,,8,,,,,
2024,12,Thu,BC,19,1,12/19/2024,Switchblade,1,,,Helios,,Visitor,,8,,,,,
2024,12,Thu,BC,19,1,12/19/2024,Coach,1,,,Helios,,Home AO,,8,,,,,
2024,12,Thu,BC,19,1,12/19/2024,Apples,1,,,Helios,,Home AO,,8,,,,,
2024,12,Thu,BC,19,1,12/19/2024,Footlocker,1,,,Helios,,Home AO,,8,,,,,
2024,12,Fri,SB,10,3,12/20/2024,Triple Crown,1,,,Helios,Q,Visitor,,4,,,,,
2024,12,Fri,SB,10,3,12/20/2024,Latte,1,,,Helios,,Visitor,,4,,,,,
2024,12,Fri,SB,10,3,12/20/2024,Stiltskin,1,1,Run,Helios,,Visitor,,4,,,,,
2024,12,Fri,SB,10,3,12/20/2024,Tiger,1,,,Helios,,Visitor,,4,,,,,
2024,12,Fri,SB,10,3,12/20/2024,Kingpin,1,,,Helios,,Home AO,,4,,,,,
2024,12,Fri,SB,10,3,12/20/2024,Hardback,1,,,Helios,,Visitor,,4,,,,,
2024,12,Fri,SB,10,3,12/20/2024,Marshall,1,1,Run,Helios,,Home AO,,4,,,,,
2024,12,Fri,SB,10,3,12/20/2024,Mickey,1,,,Helios,,Home AO,,4,,,,,
2024,12,Fri,SB,10,3,12/20/2024,Uncle Sam,1,1,Run,Helios,,Visitor,,4,,,,,
2024,12,Fri,SB,10,3,12/20/2024,Walter White,1,,,Helios,,Home AO,,4,,,,,
2024,12,Sat,BC,23,0,12/21/2024,Fortune Cookie,1,,,Helios,,Visitor,,9,,,,,
2024,12,Sat,BC,23,0,12/21/2024,Footlocker,1,,,Helios,,Home AO,,9,,,,,
2024,12,Sat,BC,23,0,12/21/2024,Kingpin,1,,,Helios,,Home AO,,9,,,,,
2024,12,Sat,BC,23,0,12/21/2024,Moose 88,1,,,Helios,,Home AO,,9,,,,,
2024,12,Sat,BC,23,0,12/21/2024,Apples,1,,,Helios,,Home AO,,9,,,,,
2024,12,Sat,BC,23,0,12/21/2024,Nasdaq,1,,,Helios,,Visitor,,9,,,,,
2024,12,Sat,BC,23,0,12/21/2024,Bigmouth,1,,,Helios,,Visitor,,9,,,,,
2024,12,Sat,BC,23,0,12/21/2024,Monopoly,1,,,Helios,,Visitor,,9,,,,,
2024,12,Sat,BC,23,0,12/21/2024,Double D,1,,,Helios,,Visitor,,9,,,,,
2024,12,Sat,BC,23,0,12/21/2024,eBay,1,,,Helios,,Visitor,,9,,,,,
2024,12,Sat,BC,23,0,12/21/2024,"Lobotomy, MD",1,,,Helios,,Visitor,,9,,,,,
2024,12,Sat,BC,23,0,12/21/2024,Tigres,1,,,Helios,Q,Visitor,,9,,,,,
2024,12,Sat,BC,23,0,12/21/2024,Fembot,1,,,Helios,FNG,Home AO,,9,,,,,
2024,12,Sat,BC,23,0,12/21/2024,Pi 3.14,1,,,Helios,,Home AO,,9,,,,,
2024,12,Sat,BC,23,0,12/21/2024,Open Hole,1,,,Helios,,Visitor,,9,,,,,
2024,12,Sat,BC,23,0,12/21/2024,Bubbles,1,,,Helios,,Visitor,,9,,,,,
2024,12,Sat,BC,23,0,12/21/2024,Kitt,1,,,Helios,,Visitor,,9,,,,,
2024,12,Sat,BC,23,0,12/21/2024,Garden Snake,1,,,Helios,,Visitor,,9,,,,,
2024,12,Sat,BC,23,0,12/21/2024,Joints,1,,,Helios,,Visitor,,9,,,,,
2024,12,Sat,BC,23,0,12/21/2024,Swanson,1,,,Helios,,Visitor,,9,,,,,
2024,12,Sat,BC,23,0,12/21/2024,GoldenMember,1,,,Helios,FNG,Home AO,,9,,,,,
2024,12,Sat,BC,23,0,12/21/2024,Marshall,1,,,Helios,,Home AO,,9,,,,,
2024,12,Sat,BC,23,0,12/21/2024,Mickey,1,,,Helios,,Home AO,,9,,,,,
2024,12,Tue,BC,8,1,12/24/2024,Mickey,1,,,Helios,,Home AO,,8,,,,,
2024,12,Tue,BC,8,1,12/24/2024,Yellowstone,1,,,Helios,,Home AO,,8,,,,,
2024,12,Tue,BC,8,1,12/24/2024,Snacks,1,1,Run,Helios,,Home AO,,8,,,,,
2024,12,Tue,BC,8,1,12/24/2024,Apples,1,,,Helios,,Home AO,,8,,,,,
2024,12,Tue,BC,8,1,12/24/2024,Footlocker,1,,,Helios,,Home AO,,8,,,,,
2024,12,Tue,BC,8,1,12/24/2024,SunDevil,1,,,Helios,Q,Home AO,,8,,,,,
2024,12,Tue,BC,8,1,12/24/2024,Walter White,1,,,Helios,,Home AO,,8,,,,,
2024,12,Tue,BC,8,1,12/24/2024,Pi 3.14,1,,,Helios,,Home AO,,8,,,,,
2024,12,Thu,BC,9,1,12/26/2024,Mickey,1,,,Helios,Q,Home AO,,6,,,,,
2024,12,Thu,BC,9,1,12/26/2024,Snacks,1,1,Run,Helios,,Home AO,,6,,,,,
2024,12,Thu,BC,9,1,12/26/2024,Yellowstone,1,,,Helios,,Home AO,,6,,,,,
2024,12,Thu,BC,9,1,12/26/2024,Bob Barker,1,,,Helios,,Visitor,,6,,,,,
2024,12,Thu,BC,9,1,12/26/2024,Walter White,1,,,Helios,,Home AO,,6,,,,,
2024,12,Thu,BC,9,1,12/26/2024,Pi 3.14,1,,,Helios,,Home AO,,6,,,,,
2024,12,Thu,BC,9,1,12/26/2024,SunDevil,1,,,Helios,,Home AO,,6,,,,,
2024,12,Thu,BC,9,1,12/26/2024,Tigres,1,,,Helios,,Visitor,,6,,,,,
2024,12,Thu,BC,9,1,12/26/2024,Hook,1,,,Helios,,Visitor,,6,,,,,
2024,12,Fri,SB,4,0,12/27/2024,Samurai,1,,,Helios,Q,Home AO,,4,,,,,
2024,12,Fri,SB,4,0,12/27/2024,Walter White,1,,,Helios,,Home AO,,4,,,,,
2024,12,Fri,SB,4,0,12/27/2024,Baywatch,1,,,Helios,,Home AO,,4,,,,,
2024,12,Fri,SB,4,0,12/27/2024,Pi 3.14,1,,,Helios,,Home AO,,4,,,,,
2024,12,Sat,BC,7,0,12/28/2024,Mickey,1,,,Helios,Q,Home AO,,7,,,,,
2024,12,Sat,BC,7,0,12/28/2024,Snacks,1,,,Helios,,Home AO,,7,,,,,
2024,12,Sat,BC,7,0,12/28/2024,Yellowstone,1,,,Helios,,Home AO,,7,,,,,
2024,12,Sat,BC,7,0,12/28/2024,Walter White,1,,,Helios,,Home AO,,7,,,,,
2024,12,Sat,BC,7,0,12/28/2024,Nutria,1,,,Helios,,Home AO,,7,,,,,
2024,12,Sat,BC,7,0,12/28/2024,CaliBoy,1,,,Helios,,Home AO,,7,,,,,
2024,12,Sat,BC,7,0,12/28/2024,Catheter,1,,,Helios,,Home AO,,7,,,,,
2024,12,Tue,BC,16,0,12/31/2024,Einstein,1,,,Helios,Q,Visitor,Flag Raid,11,,,,,
2024,12,Tue,BC,16,0,12/31/2024,Pi 3.14,1,,,Helios,,Home AO,Flag Raid,11,,,,,
2024,12,Tue,BC,16,0,12/31/2024,Catheter,1,,,Helios,,Home AO,Flag Raid,11,,,,,
2024,12,Tue,BC,16,0,12/31/2024,Baywatch,1,,,Helios,,Home AO,Flag Raid,11,,,,,
2024,12,Tue,BC,16,0,12/31/2024,Kingpin,1,,,Helios,,Home AO,Flag Raid,11,,,,,
2024,12,Tue,BC,16,0,12/31/2024,Teller,1,,,Helios,,Visitor,Flag Raid,11,,,,,
2024,12,Tue,BC,16,0,12/31/2024,Romulus,1,,,Helios,,Visitor,Flag Raid,11,,,,,
2024,12,Tue,BC,16,0,12/31/2024,Counterfeit,1,,,Helios,,Visitor,Flag Raid,11,,,,,
2024,12,Tue,BC,16,0,12/31/2024,Tesla,1,,,Helios,,Visitor,Flag Raid,11,,,,,
2024,12,Tue,BC,16,0,12/31/2024,CSharp,1,,,Helios,,Home AO,Flag Raid,11,,,,,
2024,12,Tue,BC,16,0,12/31/2024,Yellowstone,1,,,Helios,,Home AO,Flag Raid,11,,,,,
2024,12,Tue,BC,16,0,12/31/2024,Walter White,1,,,Helios,,Home AO,Flag Raid,11,,,,,
2024,12,Tue,BC,16,0,12/31/2024,Mickey,1,,,Helios,,Home AO,Flag Raid,11,,,,,
2024,12,Tue,BC,16,0,12/31/2024,Footlocker,1,,,Helios,,Home AO,Flag Raid,11,,,,,
2024,12,Tue,BC,16,0,12/31/2024,Apples,1,,,Helios,,Home AO,Flag Raid,11,,,,,
2024,12,Tue,BC,16,0,12/31/2024,Moose 88,1,,,Helios,,Home AO,Flag Raid,11,,,,,
2025,1,Thu,BC,8,0,1/2/2025,SunDevil,1,,,Helios,,Home AO,,7,,,,,
2025,1,Thu,BC,8,0,1/2/2025,Quarter,1,,,Helios,Q,Visitor,,7,,,,,
2025,1,Thu,BC,8,0,1/2/2025,Pi 3.14,1,,,Helios,,Home AO,,7,,,,,
2025,1,Thu,BC,8,0,1/2/2025,Baywatch,1,,,Helios,,Home AO,,7,,,,,
2025,1,Thu,BC,8,0,1/2/2025,Cobra Kai,1,,,Helios,,Home AO,,7,,,,,
2025,1,Thu,BC,8,0,1/2/2025,Walter White,1,,,Helios,,Home AO,,7,,,,,
2025,1,Thu,BC,8,0,1/2/2025,Mickey,1,,,Helios,,Home AO,,7,,,,,
2025,1,Thu,BC,8,0,1/2/2025,Catheter,1,,,Helios,,Home AO,,7,,,,,
2025,1,Fri,SB,8,0,1/3/2025,SunDevil,1,,,Helios,Q,Home AO,,8,,,,,
2025,1,Fri,SB,8,0,1/3/2025,Catheter,1,,,Helios,,Home AO,,8,,,,,
2025,1,Fri,SB,8,0,1/3/2025,Mickey,1,,,Helios,,Home AO,,8,,,,,
2025,1,Fri,SB,8,0,1/3/2025,Pi 3.14,1,,,Helios,,Home AO,,8,,,,,
2025,1,Fri,SB,8,0,1/3/2025,Baywatch,1,,,Helios,,Home AO,,8,,,,,
2025,1,Fri,SB,8,0,1/3/2025,Walter White,1,,,Helios,,Home AO,,8,,,,,
2025,1,Fri,SB,8,0,1/3/2025,Coach,1,,,Helios,,Home AO,,8,,,,,
2025,1,Fri,SB,8,0,1/3/2025,CSharp,1,,,Helios,,Home AO,,8,,,,,
2025,1,Sat,BC,10,0,1/4/2025,Spartan,1,,,Helios,,Home AO,,10,,,,,
2025,1,Sat,BC,10,0,1/4/2025,Catheter,1,,,Helios,,Home AO,,10,,,,,
2025,1,Sat,BC,10,0,1/4/2025,Snacks,1,,,Helios,,Home AO,,10,,,,,
2025,1,Sat,BC,10,0,1/4/2025,Baywatch,1,,,Helios,,Home AO,,10,,,,,
2025,1,Sat,BC,10,0,1/4/2025,Walter White,1,,,Helios,,Home AO,,10,,,,,
2025,1,Sat,BC,10,0,1/4/2025,Nutria,1,,,Helios,,Home AO,,10,,,,,
2025,1,Sat,BC,10,0,1/4/2025,Pi 3.14,1,,,Helios,,Home AO,,10,,,,,
2025,1,Sat,BC,10,0,1/4/2025,Mickey,1,,,Helios,,Home AO,,10,,,,,
2025,1,Sat,BC,10,0,1/4/2025,Cobra Kai,1,,,Helios,,Home AO,,10,,,,,
2025,1,Sat,BC,10,0,1/4/2025,Samurai,1,,,Helios,Q,Home AO,,10,,,,,
2025,1,Tue,BC,12,0,1/7/2025,Electro,1,,,Helios,Q,Visitor,,10,,,,,
2025,1,Tue,BC,12,0,1/7/2025,Bob Barker,1,,,Helios,,Visitor,,10,,,,,
2025,1,Tue,BC,12,0,1/7/2025,Pi 3.14,1,,,Helios,,Home AO,,10,,,,,
2025,1,Tue,BC,12,0,1/7/2025,Baywatch,1,,,Helios,,Home AO,,10,,,,,
2025,1,Tue,BC,12,0,1/7/2025,Cobra Kai,1,,,Helios,,Home AO,,10,,,,,
2025,1,Tue,BC,12,0,1/7/2025,Kingpin,1,,,Helios,,Home AO,,10,,,,,
2025,1,Tue,BC,12,0,1/7/2025,Mickey,1,,,Helios,,Home AO,,10,,,,,
2025,1,Tue,BC,12,0,1/7/2025,SunDevil,1,,,Helios,,Home AO,,10,,,,,
2025,1,Tue,BC,12,0,1/7/2025,Moose 88,1,,,Helios,,Home AO,,10,,,,,
2025,1,Tue,BC,12,0,1/7/2025,Catheter,1,,,Helios,,Home AO,,10,,,,,
2025,1,Tue,BC,12,0,1/7/2025,Walter White,1,,,Helios,,Home AO,,10,,,,,
2025,1,Tue,BC,12,0,1/7/2025,Coach,1,,,Helios,,Home AO,,10,,,,,
2025,1,Thu,BC,10,1,1/9/2025,Mako,1,,,Helios,,Home AO,,9,,,,,
2025,1,Thu,BC,10,1,1/9/2025,Mickey,1,,,Helios,,Home AO,,9,,,,,
2025,1,Thu,BC,10,1,1/9/2025,Coach,1,,,Helios,,Home AO,,9,,,,,
2025,1,Thu,BC,10,1,1/9/2025,Moose 88,1,,,Helios,,Home AO,,9,,,,,
2025,1,Thu,BC,10,1,1/9/2025,Catheter,1,,,Helios,,Home AO,,9,,,,,
2025,1,Thu,BC,10,1,1/9/2025,CSharp,1,,,Helios,,Home AO,,9,,,,,
2025,1,Thu,BC,10,1,1/9/2025,Walter White,1,,,Helios,,Home AO,,9,,,,,
2025,1,Thu,BC,10,1,1/9/2025,Baywatch,1,,,Helios,,Home AO,,9,,,,,
2025,1,Thu,BC,10,1,1/9/2025,Cobra Kai,1,,,Helios,,Home AO,,9,,,,,
2025,1,Thu,BC,10,1,1/9/2025,Forrest,1,1,Run,Helios,Q,Visitor,,9,,,,,
2025,1,Fri,SB,9,0,1/10/2025,SunDevil,1,,,Helios,Q,Home AO,,8,,,,,
2025,1,Fri,SB,9,0,1/10/2025,Baywatch,1,,,Helios,,Home AO,,8,,,,,
2025,1,Fri,SB,9,0,1/10/2025,Walter White,1,,,Helios,,Home AO,,8,,,,,
2025,1,Fri,SB,9,0,1/10/2025,Catheter,1,,,Helios,,Home AO,,8,,,,,
2025,1,Fri,SB,9,0,1/10/2025,Mickey,1,,,Helios,,Home AO,,8,,,,,
2025,1,Fri,SB,9,0,1/10/2025,Cobra Kai,1,,,Helios,,Home AO,,8,,,,,
2025,1,Fri,SB,9,0,1/10/2025,Trans Am,1,,,Helios,,Visitor,,8,,,,,
2025,1,Fri,SB,9,0,1/10/2025,Coach,1,,,Helios,,Home AO,,8,,,,,
2025,1,Fri,SB,9,0,1/10/2025,Samurai,1,,,Helios,,Home AO,,8,,,,,
2025,1,Sat,BC,3,0,1/11/2025,Mickey,1,,,Helios,,Home AO,Keep Launch,3,,,,,
2025,1,Sat,BC,3,0,1/11/2025,Walter White,1,,,Helios,,Home AO,Keep Launch,3,,,,,
2025,1,Sat,BC,3,0,1/11/2025,Cobra Kai,1,,,Helios,,Home AO,Keep Launch,3,,,,,
2025,1,Tue,BC,10,0,1/14/2025,Walter White,1,,,Helios,Q,Home AO,,10,,,,,
2025,1,Tue,BC,10,0,1/14/2025,Coach,1,,,Helios,PP,Home AO,,10,,,,,
2025,1,Tue,BC,10,0,1/14/2025,Dialup,1,,,Helios,FNG,Home AO,,10,,,,,
2025,1,Tue,BC,10,0,1/14/2025,SunDevil,1,,,Helios,BB,Home AO,,10,,,,,
2025,1,Tue,BC,10,0,1/14/2025,Mickey,1,,,Helios,,Home AO,,10,,,,,
2025,1,Tue,BC,10,0,1/14/2025,Baywatch,1,,,Helios,,Home AO,,10,,,,,
2025,1,Tue,BC,10,0,1/14/2025,CSharp,1,,,Helios,,Home AO,,10,,,,,
2025,1,Tue,BC,10,0,1/14/2025,Catheter,1,,,Helios,,Home AO,,10,,,,,
2025,1,Tue,BC,10,0,1/14/2025,Pi 3.14,1,,,Helios,,Home AO,,10,,,,,
2025,1,Tue,BC,10,0,1/14/2025,Cobra Kai,1,,,Helios,,Home AO,,10,,,,,
2025,1,Thu,BC,8,0,1/16/2025,Squid,1,,,Helios,Q,Visitor,,7,,,,,
2025,1,Thu,BC,8,0,1/16/2025,Cobra Kai,1,,,Helios,,Home AO,,7,,,,,
2025,1,Thu,BC,8,0,1/16/2025,CSharp,1,,,Helios,,Home AO,,7,,,,,
2025,1,Thu,BC,8,0,1/16/2025,Baywatch,1,,,Helios,,Home AO,,7,,,,,
2025,1,Thu,BC,8,0,1/16/2025,Kingpin,1,,,Helios,,Home AO,,7,,,,,
2025,1,Thu,BC,8,0,1/16/2025,SunDevil,1,,,Helios,,Home AO,,7,,,,,
2025,1,Thu,BC,8,0,1/16/2025,Mickey,1,,,Helios,,Home AO,,7,,,,,
2025,1,Thu,BC,8,0,1/16/2025,Pi 3.14,1,,,Helios,,Home AO,,7,,,,,
2025,1,Fri,SB,7,1,1/17/2025,Pi 3.14,1,,,Helios,,Home AO,,6,,,,,
2025,1,Fri,SB,7,1,1/17/2025,Seagal,1,,,Helios,Q,Visitor,,6,,,,,
2025,1,Fri,SB,7,1,1/17/2025,Catheter,1,1,Run,Helios,,Home AO,,6,,,,,
2025,1,Fri,SB,7,1,1/17/2025,Cobra Kai,1,,,Helios,,Home AO,,6,,,,,
2025,1,Fri,SB,7,1,1/17/2025,Walter White,1,,,Helios,,Home AO,,6,,,,,
2025,1,Fri,SB,7,1,1/17/2025,Baywatch,1,,,Helios,,Home AO,,6,,,,,
2025,1,Fri,SB,7,1,1/17/2025,CSharp,1,,,Helios,,Home AO,,6,,,,,
2025,1,Sat,BC,8,2,1/18/2025,Norteno,1,,,Helios,,Home AO,,7,,,,,
2025,1,Sat,BC,8,2,1/18/2025,Mako,1,1,Run,Helios,Q,Home AO,,7,,,,,
2025,1,Sat,BC,8,2,1/18/2025,Klondike,1,1,Run,Helios,,Visitor,,7,,,,,
2025,1,Sat,BC,8,2,1/18/2025,Cobra Kai,1,,,Helios,,Home AO,,7,,,,,
2025,1,Sat,BC,8,2,1/18/2025,Baywatch,1,,,Helios,,Home AO,,7,,,,,
2025,1,Sat,BC,8,2,1/18/2025,Catheter,1,,,Helios,,Home AO,,7,,,,,
2025,1,Sat,BC,8,2,1/18/2025,Pi 3.14,1,,,Helios,,Home AO,,7,,,,,
2025,1,Sat,BC,8,2,1/18/2025,Walter White,1,,,Helios,,Home AO,,7,,,,,
2025,1,Tue,BC,7,0,1/21/2025,Mako,1,,,Helios,Q,Home AO,,7,,,,,
2025,1,Tue,BC,7,0,1/21/2025,Coach,1,,,Helios,,Home AO,,7,,,,,
2025,1,Tue,BC,7,0,1/21/2025,Walter White,1,,,Helios,,Home AO,,7,,,,,
2025,1,Tue,BC,7,0,1/21/2025,Cobra Kai,1,,,Helios,,Home AO,,7,,,,,
2025,1,Tue,BC,7,0,1/21/2025,Baywatch,1,,,Helios,,Home AO,,7,,,,,
2025,1,Tue,BC,7,0,1/21/2025,CSharp,1,,,Helios,,Home AO,,7,,,,,
2025,1,Tue,BC,7,0,1/21/2025,Kingpin,1,,,Helios,,Home AO,,7,,,,,
2025,1,Thu,BC,5,0,1/23/2025,Bigmouth,1,,,Helios,Q,Visitor,,4,,,,,
2025,1,Thu,BC,5,0,1/23/2025,Walter White,1,,,Helios,,Home AO,,4,,,,,
2025,1,Thu,BC,5,0,1/23/2025,Moose 88,1,,,Helios,,Home AO,,4,,,,,
2025,1,Thu,BC,5,0,1/23/2025,SunDevil,1,,,Helios,,Home AO,,4,,,,,
2025,1,Thu,BC,5,0,1/23/2025,Baywatch,1,,,Helios,,Home AO,,4,,,,,
2025,1,Fri,SB,7,0,1/24/2025,PPE,1,,,Helios,Q,Visitor,,6,,,,,
2025,1,Fri,SB,7,0,1/24/2025,Coach,1,,,Helios,,Home AO,,6,,,,,
2025,1,Fri,SB,7,0,1/24/2025,Walter White,1,,,Helios,,Home AO,,6,,,,,
2025,1,Fri,SB,7,0,1/24/2025,Marshall,1,,,Helios,,Home AO,,6,,,,,
2025,1,Fri,SB,7,0,1/24/2025,CSharp,1,,,Helios,,Home AO,,6,,,,,
2025,1,Fri,SB,7,0,1/24/2025,Yellowstone,1,,,Helios,,Home AO,,6,,,,,
2025,1,Fri,SB,7,0,1/24/2025,Cobra Kai,1,,,Helios,,Home AO,,6,,,,,
2025,1,Sat,BC,9,0,1/25/2025,Mickey,1,,,Helios,Q,Home AO,Spillway Convergence,9,,,,,
2025,1,Sat,BC,9,0,1/25/2025,Snacks,1,,,Helios,,Home AO,Spillway Convergence,9,,,,,
2025,1,Sat,BC,9,0,1/25/2025,Pi 3.14,1,,,Helios,,Home AO,Spillway Convergence,9,,,,,
2025,1,Sat,BC,9,0,1/25/2025,Norteno,1,,,Helios,,Home AO,Spillway Convergence,9,,,,,
2025,1,Sat,BC,9,0,1/25/2025,Baywatch,1,,,Helios,,Home AO,Spillway Convergence,9,,,,,
2025,1,Sat,BC,9,0,1/25/2025,Cobra Kai,1,,,Helios,,Home AO,Spillway Convergence,9,,,,,
2025,1,Sat,BC,9,0,1/25/2025,CSharp,1,,,Helios,,Home AO,Spillway Convergence,9,,,,,
2025,1,Sat,BC,9,0,1/25/2025,SunDevil,1,,,Helios,,Home AO,Spillway Convergence,9,,,,,
2025,1,Sat,BC,9,0,1/25/2025,Walter White,1,,,Helios,,Home AO,Spillway Convergence,9,,,,,
2025,1,Tue,BC,9,0,1/28/2025,Baywatch,1,,,Helios,,Home AO,,8,,,,,
2025,1,Tue,BC,9,0,1/28/2025,Cobra Kai,1,,,Helios,,Home AO,,8,,,,,
2025,1,Tue,BC,9,0,1/28/2025,Mickey,1,,,Helios,,Home AO,,8,,,,,
2025,1,Tue,BC,9,0,1/28/2025,Walter White,1,,,Helios,,Home AO,,8,,,,,
2025,1,Tue,BC,9,0,1/28/2025,Coach,1,,,Helios,,Home AO,,8,,,,,
2025,1,Tue,BC,9,0,1/28/2025,Kingpin,1,,,Helios,,Home AO,,8,,,,,
2025,1,Tue,BC,9,0,1/28/2025,Moose 88,1,,,Helios,,Home AO,,8,,,,,
2025,1,Tue,BC,9,0,1/28/2025,Mako,1,,,Helios,,Home AO,,8,,,,,
2025,1,Tue,BC,9,0,1/28/2025,TJ Maxx,1,,,Helios,Q,Visitor,,8,,,,,
2025,1,Thu,BC,13,0,1/30/2025,Fajita,1,,,Helios,Q,Visitor,,8,,,,,
2025,1,Thu,BC,13,0,1/30/2025,Heimlich,1,,,Helios,,Visitor,,8,,,,,
2025,1,Thu,BC,13,0,1/30/2025,Frolf,1,,,Helios,,Visitor,,8,,,,,
2025,1,Thu,BC,13,0,1/30/2025,Baywatch,1,,,Helios,,Home AO,,8,,,,,
2025,1,Thu,BC,13,0,1/30/2025,Walter White,1,,,Helios,,Home AO,,8,,,,,
2025,1,Thu,BC,13,0,1/30/2025,SunDevil,1,,,Helios,,Home AO,,8,,,,,
2025,1,Thu,BC,13,0,1/30/2025,Mickey,1,,,Helios,,Home AO,,8,,,,,
2025,1,Thu,BC,13,0,1/30/2025,Triple Crown,1,,,Helios,,Visitor,,8,,,,,
2025,1,Thu,BC,13,0,1/30/2025,Drop Zone,1,,,Helios,,Visitor,,8,,,,,
2025,1,Thu,BC,13,0,1/30/2025,CSharp,1,,,Helios,,Home AO,,8,,,,,
2025,1,Thu,BC,13,0,1/30/2025,Kingpin,1,,,Helios,,Home AO,,8,,,,,
2025,1,Thu,BC,13,0,1/30/2025,Cobra Kai,1,,,Helios,,Home AO,,8,,,,,
2025,1,Thu,BC,13,0,1/30/2025,Mako,1,,,Helios,,Home AO,Run,8,,,,,
2025,1,Fri,SB,13,0,1/31/2025,Mr. Clean,1,,,Helios,,Visitor,,10,,,,,
2025,1,Fri,SB,13,0,1/31/2025,CaliBoy,1,,,Helios,,Home AO,,10,,,,,
2025,1,Fri,SB,13,0,1/31/2025,Cobra Kai,1,,,Helios,,Home AO,,10,,,,,
2025,1,Fri,SB,13,0,1/31/2025,Baywatch,1,,,Helios,,Home AO,,10,,,,,
2025,1,Fri,SB,13,0,1/31/2025,Kingpin,1,,,Helios,,Home AO,,10,,,,,
2025,1,Fri,SB,13,0,1/31/2025,Marshall,1,,,Helios,,Home AO,,10,,,,,
2025,1,Fri,SB,13,0,1/31/2025,Mickey,1,,,Helios,,Home AO,,10,,,,,
2025,1,Fri,SB,13,0,1/31/2025,Pi 3.14,1,,,Helios,,Home AO,,10,,,,,
2025,1,Fri,SB,13,0,1/31/2025,Coach,1,,,Helios,,Home AO,,10,,,,,
2025,1,Fri,SB,13,0,1/31/2025,Walter White,1,,,Helios,,Home AO,,10,,,,,
2025,1,Fri,SB,13,0,1/31/2025,Triple Crown,1,,,Helios,,Visitor,,10,,,,,
2025,1,Fri,SB,13,0,1/31/2025,Switchblade,1,,,Helios,,Visitor,,10,,,,,
2025,1,Fri,SB,13,0,1/31/2025,CSharp,1,,,Helios,,Home AO,,10,,,,,
2025,2,Sat,BC,7,0,2/1/2025,Snacks,1,,,Helios,,Home AO,,7,,,,,
2025,2,Sat,BC,7,0,2/1/2025,Norteno,1,,,Helios,,Home AO,,7,,,,,
2025,2,Sat,BC,7,0,2/1/2025,Catheter,1,,,Helios,,Home AO,,7,,,,,
2025,2,Sat,BC,7,0,2/1/2025,Cobra Kai,1,,,Helios,,Home AO,,7,,,,,
2025,2,Sat,BC,7,0,2/1/2025,Baywatch,1,,,Helios,,Home AO,,7,,,,,
2025,2,Sat,BC,7,0,2/1/2025,CSharp,1,,,Helios,,Home AO,,7,,,,,
2025,2,Sat,BC,7,0,2/1/2025,Mickey,1,,,Helios,,Home AO,,7,,,,,
2025,2,Tue,BC,17,5,2/4/2025,Cobra Kai,1,,,Helios,,Home AO,,11,,,,,
2025,2,Tue,BC,17,5,2/4/2025,Coach,1,,,Helios,,Home AO,,11,,,,,
2025,2,Tue,BC,17,5,2/4/2025,Slater,1,,,Helios,,Visitor,,11,,,,,
2025,2,Tue,BC,17,5,2/4/2025,Triple Crown,1,,,Helios,,Visitor,,11,,,,,
2025,2,Tue,BC,17,5,2/4/2025,Hardback,1,,,Helios,,Visitor,,11,,,,,
2025,2,Tue,BC,17,5,2/4/2025,Switchblade,1,,,Helios,,Visitor,,11,,,,,
2025,2,Tue,BC,17,5,2/4/2025,Shocker,1,1,Run,Helios,FNG,Home AO,,11,,,,,
2025,2,Tue,BC,17,5,2/4/2025,Baywatch,1,1,Run,Helios,,Home AO,,11,,,,,
2025,2,Tue,BC,17,5,2/4/2025,Kingpin,1,,,Helios,,Home AO,,11,,,,,
2025,2,Tue,BC,17,5,2/4/2025,CSharp,1,1,Run,Helios,,Home AO,,11,,,,,
2025,2,Tue,BC,17,5,2/4/2025,Catheter,1,,,Helios,,Home AO,,11,,,,,
2025,2,Tue,BC,17,5,2/4/2025,Mickey,1,,,Helios,,Home AO,,11,,,,,
2025,2,Tue,BC,17,5,2/4/2025,Walter White,1,,,Helios,,Home AO,,11,,,,,
2025,2,Tue,BC,17,5,2/4/2025,Pi 3.14,1,,,Helios,,Home AO,,11,,,,,
2025,2,Tue,BC,17,5,2/4/2025,Yellowstone,1,,,Helios,,Home AO,,11,,,,,
2025,2,Tue,BC,17,5,2/4/2025,Red Corvette,1,1,Run,Helios,,Visitor,,11,,,,,
2025,2,Tue,BC,17,5,2/4/2025,Stiltskin,1,1,Run,Helios,Q,Visitor,,11,,,,,
2025,2,Thu,BC,11,3,2/6/2025,PPE,1,,,Helios,,Visitor,,8,,,,,
2025,2,Thu,BC,11,3,2/6/2025,Baywatch,1,1,Run,Helios,,Home AO,,8,,,,,
2025,2,Thu,BC,11,3,2/6/2025,CSharp,1,,,Helios,,Home AO,,8,,,,,
2025,2,Thu,BC,11,3,2/6/2025,Kingpin,1,,,Helios,,Home AO,,8,,,,,
2025,2,Thu,BC,11,3,2/6/2025,Mickey,1,,,Helios,,Home AO,,8,,,,,
2025,2,Thu,BC,11,3,2/6/2025,Catheter,1,,,Helios,,Home AO,,8,,,,,
2025,2,Thu,BC,11,3,2/6/2025,Cobra Kai,1,,,Helios,,Home AO,,8,,,,,
2025,2,Thu,BC,11,3,2/6/2025,Drop Zone,1,1,Run,Helios,,Visitor,,8,,,,,
2025,2,Thu,BC,11,3,2/6/2025,Coach,1,,,Helios,,Home AO,,8,,,,,
2025,2,Thu,BC,11,3,2/6/2025,Shocker,1,,,Helios,2nd Helpings,Home AO,,8,,,,,
2025,2,Thu,BC,11,3,2/6/2025,Jag,1,1,Ruck,Helios,Q,Visitor,,8,,,,,
2025,2,Fri,SB,9,0,2/7/2025,Shocker,1,,,Helios,,Home AO,,8,,,,,
2025,2,Fri,SB,9,0,2/7/2025,Mickey,1,,,Helios,Q,Home AO,,8,,,,,
2025,2,Fri,SB,9,0,2/7/2025,Catheter,1,,,Helios,,Home AO,,8,,,,,
2025,2,Fri,SB,9,0,2/7/2025,Cobra Kai,1,,,Helios,,Home AO,,8,,,,,
2025,2,Fri,SB,9,0,2/7/2025,Baywatch,1,,,Helios,,Home AO,,8,,,,,
2025,2,Fri,SB,9,0,2/7/2025,Kingpin,1,,,Helios,,Home AO,,8,,,,,
2025,2,Fri,SB,9,0,2/7/2025,Walter White,1,,,Helios,,Home AO,,8,,,,,
2025,2,Fri,SB,9,0,2/7/2025,Bob Barker,1,,,Helios,,Visitor,,8,,,,,
2025,2,Fri,SB,9,0,2/7/2025,Coach,1,,,Helios,,Home AO,,8,,,,,
2025,2,Sat,BC,14,0,2/8/2025,Baywatch,1,,,Helios,Q,Home AO,,12,,,,,
2025,2,Sat,BC,14,0,2/8/2025,Mickey,1,,,Helios,,Home AO,,12,,,,,
2025,2,Sat,BC,14,0,2/8/2025,Pi 3.14,1,,,Helios,,Home AO,,12,,,,,
2025,2,Sat,BC,14,0,2/8/2025,Catheter,1,,,Helios,,Home AO,,12,,,,,
2025,2,Sat,BC,14,0,2/8/2025,Cobra Kai,1,,,Helios,,Home AO,,12,,,,,
2025,2,Sat,BC,14,0,2/8/2025,Nutria,1,,,Helios,,Home AO,,12,,,,,
2025,2,Sat,BC,14,0,2/8/2025,Bunny Slope,1,,,Helios,,Visitor,,12,,,,,
2025,2,Sat,BC,14,0,2/8/2025,Kingpin,1,,,Helios,,Home AO,,12,,,,,
2025,2,Sat,BC,14,0,2/8/2025,Snacks,1,,,Helios,,Home AO,,12,,,,,
2025,2,Sat,BC,14,0,2/8/2025,CSharp,1,,,Helios,,Home AO,,12,,,,,
2025,2,Sat,BC,14,0,2/8/2025,Walter White,1,,,Helios,,Home AO,,12,,,,,
2025,2,Sat,BC,14,0,2/8/2025,Yellowstone,1,,,Helios,,Home AO,,12,,,,,
2025,2,Sat,BC,14,0,2/8/2025,Wiry,1,,,Helios,,Visitor,,12,,,,,
2025,2,Sat,BC,14,0,2/8/2025,GTL,1,,,Helios,FNG,Home AO,,12,,,,,
2025,2,Tue,BC,18,0,2/11/25,SunDevil,1,,,Helios,,Home AO,,15,,,,,
2025,2,Tue,BC,18,0,2/11/25,Klondike,1,,,Helios,,Visitor,,15,,,,,
2025,2,Tue,BC,18,0,2/11/25,Cobra Kai,1,,,Helios,,Home AO,,15,,,,,
2025,2,Tue,BC,18,0,2/11/25,Marshall,1,,,Helios,,Home AO,,15,,,,,
2025,2,Tue,BC,18,0,2/11/25,Kingpin,1,,,Helios,BB,Home AO,,15,,,,,
2025,2,Tue,BC,18,0,2/11/25,MacNcheese,1,,,Helios,FNG,Home AO,,15,,,,,
2025,2,Tue,BC,18,0,2/11/25,Woofer,1,,,Helios,,Home AO,,15,,,,,
2025,2,Tue,BC,18,0,2/11/25,Jag,1,,,Helios,,Visitor,,15,,,,,
2025,2,Tue,BC,18,0,2/11/25,Moose 88,1,,,Helios,,Home AO,,15,,,,,
2025,2,Tue,BC,18,0,2/11/25,Shocker,1,,,Helios,,Home AO,,15,,,,,
2025,2,Tue,BC,18,0,2/11/25,Skynet,1,,,Helios,FNG,Home AO,,15,,,,,
2025,2,Tue,BC,18,0,2/11/25,Catheter,1,,,Helios,,Home AO,,15,,,,,
2025,2,Tue,BC,18,0,2/11/25,X-games,1,,,Helios,FNG,Home AO,,15,,,,,
2025,2,Tue,BC,18,0,2/11/25,Baywatch,1,,,Helios,BB,Home AO,,15,,,,,
2025,2,Tue,BC,18,0,2/11/25,Coach,1,,,Helios,BB,Home AO,,15,,,,,
2025,2,Tue,BC,18,0,2/11/25,Overtime,1,,,Helios,Q,Visitor,,15,,,,,
2025,2,Tue,BC,18,0,2/11/25,Mickey,1,,,Helios,,Home AO,,15,,,,,
2025,2,Tue,BC,18,0,2/11/25,Pi 3.14,1,,,Helios,,Home AO,,15,,,,,
2025,2,Thu,BC,9,0,2/13/2025,Mickey,1,,,Helios,Q,Home AO,,9,,,,,
2025,2,Thu,BC,9,0,2/13/2025,Baywatch,1,,,Helios,,Home AO,,9,,,,,
2025,2,Thu,BC,9,0,2/13/2025,Pi 3.14,1,,,Helios,,Home AO,,9,,,,,
2025,2,Thu,BC,9,0,2/13/2025,Skynet,1,,,Helios,2nd Helpings,Home AO,,9,,,,,
2025,2,Thu,BC,9,0,2/13/2025,Catheter,1,,,Helios,,Home AO,,9,,,,,
2025,2,Thu,BC,9,0,2/13/2025,Cobra Kai,1,,,Helios,,Home AO,,9,,,,,
2025,2,Thu,BC,9,0,2/13/2025,Kingpin,1,,,Helios,,Home AO,,9,,,,,
2025,2,Thu,BC,9,0,2/13/2025,Coach,1,,,Helios,,Home AO,,9,,,,,
2025,2,Thu,BC,9,0,2/13/2025,CSharp,1,,,Helios,,Home AO,,9,,,,,
2025,2,Fri,SB,14,0,2/14/2025,Csharp,1,,,Helios,,Home AO,,11,,,,,
2025,2,Fri,SB,14,0,2/14/2025,Skynet,1,,,Helios,,Home AO,,11,,,,,
2025,2,Fri,SB,14,0,2/14/2025,MacNcheese,1,,,Helios,2nd Helpings,Home AO,,11,,,,,
2025,2,Fri,SB,14,0,2/14/2025,Pi 3.14,1,,,Helios,,Home AO,,11,,,,,
2025,2,Fri,SB,14,0,2/14/2025,Mickey,1,,,Helios,,Home AO,,11,,,,,
2025,2,Fri,SB,14,0,2/14/2025,Slater,1,,,Helios,Q,Visitor,,11,,,,,
2025,2,Fri,SB,14,0,2/14/2025,Trans Am,1,,,Helios,,Visitor,,11,,,,,
2025,2,Fri,SB,14,0,2/14/2025,Triple Crown,1,,,Helios,,Visitor,,11,,,,,
2025,2,Fri,SB,14,0,2/14/2025,SunDevil,1,,,Helios,,Home AO,,11,,,,,
2025,2,Fri,SB,14,0,2/14/2025,Catheter,1,,,Helios,,Home AO,,11,,,,,
2025,2,Fri,SB,14,0,2/14/2025,Walter White,1,,,Helios,,Home AO,,11,,,,,
2025,2,Fri,SB,14,0,2/14/2025,Baywatch,1,,,Helios,,Home AO,,11,,,,,
2025,2,Fri,SB,14,0,2/14/2025,Samurai,1,,,Helios,,Home AO,,11,,,,,
2025,2,Fri,SB,14,0,2/14/2025,Cobra Kai,1,,,Helios,,Home AO,,11,,,,,
2025,2,Sat,BC,5,0,2/15/2025,Cobra Kai,1,,,Helios,,Home AO,,5,,,,,
2025,2,Sat,BC,5,0,2/15/2025,CSharp,1,,,Helios,,Home AO,,5,,,,,
2025,2,Sat,BC,5,0,2/15/2025,Mickey,1,,,Helios,,Home AO,,5,,,,,
2025,2,Sat,BC,5,0,2/15/2025,Pi 3.14,1,,,Helios,Q,Home AO,,5,,,,,
2025,2,Sat,BC,5,0,2/15/2025,Kingpin,1,,,Helios,,Home AO,,5,,,,,
2025,2,Tue,BC,10,2,2/18/2025,CSharp,1,,,Helios,Q,Home AO,,10,,,,,
2025,2,Tue,BC,10,2,2/18/2025,Skynet,1,,,Helios,,Home AO,,10,,,,,
2025,2,Tue,BC,10,2,2/18/2025,X-games,1,,,Helios,2nd Helpings,Home AO,,10,,,,,
2025,2,Tue,BC,10,2,2/18/2025,Baywatch,1,1,Run,Helios,,Home AO,,10,,,,,
2025,2,Tue,BC,10,2,2/18/2025,Coach,1,,,Helios,,Home AO,,10,,,,,
2025,2,Tue,BC,10,2,2/18/2025,Catheter,1,1,Run,Helios,,Home AO,,10,,,,,
2025,2,Tue,BC,10,2,2/18/2025,Shocker,1,,,Helios,,Home AO,,10,,,,,
2025,2,Tue,BC,10,2,2/18/2025,Walter White,1,,,Helios,,Home AO,,10,,,,,
2025,2,Tue,BC,10,2,2/18/2025,Mickey,1,,,Helios,,Home AO,,10,,,,,
2025,2,Tue,BC,10,2,2/18/2025,Cobra Kai,1,,,Helios,,Home AO,,10,,,,,
2025,2,Thu,BC,6,0,2/20/2025,Baywatch,1,,,Helios,Q,Home AO,,5,,,,,
2025,2,Thu,BC,6,0,2/20/2025,Kingpin,1,,,Helios,,Home AO,,5,,,,,
2025,2,Thu,BC,6,0,2/20/2025,Monopoly,1,,,Helios,,Visitor,,5,,,,,
2025,2,Thu,BC,6,0,2/20/2025,Skynet,1,,,Helios,,Home AO,,5,,,,,
2025,2,Thu,BC,6,0,2/20/2025,Shocker,1,,,Helios,,Home AO,,5,,,,,
2025,2,Thu,BC,6,0,2/20/2025,Catheter,1,,,Helios,,Home AO,,5,,,,,
2025,2,Fri,SB,9,0,2/21/2025,Coach,1,,,Helios,,Home AO,,8,,,,,
2025,2,Fri,SB,9,0,2/21/2025,X-games,1,,,Helios,,Home AO,,8,,,,,
2025,2,Fri,SB,9,0,2/21/2025,Baywatch,1,,,Helios,,Home AO,,8,,,,,
2025,2,Fri,SB,9,0,2/21/2025,SuperTrooper,1,,,Helios,,Visitor,,8,,,,,
2025,2,Fri,SB,9,0,2/21/2025,Kingpin,1,,,Helios,,Home AO,,8,,,,,
2025,2,Fri,SB,9,0,2/21/2025,Skynet,1,,,Helios,,Home AO,,8,,,,,
2025,2,Fri,SB,9,0,2/21/2025,Walter White,1,,,Helios,,Home AO,,8,,,,,
2025,2,Fri,SB,9,0,2/21/2025,Catheter,1,,,Helios,,Home AO,,8,,,,,
2025,2,Fri,SB,9,0,2/21/2025,SunDevil,1,,,Helios,,Home AO,,8,,,,,
2025,2,Sat,BC,4,0,2/22/2025,Mickey,1,,,Helios,,Home AO,Brick Maker Games,4,,,,,
2025,2,Sat,BC,4,0,2/22/2025,Baywatch,1,,,Helios,,Home AO,Brick Maker Games,4,,,,,
2025,2,Sat,BC,4,0,2/22/2025,SunDevil,1,,,Helios,,Home AO,Brick Maker Games,4,,,,,
2025,2,Sat,BC,4,0,2/22/2025,Kingpin,1,,,Helios,,Home AO,Brick Maker Games,4,,,,,
2025,2,Tue,BC,11,0,2/25/2025,Catheter,1,,,Helios,,Home AO,,11,,,,,
2025,2,Tue,BC,11,0,2/25/2025,Skynet,1,,,Helios,,Home AO,,11,,,,,
2025,2,Tue,BC,11,0,2/25/2025,Pi 3.14,1,,,Helios,,Home AO,,11,,,,,
2025,2,Tue,BC,11,0,2/25/2025,Moose 88,1,,,Helios,,Home AO,,11,,,,,
2025,2,Tue,BC,11,0,2/25/2025,Cobra Kai,1,,,Helios,,Home AO,,11,,,,,
2025,2,Tue,BC,11,0,2/25/2025,Mickey,1,,,Helios,,Home AO,,11,,,,,
2025,2,Tue,BC,11,0,2/25/2025,Coach,1,,,Helios,,Home AO,,11,,,,,
2025,2,Tue,BC,11,0,2/25/2025,Walter White,1,,,Helios,,Home AO,,11,,,,,
2025,2,Tue,BC,11,0,2/25/2025,CSharp,1,,,Helios,,Home AO,,11,,,,,
2025,2,Tue,BC,11,0,2/25/2025,MacNcheese,1,,,Helios,,Home AO,,11,,,,,
2025,2,Tue,BC,11,0,2/25/2025,Drop Zone,1,,,Helios,,Visitor,,11,,,,,
2025,2,Tue,BC,11,0,2/25/2025,SunDevil,1,,,Helios,,Home AO,,11,,,,,
2025,2,Thu,BC,10,0,2/27/2025,Monopoly,1,,,Helios,Q,Visitor,,8,,,,,
2025,2,Thu,BC,10,0,2/27/2025,SunDevil,1,,,Helios,,Home AO,,8,,,,,
2025,2,Thu,BC,10,0,2/27/2025,Triple Crown,1,,,Helios,,Visitor,,8,,,,,
2025,2,Thu,BC,10,0,2/27/2025,MacNcheese,1,,,Helios,,Home AO,,8,,,,,
2025,2,Thu,BC,10,0,2/27/2025,Skynet,1,,,Helios,,Home AO,,8,,,,,
2025,2,Thu,BC,10,0,2/27/2025,Pi 3.14,1,,,Helios,,Home AO,,8,,,,,
2025,2,Thu,BC,10,0,2/27/2025,Cobra Kai,1,,,Helios,,Home AO,,8,,,,,
2025,2,Thu,BC,10,0,2/27/2025,Catheter,1,,,Helios,,Home AO,,8,,,,,
2025,2,Thu,BC,10,0,2/27/2025,Baywatch,1,,,Helios,,Home AO,,8,,,,,
2025,2,Thu,BC,10,0,2/27/2025,Mickey,1,,,Helios,Q,Home AO,,8,,,,,
2025,2,Fri,SB,11,0,2/28/2025,Mickey,1,,,Helios,,Home AO,,11,,,,,
2025,2,Fri,SB,11,0,2/28/2025,Skynet,1,,,Helios,,Home AO,,11,,,,,
2025,2,Fri,SB,11,0,2/28/2025,Cobra Kai,1,,,Helios,,Home AO,,11,,,,,
2025,2,Fri,SB,11,0,2/28/2025,Baywatch,1,,,Helios,,Home AO,,11,,,,,
2025,2,Fri,SB,11,0,2/28/2025,Pi 3.14,1,,,Helios,,Home AO,,11,,,,,
2025,2,Fri,SB,11,0,2/28/2025,Coach,1,,,Helios,,Home AO,,11,,,,,
2025,2,Fri,SB,11,0,2/28/2025,CSharp,1,,,Helios,,Home AO,,11,,,,,
2025,2,Fri,SB,11,0,2/28/2025,MacNcheese,1,,,Helios,,Home AO,,11,,,,,
2025,2,Fri,SB,11,0,2/28/2025,Shocker,1,,,Helios,,Home AO,,11,,,,,
2025,2,Fri,SB,11,0,2/28/2025,Steamer,1,,,Helios,FNG,Home AO,,11,,,,,
2025,2,Fri,SB,11,0,2/28/2025,Walter White,1,,,Helios,,Home AO,,11,,,,,
2025,3,Sat,BC,11,0,3/1/2025,Mickey,1,,,Helios,Q,Home AO,,9,,,,,
2025,3,Sat,BC,11,0,3/1/2025,Kitt,1,,,Helios,,Visitor,,9,,,,,
2025,3,Sat,BC,11,0,3/1/2025,Skynet,1,,,Helios,,Home AO,,9,,,,,
2025,3,Sat,BC,11,0,3/1/2025,Baywatch,1,,,Helios,,Home AO,,9,,,,,
2025,3,Sat,BC,11,0,3/1/2025,Pi 3.14,1,,,Helios,,Home AO,,9,,,,,
2025,3,Sat,BC,11,0,3/1/2025,CSharp,1,,,Helios,,Home AO,,9,,,,,
2025,3,Sat,BC,11,0,3/1/2025,Nutria,1,,,Helios,,Home AO,,9,,,,,
2025,3,Sat,BC,11,0,3/1/2025,Norteno,1,,,Helios,,Home AO,,9,,,,,
2025,3,Sat,BC,11,0,3/1/2025,Joints,1,,,Helios,,Visitor,,9,,,,,
2025,3,Sat,BC,11,0,3/1/2025,CaliBoy,1,,,Helios,,Home AO,,9,,,,,
2025,3,Sat,BC,11,0,3/1/2025,Catheter,1,,,Helios,,Home AO,,9,,,,,
2025,3,Tue,BC,12,4,3/4/2025,Pi 3.14,1,,,Helios,,Home AO,,9,,,,,
2025,3,Tue,BC,12,4,3/4/2025,Walter White,1,1,Run,Helios,,Home AO,,9,,,,,
2025,3,Tue,BC,12,4,3/4/2025,Mickey,1,1,Run,Helios,,Home AO,,9,,,,,
2025,3,Tue,BC,12,4,3/4/2025,Stiltskin,1,1,Run,Helios,,Visitor,,9,,,,,
2025,3,Tue,BC,12,4,3/4/2025,CSharp,1,,,Helios,,Home AO,,9,,,,,
2025,3,Tue,BC,12,4,3/4/2025,Excel,1,,,Helios,,Visitor,,9,,,,,
2025,3,Tue,BC,12,4,3/4/2025,X-Games,1,,,Helios,,Home AO,,9,,,,,
2025,3,Tue,BC,12,4,3/4/2025,Cobra Kai,1,1,Run,Helios,,Home AO,,9,,,,,
2025,3,Tue,BC,12,4,3/4/2025,Slater,1,,,Helios,,Visitor,,9,,,,,
2025,3,Tue,BC,12,4,3/4/2025,Skynet,1,,,Helios,,Home AO,,9,,,,,
2025,3,Tue,BC,12,4,3/4/2025,Kingpin,1,,,Helios,,Home AO,,9,,,,,
2025,3,Tue,BC,12,4,3/4/2025,Baywatch,1,,,Helios,Q,Home AO,,9,,,,,
2025,3,Thu,BC,16,0,3/6/2025,Frolf,1,,,Helios,,Visitor,,13,,,,,
2025,3,Thu,BC,16,0,3/6/2025,Pi 3.14,1,,,Helios,,Home AO,,13,,,,,
2025,3,Thu,BC,16,0,3/6/2025,Sugar Daddy,1,,,Helios,,Home AO,,13,,,,,
2025,3,Thu,BC,16,0,3/6/2025,SunDevil,1,,,Helios,,Home AO,,13,,,,,
2025,3,Thu,BC,16,0,3/6/2025,Mickey,1,,,Helios,,Home AO,,13,,,,,
2025,3,Thu,BC,16,0,3/6/2025,Cobra Kai,1,,,Helios,,Home AO,,13,,,,,
2025,3,Thu,BC,16,0,3/6/2025,Baywatch,1,,,Helios,,Home AO,,13,,,,,
2025,3,Thu,BC,16,0,3/6/2025,Walter White,1,,,Helios,,Home AO,,13,,,,,
2025,3,Thu,BC,16,0,3/6/2025,Coach,1,,,Helios,,Home AO,,13,,,,,
2025,3,Thu,BC,16,0,3/6/2025,Trans Am,1,,,Helios,,Visitor,,13,,,,,
2025,3,Thu,BC,16,0,3/6/2025,CSharp,1,,,Helios,,Home AO,,13,,,,,
2025,3,Thu,BC,16,0,3/6/2025,Samurai,1,,,Helios,,Home AO,,13,,,,,
2025,3,Thu,BC,16,0,3/6/2025,Monopoly,1,,,Helios,,Visitor,,13,,,,,
2025,3,Thu,BC,16,0,3/6/2025,MacNcheese,1,,,Helios,,Home AO,,13,,,,,
2025,3,Thu,BC,16,0,3/6/2025,Catheter,1,,,Helios,VQ,Home AO,,13,,,,,
2025,3,Thu,BC,16,0,3/6/2025,X-games,1,,,Helios,,Home AO,,13,,,,,
2025,3,Fri,SB,10,1,3/7/2025,SunDevil,1,,,Helios,,Home AO,,10,,,,,
2025,3,Fri,SB,10,1,3/7/2025,Catheter,1,1,Run,Helios,,Home AO,,10,,,,,
2025,3,Fri,SB,10,1,3/7/2025,Mickey,1,,,Helios,,Home AO,,10,,,,,
2025,3,Fri,SB,10,1,3/7/2025,Pi 3.14,1,,,Helios,,Home AO,,10,,,,,
2025,3,Fri,SB,10,1,3/7/2025,Baywatch,1,,,Helios,,Home AO,,10,,,,,
2025,3,Fri,SB,10,1,3/7/2025,CSharp,1,,,Helios,Q,Home AO,,10,,,,,
2025,3,Fri,SB,10,1,3/7/2025,MacNcheese,1,,,Helios,,Home AO,,10,,,,,
2025,3,Fri,SB,10,1,3/7/2025,Skynet,1,,,Helios,,Home AO,,10,,,,,
2025,3,Fri,SB,10,1,3/7/2025,X-games,1,,,Helios,,Home AO,,10,,,,,
2025,3,Fri,SB,10,1,3/7/2025,Cobra Kai,1,,,Helios,,Home AO,,10,,,,,
2025,3,Sat,BC,14,0,3/8/2025,Skynet,1,,,Helios,,Home AO,,11,,,,,
2025,3,Sat,BC,14,0,3/8/2025,Catheter,1,,,Helios,,Home AO,,11,,,,,
2025,3,Sat,BC,14,0,3/8/2025,Cobra Kai,1,,,Helios,,Home AO,,11,,,,,
2025,3,Sat,BC,14,0,3/8/2025,Baywatch,1,,,Helios,,Home AO,,11,,,,,
2025,3,Sat,BC,14,0,3/8/2025,Pi 3.14,1,,,Helios,,Home AO,,11,,,,,
2025,3,Sat,BC,14,0,3/8/2025,CSharp,1,,,Helios,,Home AO,Centurion,11,,,,,
2025,3,Sat,BC,14,0,3/8/2025,Apples,1,,,Helios,,Home AO,,11,,,,,
2025,3,Sat,BC,14,0,3/8/2025,MacNcheese,1,,,Helios,,Home AO,,11,,,,,
2025,3,Sat,BC,14,0,3/8/2025,X-games,1,,,Helios,,Home AO,,11,,,,,
2025,3,Sat,BC,14,0,3/8/2025,Snacks,1,,,Helios,,Home AO,,11,,,,,
2025,3,Sat,BC,14,0,3/8/2025,Hardback,1,,,Helios,,Visitor,,11,,,,,
2025,3,Sat,BC,14,0,3/8/2025,Slater,1,,,Helios,,Visitor,,11,,,,,
2025,3,Sat,BC,14,0,3/8/2025,Triple Crown,1,,,Helios,,Visitor,,11,,,,,
2025,3,Sat,BC,14,0,3/8/2025,Mickey,1,,,Helios,Q,Home AO,,11,,,,,
2025,3,Tue,BC,15,1,3/11/2025,Hammer,1,,,Helios,Q,Visitor,,14,,,,,
2025,3,Tue,BC,15,1,3/11/2025,SunDevil,1,,,Helios,,Home AO,,14,,,,,
2025,3,Tue,BC,15,1,3/11/2025,Pi 3.14,1,,,Helios,,Home AO,,14,,,,,
2025,3,Tue,BC,15,1,3/11/2025,Baywatch,1,,,Helios,,Home AO,,14,,,,,
2025,3,Tue,BC,15,1,3/11/2025,Skynet,1,,,Helios,,Home AO,,14,,,,,
2025,3,Tue,BC,15,1,3/11/2025,Cobra Kai,1,,,Helios,,Home AO,,14,,,,,
2025,3,Tue,BC,15,1,3/11/2025,CSharp,1,,,Helios,,Home AO,,14,,,,,
2025,3,Tue,BC,15,1,3/11/2025,Nutria,1,,,Helios,,Home AO,,14,,,,,
2025,3,Tue,BC,15,1,3/11/2025,Zohan,1,,,Helios,,Home AO,,14,,,,,
2025,3,Tue,BC,15,1,3/11/2025,Catheter,1,1,Run,Helios,,Home AO,,14,,,,,
2025,3,Tue,BC,15,1,3/11/2025,Kingpin,1,,,Helios,,Home AO,,14,,,,,
2025,3,Tue,BC,15,1,3/11/2025,Apples,1,,,Helios,,Home AO,,14,,,,,
2025,3,Tue,BC,15,1,3/11/2025,Kiwi,1,,,Helios,,Home AO,,14,,,,,
2025,3,Tue,BC,15,1,3/11/2025,Mickey,1,,,Helios,,Home AO,,14,,,,,
2025,3,Tue,BC,15,1,3/11/2025,MacNcheese,1,,,Helios,,Home AO,,14,,,,,
2025,3,Thu,BC,11,2,3/13/2025,TJ Maxx,1,1,Run,Helios,,Visitor,,8,,,,,
2025,3,Thu,BC,11,2,3/13/2025,Mickey,1,,,Helios,,Home AO,,8,,,,,
2025,3,Thu,BC,11,2,3/13/2025,Pi 3.14,1,,,Helios,,Home AO,,8,,,,,
2025,3,Thu,BC,11,2,3/13/2025,MacNcheese,1,,,Helios,,Home AO,,8,,,,,
2025,3,Thu,BC,11,2,3/13/2025,Catheter,1,1,Run,Helios,,Home AO,,8,,,,,
2025,3,Thu,BC,11,2,3/13/2025,Kingpin,1,,,Helios,,Home AO,,8,,,,,
2025,3,Thu,BC,11,2,3/13/2025,X-games,1,,,Helios,,Home AO,,8,,,,,
2025,3,Thu,BC,11,2,3/13/2025,Baywatch,1,,,Helios,,Home AO,,8,,,,,
2025,3,Thu,BC,11,2,3/13/2025,Drop Zone,1,,,Helios,,Visitor,,8,,,,,
2025,3,Thu,BC,11,2,3/13/2025,Cobra Kai,1,,,Helios,,Home AO,,8,,,,,
2025,3,Thu,BC,11,2,3/13/2025,Jag,1,,,Helios,,Visitor,,8,,,,,
2025,3,Fri,SB,12,0,3/14/2025,Apples,1,,,Helios,,Home AO,,9,,,,,
2025,3,Fri,SB,12,0,3/14/2025,Baywatch,1,,,Helios,,Home AO,,9,,,,,
2025,3,Fri,SB,12,0,3/14/2025,Coach,1,,,Helios,,Home AO,,9,,,,,
2025,3,Fri,SB,12,0,3/14/2025,Cobra Kai,1,,,Helios,,Home AO,,9,,,,,
2025,3,Fri,SB,12,0,3/14/2025,CSharp,1,,,Helios,,Home AO,,9,,,,,
2025,3,Fri,SB,12,0,3/14/2025,Drop Zone,1,,,Helios,,Visitor,,9,,,,,
2025,3,Fri,SB,12,0,3/14/2025,Hardback,1,,,Helios,,Visitor,,9,,,,,
2025,3,Fri,SB,12,0,3/14/2025,MacNcheese,1,,,Helios,,Home AO,,9,,,,,
2025,3,Fri,SB,12,0,3/14/2025,Mickey,1,,,Helios,,Home AO,,9,,,,,
2025,3,Fri,SB,12,0,3/14/2025,Trans Am,1,,,Helios,,Visitor,,9,,,,,
2025,3,Fri,SB,12,0,3/14/2025,X-games,1,,,Helios,,Home AO,,9,,,,,
2025,3,Fri,SB,12,0,3/14/2025,Pi 3.14,1,,,Helios,Q,Home AO,,9,,,,,
2025,3,Sat,BC,4,0,3/15/2025,Mickey,1,,,Helios,Q,Home AO,,3,,,,,
2025,3,Sat,BC,4,0,3/15/2025,Pi 3.14,1,,,Helios,,Home AO,,3,,,,,
2025,3,Sat,BC,4,0,3/15/2025,Cobra Kai,1,,,Helios,,Home AO,,3,,,,,
2025,3,Sat,BC,4,0,3/15/2025,Trans Am,1,,,Helios,,Visitor,,3,,,,,
2025,3,Tue,BC,13,0,3/18/2025,Monopoly,1,,,Helios,Q,Visitor,,11,,,,,
2025,3,Tue,BC,13,0,3/18/2025,CSharp,1,,,Helios,,Home AO,,11,,,,,
2025,3,Tue,BC,13,0,3/18/2025,Kingpin,1,,,Helios,,Home AO,,11,,,,,
2025,3,Tue,BC,13,0,3/18/2025,Canuck,1,,,Helios,,Visitor,,11,,,,,
2025,3,Tue,BC,13,0,3/18/2025,Pi 3.14,1,,,Helios,,Home AO,,11,,,,,
2025,3,Tue,BC,13,0,3/18/2025,Mickey,1,,,Helios,,Home AO,,11,,,,,
2025,3,Tue,BC,13,0,3/18/2025,Footlocker,1,,,Helios,,Home AO,,11,,,,,
2025,3,Tue,BC,13,0,3/18/2025,Cobra Kai,1,,,Helios,,Home AO,,11,,,,,
2025,3,Tue,BC,13,0,3/18/2025,Coach,1,,,Helios,,Home AO,,11,,,,,
2025,3,Tue,BC,13,0,3/18/2025,MacNcheese,1,,,Helios,,Home AO,,11,,,,,
2025,3,Tue,BC,13,0,3/18/2025,Baywatch,1,,,Helios,,Home AO,,11,,,,,
2025,3,Tue,BC,13,0,3/18/2025,SunDevil,1,,,Helios,,Home AO,,11,,,,,
2025,3,Tue,BC,13,0,3/18/2025,Moose 88,1,,,Helios,,Home AO,,11,,,,,
2025,3,Thu,BC,12,0,3/20/2025,Mickey,1,,,Helios,,Home AO,,10,,,,,
2025,3,Thu,BC,12,0,3/20/2025,Walter White,1,,,Helios,,Home AO,,10,,,,,
2025,3,Thu,BC,12,0,3/20/2025,Futon,1,,,Helios,,Visitor,,10,,,,,
2025,3,Thu,BC,12,0,3/20/2025,Footlocker,1,,,Helios,,Home AO,,10,,,,,
2025,3,Thu,BC,12,0,3/20/2025,Cobra Kai,1,,,Helios,,Home AO,,10,,,,,
2025,3,Thu,BC,12,0,3/20/2025,Baywatch,1,,,Helios,,Home AO,,10,,,,,
2025,3,Thu,BC,12,0,3/20/2025,Skynet,1,,,Helios,,Home AO,,10,,,,,
2025,3,Thu,BC,12,0,3/20/2025,MacNcheese,1,,,Helios,,Home AO,,10,,,,,
2025,3,Thu,BC,12,0,3/20/2025,Pi 3.14,1,,,Helios,,Home AO,,10,,,,,
2025,3,Thu,BC,12,0,3/20/2025,Kingpin,1,,,Helios,,Home AO,,10,,,,,
2025,3,Thu,BC,12,0,3/20/2025,CSharp,1,,,Helios,,Home AO,,10,,,,,
2025,3,Thu,BC,12,0,3/20/2025,Admiral,1,,,Helios,Q,Visitor,,10,,,,,
2025,3,Fri,SB,12,0,3/21/2025,Pi 3.14,1,,,Helios,,Home AO,,11,,,,,
2025,3,Fri,SB,12,0,3/21/2025,Walter White,1,,,Helios,,Home AO,,11,,,,,
2025,3,Fri,SB,12,0,3/21/2025,X-games,1,,,Helios,,Home AO,,11,,,,,
2025,3,Fri,SB,12,0,3/21/2025,Cobra Kai,1,,,Helios,,Home AO,,11,,,,,
2025,3,Fri,SB,12,0,3/21/2025,Skynet,1,,,Helios,,Home AO,,11,,,,,
2025,3,Fri,SB,12,0,3/21/2025,Samurai,1,,,Helios,,Home AO,,11,,,,,
2025,3,Fri,SB,12,0,3/21/2025,Baywatch,1,,,Helios,,Home AO,,11,,,,,
2025,3,Fri,SB,12,0,3/21/2025,Mickey,1,,,Helios,,Home AO,,11,,,,,
2025,3,Fri,SB,12,0,3/21/2025,SunDevil,1,,,Helios,,Home AO,,11,,,,,
2025,3,Fri,SB,12,0,3/21/2025,CSharp,1,,,Helios,,Home AO,,11,,,,,
2025,3,Fri,SB,12,0,3/21/2025,Kingpin,1,,,Helios,,Home AO,,11,,,,,
2025,3,Fri,SB,12,0,3/21/2025,Schweddy,1,,,Helios,Q,Visitor,,11,,,,,
2025,3,Sat,BC,6,0,3/22/2025,Mickey,1,,,Helios,,Home AO,Vanguard Launch,6,,,,,
2025,3,Sat,BC,6,0,3/22/2025,Walter White,1,,,Helios,,Home AO,Vanguard Launch,6,,,,,
2025,3,Sat,BC,6,0,3/22/2025,Cobra Kai,1,,,Helios,,Home AO,Vanguard Launch,6,,,,,
2025,3,Sat,BC,6,0,3/22/2025,X-games,1,,,Helios,,Home AO,Vanguard Launch,6,,,,,
2025,3,Sat,BC,6,0,3/22/2025,Nutria,1,,,Helios,,Home AO,Vanguard Launch,6,,,,,
2025,3,Sat,BC,6,0,3/22/2025,CSharp,1,,,Helios,,Home AO,Vanguard Launch,6,,,,,
2025,3,Tue,BC,5,0,3/25/2025,Samurai,1,,,Helios,Q,Home AO,,5,,,,,
2025,3,Tue,BC,5,0,3/25/2025,CSharp,1,,,Helios,,Home AO,,5,,,,,
2025,3,Tue,BC,5,0,3/25/2025,Baywatch,1,,,Helios,,Home AO,,5,,,,,
2025,3,Tue,BC,5,0,3/25/2025,Skynet,1,,,Helios,,Home AO,,5,,,,,
2025,3,Tue,BC,5,0,3/25/2025,X-games,1,,,Helios,,Home AO,,5,,,,,
2025,3,Thu,BC,6,0,3/27/2025,SunDevil,1,,,Helios,,Home AO,,6,,,,,
2025,3,Thu,BC,6,0,3/27/2025,Kingpin,1,,,Helios,,Home AO,,6,,,,,
2025,3,Thu,BC,6,0,3/27/2025,Walter White,1,,,Helios,Q,Home AO,,6,,,,,
2025,3,Thu,BC,6,0,3/27/2025,Skynet,1,,,Helios,,Home AO,,6,,,,,
2025,3,Thu,BC,6,0,3/27/2025,Baywatch,1,,,Helios,,Home AO,,6,,,,,
2025,3,Thu,BC,6,0,3/27/2025,Coach,1,,,Helios,,Home AO,,6,,,,,
2025,3,Fri,SB,9,0,3/28/2025,Walter White,1,,,Helios,,Home AO,,9,,,,,
2025,3,Fri,SB,9,0,3/28/2025,Kingpin,1,,,Helios,Q,Home AO,,9,,,,,
2025,3,Fri,SB,9,0,3/28/2025,Mickey,1,,,Helios,Q,Home AO,,9,,,,,
2025,3,Fri,SB,9,0,3/28/2025,Cobra Kai,1,,,Helios,,Home AO,,9,,,,,
2025,3,Fri,SB,9,0,3/28/2025,Yoo-hoo,1,,,Helios,,Home AO,,9,,,,,
2025,3,Fri,SB,9,0,3/28/2025,SunDevil,1,,,Helios,,Home AO,,9,,,,,
2025,3,Fri,SB,9,0,3/28/2025,X-games,1,,,Helios,,Home AO,,9,,,,,
2025,3,Fri,SB,9,0,3/28/2025,Skynet,1,,,Helios,,Home AO,,9,,,,,
2025,3,Fri,SB,9,0,3/28/2025,CSharp,1,,,Helios,,Home AO,,9,,,,,
2025,3,Sat,BC,7,0,3/29/2025,Mickey,1,,,Helios,Q,Home AO,Pickle Ball,7,,,,,
2025,3,Sat,BC,7,0,3/29/2025,Pi 3.14,1,,,Helios,,Home AO,Pickle Ball,7,,,,,
2025,3,Sat,BC,7,0,3/29/2025,CSharp,1,,,Helios,,Home AO,Pickle Ball,7,,,,,
2025,3,Sat,BC,7,0,3/29/2025,MacNcheese,1,,,Helios,,Home AO,Pickle Ball,7,,,,,
2025,3,Sat,BC,7,0,3/29/2025,Chisel,1,,,Helios,,Home AO,Pickle Ball,7,,,,,
2025,3,Sat,BC,7,0,3/29/2025,Cobra Kai,1,,,Helios,,Home AO,Pickle Ball,7,,,,,
2025,3,Sat,BC,7,0,3/29/2025,Skynet,1,,,Helios,,Home AO,Pickle Ball,7,,,,,
2025,4,Tue,BC,12,2,4/1/2025,SunDevil,1,,,Helios,Q,Home AO,,10,,,,,
2025,4,Tue,BC,12,2,4/1/2025,Red Corvette,1,1,Run,Helios,,Visitor,,10,,,,,
2025,4,Tue,BC,12,2,4/1/2025,Stiltskin,1,1,Run,Helios,,Visitor,,10,,,,,
2025,4,Tue,BC,12,2,4/1/2025,Pi 3.14,1,,,Helios,,Home AO,,10,,,,,
2025,4,Tue,BC,12,2,4/1/2025,Walter White,1,,,Helios,,Home AO,,10,,,,,
2025,4,Tue,BC,12,2,4/1/2025,Cobra Kai,1,,,Helios,,Home AO,,10,,,,,
2025,4,Tue,BC,12,2,4/1/2025,Kingpin,1,,,Helios,,Home AO,,10,,,,,
2025,4,Tue,BC,12,2,4/1/2025,Skynet,1,,,Helios,,Home AO,,10,,,,,
2025,4,Tue,BC,12,2,4/1/2025,Coach,1,,,Helios,,Home AO,,10,,,,,
2025,4,Tue,BC,12,2,4/1/2025,Baywatch,1,,,Helios,,Home AO,,10,,,,,
2025,4,Tue,BC,12,2,4/1/2025,X-games,1,,,Helios,,Home AO,,10,,,,,
2025,4,Tue,BC,12,2,4/1/2025,CSharp,1,,,Helios,,Home AO,,10,,,,,
2025,4,Thu,BC,12,0,4/3/2025,Bigmouth,1,,,Helios,Q,Visitor,,10,,,,,
2025,4,Thu,BC,12,0,4/3/2025,Mickey,1,,,Helios,,Home AO,,10,,,,,
2025,4,Thu,BC,12,0,4/3/2025,Walter White,1,,,Helios,,Home AO,,10,,,,,
2025,4,Thu,BC,12,0,4/3/2025,CSharp,1,,,Helios,,Home AO,,10,,,,,
2025,4,Thu,BC,12,0,4/3/2025,MacNcheese,1,,,Helios,,Home AO,,10,,,,,
2025,4,Thu,BC,12,0,4/3/2025,Pi 3.14,1,,,Helios,,Home AO,,10,,,,,
2025,4,Thu,BC,12,0,4/3/2025,Skynet,1,,,Helios,,Home AO,,10,,,,,
2025,4,Thu,BC,12,0,4/3/2025,Cobra Kai,1,,,Helios,,Home AO,,10,,,,,
2025,4,Thu,BC,12,0,4/3/2025,Kingpin,1,,,Helios,,Home AO,,10,,,,,
2025,4,Thu,BC,12,0,4/3/2025,X-games,1,,,Helios,,Home AO,,10,,,,,
2025,4,Thu,BC,12,0,4/3/2025,Canuck,1,,,Helios,,Visitor,,10,,,,,
2025,4,Thu,BC,12,0,4/3/2025,Yellowstone,1,,,Helios,,Home AO,,10,,,,,
2025,4,Fri,SB,12,0,4/4/2025,Baywatch,1,,,Helios,,Home AO,,12,,,,,
2025,4,Fri,SB,12,0,4/4/2025,Coach,1,,,Helios,,Home AO,,12,,,,,
2025,4,Fri,SB,12,0,4/4/2025,Cobra Kai,1,,,Helios,,Home AO,,12,,,,,
2025,4,Fri,SB,12,0,4/4/2025,Kingpin,1,,,Helios,,Home AO,,12,,,,,
2025,4,Fri,SB,12,0,4/4/2025,MacNcheese,1,,,Helios,,Home AO,,12,,,,,
2025,4,Fri,SB,12,0,4/4/2025,Mickey,1,,,Helios,,Home AO,,12,,,,,
2025,4,Fri,SB,12,0,4/4/2025,Skynet,1,,,Helios,,Home AO,,12,,,,,
2025,4,Fri,SB,12,0,4/4/2025,SunDevil,1,,,Helios,,Home AO,,12,,,,,
2025,4,Fri,SB,12,0,4/4/2025,Walter White,1,,,Helios,,Home AO,,12,,,,,
2025,4,Fri,SB,12,0,4/4/2025,X-games,1,,,Helios,,Home AO,,12,,,,,
2025,4,Fri,SB,12,0,4/4/2025,Yoo-hoo,1,,,Helios,,Home AO,,12,,,,,
2025,4,Fri,SB,12,0,4/4/2025,Pi 3.14,1,,,Helios,Q,Home AO,,12,,,,,
2025,4,Sat,BC,6,0,4/5/2025,Mickey,1,,,Helios,,Home AO,Beacon OTB,6,,,,,
2025,4,Sat,BC,6,0,4/5/2025,Walter White,1,,,Helios,,Home AO,Beacon OTB,6,,,,,
2025,4,Sat,BC,6,0,4/5/2025,Baywatch,1,,,Helios,,Home AO,Beacon OTB,6,,,,,
2025,4,Sat,BC,6,0,4/5/2025,X-games,1,,,Helios,,Home AO,Beacon OTB,6,,,,,
2025,4,Sat,BC,6,0,4/5/2025,Skynet,1,,,Helios,,Home AO,Beacon OTB,6,,,,,
2025,4,Sat,BC,6,0,4/5/2025,Cobra Kai,1,,,Helios,,Home AO,Beacon OTB,6,,,,,
2025,4,Tue,BC,8,0,4/8/2025,Baywatch,1,,,Helios,,Home AO,,7,,,,,
2025,4,Tue,BC,8,0,4/8/2025,CSharp,1,,,Helios,,Home AO,,7,,,,,
2025,4,Tue,BC,8,0,4/8/2025,Excel,1,,,Helios,,Visitor,,7,,,,,
2025,4,Tue,BC,8,0,4/8/2025,Kingpin,1,,,Helios,,Home AO,,7,,,,,
2025,4,Tue,BC,8,0,4/8/2025,Skynet,1,,,Helios,,Home AO,,7,,,,,
2025,4,Tue,BC,8,0,4/8/2025,Samurai,1,,,Helios,,Home AO,,7,,,,,
2025,4,Tue,BC,8,0,4/8/2025,X-games,1,,,Helios,,Home AO,,7,,,,,
2025,4,Tue,BC,8,0,4/8/2025,Pi 3.14,1,,,Helios,Q,Home AO,,7,,,,,
2025,4,Thu,BC,6,0,4/10/2025,CSharp,1,,,Helios,Q,Home AO,,6,,,,,
2025,4,Thu,BC,6,0,4/10/2025,Walter White,1,,,Helios,,Home AO,,6,,,,,
2025,4,Thu,BC,6,0,4/10/2025,Cobra Kai,1,,,Helios,,Home AO,,6,,,,,
2025,4,Thu,BC,6,0,4/10/2025,Samurai,1,,,Helios,,Home AO,,6,,,,,
2025,4,Thu,BC,6,0,4/10/2025,Kingpin,1,,,Helios,,Home AO,Centurion,6,,,,,
2025,4,Thu,BC,6,0,4/10/2025,Skynet,1,,,Helios,,Home AO,,6,,,,,
2025,4,Fri,SB,9,1,4/11/2025,Walter White,1,,,Helios,,Home AO,,8,,,,,
2025,4,Fri,SB,9,1,4/11/2025,Skynet,1,,,Helios,,Home AO,,8,,,,,
2025,4,Fri,SB,9,1,4/11/2025,Kingpin,1,,,Helios,,Home AO,,8,,,,,
2025,4,Fri,SB,9,1,4/11/2025,CSharp,1,,,Helios,,Home AO,,8,,,,,
2025,4,Fri,SB,9,1,4/11/2025,Cobra Kai,1,,,Helios,,Home AO,,8,,,,,
2025,4,Fri,SB,9,1,4/11/2025,Mickey,1,,,Helios,,Home AO,,8,,,,,
2025,4,Fri,SB,9,1,4/11/2025,Bob Barker,1,,,Helios,,Visitor,,8,,,,,
2025,4,Fri,SB,9,1,4/11/2025,Samurai,1,,,Helios,,Home AO,,8,,,,,
2025,4,Fri,SB,9,1,4/11/2025,SunDevil,1,1,Run,Helios,Q,Home AO,,8,,,,,
2025,4,Sat,BC,5,0,4/12/2025,Skynet,1,,,Helios,,Home AO,,5,,,,,
2025,4,Sat,BC,5,0,4/12/2025,Nutria,1,,,Helios,,Home AO,,5,,,,,
2025,4,Sat,BC,5,0,4/12/2025,Cobra Kai,1,,,Helios,,Home AO,,5,,,,,
2025,4,Sat,BC,5,0,4/12/2025,Kingpin,1,,,Helios,,Home AO,,5,,,,,
2025,4,Sat,BC,5,0,4/12/2025,Mickey,1,,,Helios,Q,Home AO,,5,,,,,
2025,4,Tue,BC,3,0,4/15/2025,Samurai,1,,,Helios,Q,Home AO,,3,,,,,
2025,4,Tue,BC,3,0,4/15/2025,Kingpin,1,,,Helios,,Home AO,,3,,,,,
2025,4,Tue,BC,3,0,4/15/2025,Moose 88,1,,,Helios,,Home AO,,3,,,,,
2025,4,Thu,BC,11,0,4/17/2025,CSharp,1,,,Helios,,Home AO,,10,,,,,
2025,4,Thu,BC,11,0,4/17/2025,Baywatch,1,,,Helios,,Home AO,,10,,,,,
2025,4,Thu,BC,11,0,4/17/2025,Cobra Kai,1,,,Helios,,Home AO,,10,,,,,
2025,4,Thu,BC,11,0,4/17/2025,Skynet,1,,,Helios,,Home AO,,10,,,,,
2025,4,Thu,BC,11,0,4/17/2025,Mickey,1,,,Helios,,Home AO,,10,,,,,
2025,4,Thu,BC,11,0,4/17/2025,Kingpin,1,,,Helios,,Home AO,,10,,,,,
2025,4,Thu,BC,11,0,4/17/2025,Walter White,1,,,Helios,,Home AO,,10,,,,,
2025,4,Thu,BC,11,0,4/17/2025,MacNcheese,1,,,Helios,,Home AO,,10,,,,,
2025,4,Thu,BC,11,0,4/17/2025,X-games,1,,,Helios,,Home AO,,10,,,,,
2025,4,Thu,BC,11,0,4/17/2025,Oxtails,1,,,Helios,FNG,Home AO,,10,,,,,
2025,4,Thu,BC,11,0,4/17/2025,Gracie,1,,,Helios,Q,Visitor,,10,,,,,
2025,4,Fri,SB,4,0,4/18/2025,Mickey,1,,,Helios,,Home AO,Station,4,,,,,
2025,4,Fri,SB,4,0,4/18/2025,Cobra Kai,1,,,Helios,,Home AO,Station,4,,,,,
2025,4,Fri,SB,4,0,4/18/2025,Walter White,1,,,Helios,,Home AO,Station,4,,,,,
2025,4,Fri,SB,4,0,4/18/2025,SunDevil,1,,,Helios,,Home AO,Jotunheim,4,,,,,
2025,4,Sat,BC,3,0,4/19/2025,Mickey,1,,,Helios,,Home AO,Cornerstone Anniversary,3,,,,,
2025,4,Sat,BC,3,0,4/19/2025,Cobra Kai,1,,,Helios,,Home AO,Cornerstone Anniversary,3,,,,,
2025,4,Sat,BC,3,0,4/19/2025,CSharp,1,,,Helios,,Home AO,Cornerstone Anniversary,3,,,,,
2025,4,Tue,BC,7,0,4/22/2025,Walter White,1,,,Helios,,Home AO,,7,,,,,
2025,4,Tue,BC,7,0,4/22/2025,Mako,1,,,Helios,,Home AO,,7,,,,,
2025,4,Tue,BC,7,0,4/22/2025,CSharp,1,,,Helios,Q,Home AO,,7,,,,,
2025,4,Tue,BC,7,0,4/22/2025,Cobra Kai,1,,,Helios,,Home AO,,7,,,,,
2025,4,Tue,BC,7,0,4/22/2025,Pi 3.14,1,,,Helios,,Home AO,,7,,,,,
2025,4,Tue,BC,7,0,4/22/2025,SunDevil,1,,,Helios,,Home AO,,7,,,,,
2025,4,Tue,BC,7,0,4/22/2025,Samurai,1,,,Helios,,Home AO,,7,,,,,
2025,4,Thu,BC,12,0,4/24/2025,Escobar,1,,,Helios,Q,Visitor,,11,,,,,
2025,4,Thu,BC,12,0,4/24/2025,Mickey,1,,,Helios,,Home AO,,11,,,,,
2025,4,Thu,BC,12,0,4/24/2025,CSharp,1,,,Helios,,Home AO,,11,,,,,
2025,4,Thu,BC,12,0,4/24/2025,Pi 3.14,1,,,Helios,,Home AO,,11,,,,,
2025,4,Thu,BC,12,0,4/24/2025,Baywatch,1,,,Helios,,Home AO,,11,,,,,
2025,4,Thu,BC,12,0,4/24/2025,X-games,1,,,Helios,,Home AO,,11,,,,,
2025,4,Thu,BC,12,0,4/24/2025,Oxtails,1,,,Helios,,Home AO,,11,,,,,
2025,4,Thu,BC,12,0,4/24/2025,Kingpin,1,,,Helios,,Home AO,,11,,,,,
2025,4,Thu,BC,12,0,4/24/2025,Samurai,1,,,Helios,,Home AO,,11,,,,,
2025,4,Thu,BC,12,0,4/24/2025,Cobra Kai,1,,,Helios,,Home AO,,11,,,,,
2025,4,Thu,BC,12,0,4/24/2025,Walter White,1,,,Helios,,Home AO,,11,,,,,
2025,4,Thu,BC,12,0,4/24/2025,MacNcheese,1,,,Helios,,Home AO,,11,,,,,
2025,4,Fri,SB,8,0,4/25/2025,Linguini,1,,,Helios,Q,Visitor,,6,,,,,
2025,4,Fri,SB,8,0,4/25/2025,Frog Legs,1,,,Helios,,Visitor,,6,,,,,
2025,4,Fri,SB,8,0,4/25/2025,Kingpin,1,,,Helios,,Home AO,,6,,,,,
2025,4,Fri,SB,8,0,4/25/2025,SunDevil,1,,,Helios,,Home AO,,6,,,,,
2025,4,Fri,SB,8,0,4/25/2025,Cobra Kai,1,,,Helios,,Home AO,,6,,,,,
2025,4,Fri,SB,8,0,4/25/2025,Walter White,1,,,Helios,,Home AO,,6,,,,,
2025,4,Fri,SB,8,0,4/25/2025,X-Games,1,,,Helios,,Home AO,,6,,,,,
2025,4,Fri,SB,8,0,4/25/2025,Mickey,1,,,Helios,,Home AO,,6,,,,,
2025,4,Sat,BC,3,0,4/26/2025,Pi 3.14,1,,,Helios,,Home AO,Pickle Ball,3,,,,,
2025,4,Sat,BC,3,0,4/26/2025,Kingpin,1,,,Helios,,Home AO,Pickle Ball,3,,,,,
2025,4,Sat,BC,3,0,4/26/2025,Nutria,1,,,Helios,,Home AO,Pickle Ball,3,,,,,
2025,4,Tue,BC,7,0,4/29/2025,CSharp,1,,,Helios,Q,Home AO,,7,,,,,
2025,4,Tue,BC,7,0,4/29/2025,Kingpin,1,,,Helios,,Home AO,,7,,,,,
2025,4,Tue,BC,7,0,4/29/2025,Cobra Kai,1,,,Helios,,Home AO,,7,,,,,
2025,4,Tue,BC,7,0,4/29/2025,Skynet,1,,,Helios,,Home AO,,7,,,,,
2025,4,Tue,BC,7,0,4/29/2025,Pi 3.14,1,,,Helios,,Home AO,,7,,,,,
2025,4,Tue,BC,7,0,4/29/2025,MacNcheese,1,,,Helios,,Home AO,,7,,,,,
2025,4,Tue,BC,7,0,4/29/2025,Coach,1,,,Helios,,Home AO,,7,,,,,
2025,5,Thu,BC,14,2,5/1/2025,Baywatch,1,,,Helios,Q,Home AO,,13,,,,,
2025,5,Thu,BC,14,2,5/1/2025,Stiltskin,1,1,Run,Helios,,Visitor,,13,,,,,
2025,5,Thu,BC,14,2,5/1/2025,Mickey,1,,,Helios,,Home AO,,13,,,,,
2025,5,Thu,BC,14,2,5/1/2025,SunDevil,1,,,Helios,,Home AO,,13,,,,,
2025,5,Thu,BC,14,2,5/1/2025,Walter White,1,,,Helios,,Home AO,,13,,,,,
2025,5,Thu,BC,14,2,5/1/2025,Skynet,1,,,Helios,,Home AO,,13,,,,,
2025,5,Thu,BC,14,2,5/1/2025,MacNcheese,1,,,Helios,,Home AO,,13,,,,,
2025,5,Thu,BC,14,2,5/1/2025,CSharp,1,,,Helios,Q,Home AO,,13,,,,,
2025,5,Thu,BC,14,2,5/1/2025,Nutria,1,,,Helios,,Home AO,,13,,,,,
2025,5,Thu,BC,14,2,5/1/2025,Yoo-hoo,1,1,Run,Helios,,Home AO,,13,,,,,
2025,5,Thu,BC,14,2,5/1/2025,Cobra Kai,1,,,Helios,,Home AO,,13,,,,,
2025,5,Thu,BC,14,2,5/1/2025,Zohan,1,,,Helios,,Home AO,,13,,,,,
2025,5,Thu,BC,14,2,5/1/2025,X-Games,1,,,Helios,,Home AO,,13,,,,,
2025,5,Thu,BC,14,2,5/1/2025,Marshall,1,,,Helios,,Home AO,,13,,,,,
2025,5,Fri,SB,9,0,5/2/2025,Samurai,1,,,Helios,Q,Home AO,,9,,,,,
2025,5,Fri,SB,9,0,5/2/2025,Mickey,1,,,Helios,,Home AO,,9,,,,,
2025,5,Fri,SB,9,0,5/2/2025,Walter White,1,,,Helios,,Home AO,,9,,,,,
2025,5,Fri,SB,9,0,5/2/2025,Cobra Kai,1,,,Helios,,Home AO,,9,,,,,
2025,5,Fri,SB,9,0,5/2/2025,X-Games,1,,,Helios,,Home AO,,9,,,,,
2025,5,Fri,SB,9,0,5/2/2025,Yoo-hoo,1,,,Helios,,Home AO,,9,,,,,
2025,5,Fri,SB,9,0,5/2/2025,Skynet,1,,,Helios,,Home AO,,9,,,,,
2025,5,Fri,SB,9,0,5/2/2025,CSharp,1,,,Helios,,Home AO,,9,,,,,
2025,5,Fri,SB,9,0,5/2/2025,Marshall,1,,,Helios,,Home AO,,9,,,,,
2025,5,Sat,BC,3,0,5/3/2025,Nutria,1,,,Helios,,Home AO,Cavalry Launch,3,,,,,
2025,5,Sat,BC,3,0,5/3/2025,Mickey,1,,,Helios,,Home AO,Cavalry Launch,3,,,,,
2025,5,Sat,BC,3,0,5/3/2025,Cobra Kai,1,,,Helios,,Home AO,Cavalry Launch,3,,,,,
2025,5,Tue,BC,13,2,5/6/2025,Latex,1,,,Helios,Q,Visitor,,11,,,,,
2025,5,Tue,BC,13,2,5/6/2025,Pi 3.14,1,,,Helios,,Home AO,,11,,,,,
2025,5,Tue,BC,13,2,5/6/2025,Moose 88,1,,,Helios,,Home AO,,11,,,,,
2025,5,Tue,BC,13,2,5/6/2025,Cobra Kai,1,,,Helios,,Home AO,,11,,,,,
2025,5,Tue,BC,13,2,5/6/2025,Canuck,1,,,Helios,,Visitor,,11,,,,,
2025,5,Tue,BC,13,2,5/6/2025,Coach,1,,,Helios,,Home AO,,11,,,,,
2025,5,Tue,BC,13,2,5/6/2025,Kingpin,1,,,Helios,,Home AO,,11,,,,,
2025,5,Tue,BC,13,2,5/6/2025,Samurai,1,,,Helios,,Home AO,,11,,,,,
2025,5,Tue,BC,13,2,5/6/2025,Baywatch,1,1,Run,Helios,,Home AO,,11,,,,,
2025,5,Tue,BC,13,2,5/6/2025,SunDevil,1,1,Run,Helios,,Home AO,,11,,,,,
2025,5,Tue,BC,13,2,5/6/2025,Skynet,1,,,Helios,,Home AO,,11,,,,,
2025,5,Tue,BC,13,2,5/6/2025,CSharp,1,,,Helios,,Home AO,,11,,,,,
2025,5,Tue,BC,13,2,5/6/2025,Walter White,1,,,Helios,,Home AO,,11,,,,,
2025,5,Thu,BC,7,0,5/8/2025,Mickey,1,,,Helios,,Home AO,,6,,,,,
2025,5,Thu,BC,7,0,5/8/2025,Skynet,1,,,Helios,,Home AO,,6,,,,,
2025,5,Thu,BC,7,0,5/8/2025,Walter White,1,,,Helios,,Home AO,,6,,,,,
2025,5,Thu,BC,7,0,5/8/2025,Cobra Kai,1,,,Helios,,Home AO,,6,,,,,
2025,5,Thu,BC,7,0,5/8/2025,Monopoly,1,,,Helios,Q,Visitor,,6,,,,,
2025,5,Thu,BC,7,0,5/8/2025,Moose 88,1,,,Helios,,Home AO,,6,,,,,
2025,5,Thu,BC,7,0,5/8/2025,Pi 3.14,1,,,Helios,,Home AO,,6,,,,,
2025,5,Fri,SB,10,0,5/9/2025,Skynet,1,,,Helios,VQ,Home AO,,10,,,,,
2025,5,Fri,SB,10,0,5/9/2025,Yellowstone,1,,,Helios,,Home AO,,10,,,,,
2025,5,Fri,SB,10,0,5/9/2025,Walter White,1,,,Helios,,Home AO,,10,,,,,
2025,5,Fri,SB,10,0,5/9/2025,Pi 3.14,1,,,Helios,,Home AO,,10,,,,,
2025,5,Fri,SB,10,0,5/9/2025,Cobra Kai,1,,,Helios,,Home AO,,10,,,,,
2025,5,Fri,SB,10,0,5/9/2025,Samurai,1,,,Helios,,Home AO,,10,,,,,
2025,5,Fri,SB,10,0,5/9/2025,CSharp,1,,,Helios,,Home AO,,10,,,,,
2025,5,Fri,SB,10,0,5/9/2025,SunDevil,1,,,Helios,,Home AO,,10,,,,,
2025,5,Fri,SB,10,0,5/9/2025,Snacks,1,,,Helios,,Home AO,,10,,,,,
2025,5,Fri,SB,10,0,5/9/2025,Mickey,1,,,Helios,,Home AO,,10,,,,,
2025,5,Sat,BC,7,0,5/10/2025,CaliBoy,1,,,Helios,,Home AO,,7,,,,,
2025,5,Sat,BC,7,0,5/10/2025,Samurai,1,,,Helios,,Home AO,,7,,,,,
2025,5,Sat,BC,7,0,5/10/2025,Pi 3.14,1,,,Helios,,Home AO,,7,,,,,
2025,5,Sat,BC,7,0,5/10/2025,Cobra Kai,1,,,Helios,,Home AO,,7,,,,,
2025,5,Sat,BC,7,0,5/10/2025,Skynet,1,,,Helios,,Home AO,,7,,,,,
2025,5,Sat,BC,7,0,5/10/2025,Snacks,1,,,Helios,,Home AO,,7,,,,,
2025,5,Sat,BC,7,0,5/10/2025,Walter White,1,,,Helios,Q,Home AO,,7,,,,,
2025,5,Tue,BC,11,0,5/13/2025,Samurai,1,,,Helios,Q,Home AO,,10,,,,,
2025,5,Tue,BC,11,0,5/13/2025,Mickey,1,,,Helios,,Home AO,,10,,,,,
2025,5,Tue,BC,11,0,5/13/2025,CSharp,1,,,Helios,,Home AO,,10,,,,,
2025,5,Tue,BC,11,0,5/13/2025,Walter White,1,,,Helios,,Home AO,,10,,,,,
2025,5,Tue,BC,11,0,5/13/2025,Cobra Kai,1,,,Helios,,Home AO,,10,,,,,
2025,5,Tue,BC,11,0,5/13/2025,Pi 3.14,1,,,Helios,,Home AO,,10,,,,,
2025,5,Tue,BC,11,0,5/13/2025,Skynet,1,,,Helios,,Home AO,,10,,,,,
2025,5,Tue,BC,11,0,5/13/2025,Apples,1,,,Helios,,Home AO,,10,,,,,
2025,5,Tue,BC,11,0,5/13/2025,Baywatch,1,,,Helios,,Home AO,,10,,,,,
2025,5,Tue,BC,11,0,5/13/2025,MacNcheese,1,,,Helios,,Home AO,,10,,,,,
2025,5,Tue,BC,11,0,5/13/2025,Sam's Club,1,,,Helios,,Visitor,,10,,,,,
2025,5,Thu,BC,11,0,5/15/2025,Mickey,1,,,Helios,,Home AO,,9,,,,,
2025,5,Thu,BC,11,0,5/15/2025,Sam's Club,1,,,Helios,,Visitor,,9,,,,,
2025,5,Thu,BC,11,0,5/15/2025,Pi 3.14,1,,,Helios,,Home AO,,9,,,,,
2025,5,Thu,BC,11,0,5/15/2025,Apples,1,,,Helios,,Home AO,,9,,,,,
2025,5,Thu,BC,11,0,5/15/2025,Cobra Kai,1,,,Helios,,Home AO,,9,,,,,
2025,5,Thu,BC,11,0,5/15/2025,Samurai,1,,,Helios,,Home AO,,9,,,,,
2025,5,Thu,BC,11,0,5/15/2025,MacNcheese,1,,,Helios,,Home AO,,9,,,,,
2025,5,Thu,BC,11,0,5/15/2025,Walter White,1,,,Helios,,Home AO,,9,,,,,
2025,5,Thu,BC,11,0,5/15/2025,Excel,1,,,Helios,,Visitor,,9,,,,,
2025,5,Thu,BC,11,0,5/15/2025,Skynet,1,,,Helios,,Home AO,,9,,,,,
2025,5,Thu,BC,11,0,5/15/2025,Baywatch,1,,,Helios,,Home AO,,9,,,,,
2025,5,Fri,SB,9,0,5/16/2025,Walter White,1,,,Helios,,Home AO,,8,,,,,
2025,5,Fri,SB,9,0,5/16/2025,Tiger,1,,,Helios,,Visitor,,8,,,,,
2025,5,Fri,SB,9,0,5/16/2025,Cobra Kai,1,,,Helios,,Home AO,,8,,,,,
2025,5,Fri,SB,9,0,5/16/2025,Pi 3.14,1,,,Helios,,Home AO,,8,,,,,
2025,5,Fri,SB,9,0,5/16/2025,Samurai,1,,,Helios,,Home AO,,8,,,,,
2025,5,Fri,SB,9,0,5/16/2025,Yoo-hoo,1,,,Helios,,Home AO,,8,,,,,
2025,5,Fri,SB,9,0,5/16/2025,Skynet,1,,,Helios,,Home AO,,8,,,,,
2025,5,Fri,SB,9,0,5/16/2025,MacNcheese,1,,,Helios,,Home AO,,8,,,,,
2025,5,Fri,SB,9,0,5/16/2025,CSharp,1,,,Helios,,Home AO,,8,,,,,
2025,5,Sat,BC,6,0,5/17/2025,Skynet,1,,,Helios,,Home AO,,6,,,,,
2025,5,Sat,BC,6,0,5/17/2025,Pi 3.14,1,,,Helios,,Home AO,,6,,,,,
2025,5,Sat,BC,6,0,5/17/2025,Cobra Kai,1,,,Helios,,Home AO,,6,,,,,
2025,5,Sat,BC,6,0,5/17/2025,Snacks,1,,,Helios,,Home AO,,6,,,,,
2025,5,Sat,BC,6,0,5/17/2025,Walter White,1,,,Helios,,Home AO,,6,,,,,
2025,5,Sat,BC,6,0,5/17/2025,Mickey,1,,,Helios,Q,Home AO,,6,,,,,
2025,5,Tue,BC,10,0,5/20/2025,SunDevil,1,,,Helios,,Home AO,,9,,,,,
2025,5,Tue,BC,10,0,5/20/2025,Walter White,1,,,Helios,,Home AO,,9,,,,,
2025,5,Tue,BC,10,0,5/20/2025,Mickey,1,,,Helios,,Home AO,,9,,,,,
2025,5,Tue,BC,10,0,5/20/2025,Pi 3.14,1,,,Helios,,Home AO,,9,,,,,
2025,5,Tue,BC,10,0,5/20/2025,Cobra Kai,1,,,Helios,,Home AO,,9,,,,,
2025,5,Tue,BC,10,0,5/20/2025,MacNcheese,1,,,Helios,FNG,Home AO,,9,,,,,
2025,5,Tue,BC,10,0,5/20/2025,Skynet,1,,,Helios,,Home AO,,9,,,,,
2025,5,Tue,BC,10,0,5/20/2025,Samurai,1,,,Helios,,Home AO,,9,,,,,
2025,5,Tue,BC,10,0,5/20/2025,WolfHound,1,,,Helios,,Home AO,,9,,,,,
2025,5,Tue,BC,10,0,5/20/2025,Sam's Club,1,,,Helios,,Visitor,,9,,,,,
2025,5,Thu,BC,10,0,5/22/2025,Mako,1,,,Helios,,Home AO,,9,,,,,
2025,5,Thu,BC,10,0,5/22/2025,Samurai,1,,,Helios,,Home AO,,9,,,,,
2025,5,Thu,BC,10,0,5/22/2025,Cobra Kai,1,,,Helios,,Home AO,,9,,,,,
2025,5,Thu,BC,10,0,5/22/2025,Walter White,1,,,Helios,,Home AO,,9,,,,,
2025,5,Thu,BC,10,0,5/22/2025,Pi 3.14,1,,,Helios,,Home AO,,9,,,,,
2025,5,Thu,BC,10,0,5/22/2025,Skynet,1,,,Helios,,Home AO,,9,,,,,
2025,5,Thu,BC,10,0,5/22/2025,CSharp,1,,,Helios,,Home AO,,9,,,,,
2025,5,Thu,BC,10,0,5/22/2025,Mickey,1,,,Helios,,Home AO,,9,,,,,
2025,5,Thu,BC,10,0,5/22/2025,Zohan,1,,,Helios,,Home AO,,9,,,,,
2025,5,Thu,BC,10,0,5/22/2025,Klondike,1,,,Helios,Q,Visitor,,9,,,,,
2025,5,Fri,SB,8,0,5/23/2025,Samurai,1,,,Helios,,Home AO,,8,,,,,
2025,5,Fri,SB,8,0,5/23/2025,Cobra Kai,1,,,Helios,,Home AO,,8,,,,,
2025,5,Fri,SB,8,0,5/23/2025,Pi 3.14,1,,,Helios,,Home AO,,8,,,,,
2025,5,Fri,SB,8,0,5/23/2025,Skynet,1,,,Helios,,Home AO,,8,,,,,
2025,5,Fri,SB,8,0,5/23/2025,Snacks,1,,,Helios,,Home AO,,8,,,,,
2025,5,Fri,SB,8,0,5/23/2025,Nutria,1,,,Helios,,Home AO,,8,,,,,
2025,5,Fri,SB,8,0,5/23/2025,Yoo-hoo,1,,,Helios,,Home AO,,8,,,,,
2025,5,Fri,SB,8,0,5/23/2025,CSharp,1,,,Helios,Q,Home AO,,8,,,,,
2025,5,Sat,BC,7,0,5/24/2025,Skynet,1,,,Helios,Q,Home AO,,7,,,,,
2025,5,Sat,BC,7,0,5/24/2025,Mickey,1,,,Helios,,Home AO,,7,,,,,
2025,5,Sat,BC,7,0,5/24/2025,Cobra Kai,1,,,Helios,,Home AO,,7,,,,,
2025,5,Sat,BC,7,0,5/24/2025,CSharp,1,,,Helios,,Home AO,,7,,,,,
2025,5,Sat,BC,7,0,5/24/2025,Snacks,1,,,Helios,,Home AO,,7,,,,,
2025,5,Sat,BC,7,0,5/24/2025,CaliBoy,1,,,Helios,,Home AO,,7,,,,,
2025,5,Sat,BC,7,0,5/24/2025,Nutria,1,,,Helios,,Home AO,,7,,,,,
2025,5,Tue,BC,7,0,5/27/2025,Drill Bit,1,,,Helios,Q,Visitor,,6,,,,,
2025,5,Tue,BC,7,0,5/27/2025,CSharp,1,,,Helios,,Home AO,,6,,,,,
2025,5,Tue,BC,7,0,5/27/2025,Samurai,1,,,Helios,,Home AO,,6,,,,,
2025,5,Tue,BC,7,0,5/27/2025,Cobra Kai,1,,,Helios,,Home AO,,6,,,,,
2025,5,Tue,BC,7,0,5/27/2025,Mickey,1,,,Helios,,Home AO,,6,,,,,
2025,5,Tue,BC,7,0,5/27/2025,Skynet,1,,,Helios,,Home AO,,6,,,,,
2025,5,Tue,BC,7,0,5/27/2025,Smoke Alarm,1,,,Helios,FNG,Home AO,,6,,,,,
2025,5,Thu,BC,9,0,5/29/2025,Hardback,1,,,Helios,Q,Visitor,,7,,,,,
2025,5,Thu,BC,9,0,5/29/2025,HardSac,1,,,Helios,2nd Helpings,Visitor,,7,,,,,
2025,5,Thu,BC,9,0,5/29/2025,Mickey,1,,,Helios,,Home AO,,7,,,,,
2025,5,Thu,BC,9,0,5/29/2025,Kingpin,1,,,Helios,,Home AO,,7,,,,,
2025,5,Thu,BC,9,0,5/29/2025,Skynet,1,,,Helios,,Home AO,,7,,,,,
2025,5,Thu,BC,9,0,5/29/2025,SunDevil,1,,,Helios,,Home AO,,7,,,,,
2025,5,Thu,BC,9,0,5/29/2025,Cobra Kai,1,,,Helios,,Home AO,,7,,,,,
2025,5,Thu,BC,9,0,5/29/2025,Samurai,1,,,Helios,,Home AO,,7,,,,,
2025,5,Thu,BC,9,0,5/29/2025,CSharp,1,,,Helios,,Home AO,,7,,,,,
2025,5,Fri,SB,10,0,5/30/2025,Excel,1,,,Helios,Q,Visitor,,8,,,,,
2025,5,Fri,SB,10,0,5/30/2025,CSharp,1,,,Helios,,Home AO,,8,,,,,
2025,5,Fri,SB,10,0,5/30/2025,Skynet,1,,,Helios,,Home AO,,8,,,,,
2025,5,Fri,SB,10,0,5/30/2025,Mickey,1,,,Helios,BB,Home AO,,8,,,,,
2025,5,Fri,SB,10,0,5/30/2025,Cobra Kai,1,,,Helios,,Home AO,,8,,,,,
2025,5,Fri,SB,10,0,5/30/2025,CaliBoy,1,,,Helios,,Home AO,,8,,,,,
2025,5,Fri,SB,10,0,5/30/2025,SunDevil,1,,,Helios,,Home AO,,8,,,,,
2025,5,Fri,SB,10,0,5/30/2025,Fuego,1,,,Helios,,Visitor,,8,,,,,
2025,5,Fri,SB,10,0,5/30/2025,FG the Frost Giant,1,,,Helios,FNG,Home AO,,8,,,,,
2025,5,Fri,SB,10,0,5/30/2025,Samurai,1,,,Helios,,Home AO,,8,,,,,
2025,5,Sat,BC,7,0,5/31/2025,Mickey,1,,,Helios,Q,Home AO,,5,,,,,
2025,5,Sat,BC,7,0,5/31/2025,Cobra Kai,1,,,Helios,,Home AO,,5,,,,,
2025,5,Sat,BC,7,0,5/31/2025,Dunkin,1,,,Helios,,Visitor,,5,,,,,
2025,5,Sat,BC,7,0,5/31/2025,Skynet,1,,,Helios,,Home AO,,5,,,,,
2025,5,Sat,BC,7,0,5/31/2025,Joints,1,,,Helios,,Visitor,,5,,,,,
2025,5,Sat,BC,7,0,5/31/2025,CaliBoy,1,,,Helios,,Home AO,,5,,,,,
2025,5,Sat,BC,7,0,5/31/2025,FG the Frost Giant,1,,,Helios,2nd Helpings,Home AO,,5,,,,,
2025,6,Tue,BC,11,0,6/3/2025,Excel,1,,,Helios,Q,Visitor,,10,,,,,
2025,6,Tue,BC,11,0,6/3/2025,CSharp,1,,,Helios,,Home AO,,10,,,,,
2025,6,Tue,BC,11,0,6/3/2025,Cobra Kai,1,,,Helios,,Home AO,,10,,,,,
2025,6,Tue,BC,11,0,6/3/2025,Walter White,1,,,Helios,,Home AO,,10,,,,,
2025,6,Tue,BC,11,0,6/3/2025,Pi 3.14,1,,,Helios,,Home AO,,10,,,,,
2025,6,Tue,BC,11,0,6/3/2025,SunDevil,1,,,Helios,,Home AO,,10,,,,,
2025,6,Tue,BC,11,0,6/3/2025,Kingpin,1,,,Helios,,Home AO,,10,,,,,
2025,6,Tue,BC,11,0,6/3/2025,FG the Frost Giant,1,,,Helios,,Home AO,,10,,,,,
2025,6,Tue,BC,11,0,6/3/2025,Coach,1,,,Helios,,Home AO,,10,,,,,
2025,6,Tue,BC,11,0,6/3/2025,MacNcheese,1,,,Helios,,Home AO,,10,,,,,
2025,6,Tue,BC,11,0,6/3/2025,Skynet,1,,,Helios,,Home AO,,10,,,,,
2025,6,Thu,BC,9,0,6/5/2025,Baywatch,1,,,Helios,,Home AO,,9,,,,,
2025,6,Thu,BC,9,0,6/5/2025,CSharp,1,,,Helios,,Home AO,,9,,,,,
2025,6,Thu,BC,9,0,6/5/2025,FG the Frost Giant,1,,,Helios,,Home AO,,9,,,,,
2025,6,Thu,BC,9,0,6/5/2025,Kingpin,1,,,Helios,,Home AO,,9,,,,,
2025,6,Thu,BC,9,0,6/5/2025,Skynet,1,,,Helios,,Home AO,,9,,,,,
2025,6,Thu,BC,9,0,6/5/2025,Samurai,1,,,Helios,,Home AO,,9,,,,,
2025,6,Thu,BC,9,0,6/5/2025,Snacks,1,,,Helios,,Home AO,,9,,,,,
2025,6,Thu,BC,9,0,6/5/2025,Walter White,1,,,Helios,,Home AO,,9,,,,,
2025,6,Thu,BC,9,0,6/5/2025,Pi 3.14,1,,,Helios,Q,Home AO,,9,,,,,
2025,6,Fri,SB,8,2,6/6/2025,Samurai,1,,,Helios,Q,Home AO,,8,,,,,
2025,6,Fri,SB,8,2,6/6/2025,Pi 3.14,1,,,Helios,,Home AO,,8,,,,,
2025,6,Fri,SB,8,2,6/6/2025,Baywatch,1,1,Run,Helios,,Home AO,,8,,,,,
2025,6,Fri,SB,8,2,6/6/2025,Yoo-hoo,1,,,Helios,,Home AO,,8,,,,,
2025,6,Fri,SB,8,2,6/6/2025,SunDevil,1,1,Run,Helios,,Home AO,,8,,,,,
2025,6,Fri,SB,8,2,6/6/2025,CaliBoy,1,,,Helios,,Home AO,,8,,,,,
2025,6,Fri,SB,8,2,6/6/2025,Skynet,1,,,Helios,,Home AO,,8,,,,,
2025,6,Fri,SB,8,2,6/6/2025,Snacks,1,,,Helios,,Home AO,,8,,,,,
2025,6,Sat,BC,6,0,6/7/2025,Pi 3.14,1,,,Helios,,Home AO,Acropolis Anniversary,6,,,,,
2025,6,Sat,BC,6,0,6/7/2025,CSharp,1,,,Helios,,Home AO,Acropolis Anniversary,6,,,,,
2025,6,Sat,BC,6,0,6/7/2025,Nutria,1,,,Helios,,Home AO,Acropolis Anniversary,6,,,,,
2025,6,Sat,BC,6,0,6/7/2025,Skynet,1,,,Helios,,Home AO,Acropolis Anniversary,6,,,,,
2025,6,Sat,BC,6,0,6/7/2025,Walter White,1,,,Helios,,Home AO,Acropolis Anniversary,6,,,,,
2025,6,Sat,BC,6,0,6/7/2025,CaliBoy,1,,,Helios,,Home AO,Acropolis Anniversary,6,,,,,
2025,6,Tue,BC,16,1,6/10/2025,Skynet,1,,,Helios,Q,Home AO,,13,,,,,
2025,6,Tue,BC,16,1,6/10/2025,Stiltskin,1,1,Run,Helios,,Visitor,,13,,,,,
2025,6,Tue,BC,16,1,6/10/2025,Baywatch,1,,,Helios,,Home AO,,13,,,,,
2025,6,Tue,BC,16,1,6/10/2025,Pi 3.14,1,,,Helios,BB,Home AO,,13,,,,,
2025,6,Tue,BC,16,1,6/10/2025,FG the Frost Giant,1,,,Helios,PP,Home AO,,13,,,,,
2025,6,Tue,BC,16,1,6/10/2025,NoWay,1,,,Helios,FNG,Home AO,,13,,,,,
2025,6,Tue,BC,16,1,6/10/2025,Garfield,1,,,Helios,FNG,Home AO,,13,,,,,
2025,6,Tue,BC,16,1,6/10/2025,CaliBoy,1,,,Helios,PP,Home AO,,13,,,,,
2025,6,Tue,BC,16,1,6/10/2025,SunDevil,1,,,Helios,,Home AO,,13,,,,,
2025,6,Tue,BC,16,1,6/10/2025,Walter White,1,,,Helios,,Home AO,,13,,,,,
2025,6,Tue,BC,16,1,6/10/2025,Mickey,1,,,Helios,,Home AO,,13,,,,,
2025,6,Tue,BC,16,1,6/10/2025,Samurai,1,,,Helios,BB,Home AO,,13,,,,,
2025,6,Tue,BC,16,1,6/10/2025,Snacks,1,,,Helios,,Home AO,,13,,,,,
2025,6,Tue,BC,16,1,6/10/2025,Bubbles,1,,,Helios,,Visitor,,13,,,,,
2025,6,Tue,BC,16,1,6/10/2025,Mr. Bean,1,,,Helios,,Visitor,,13,,,,,
2025,6,Tue,BC,16,1,6/10/2025,Kingpin,1,,,Helios,,Home AO,,13,,,,,
2025,6,Thu,BC,11,0,6/12/2025,Baywatch,1,,,Helios,,Home AO,,10,,,,,
2025,6,Thu,BC,11,0,6/12/2025,Equalizer,1,,,Helios,FNG,Home AO,,10,,,,,
2025,6,Thu,BC,11,0,6/12/2025,FG the Frost Giant,1,,,Helios,,Home AO,,10,,,,,
2025,6,Thu,BC,11,0,6/12/2025,Garfield,1,,,Helios,,Home AO,,10,,,,,
2025,6,Thu,BC,11,0,6/12/2025,Hydra,1,,,Helios,,Home AO,,10,,,,,
2025,6,Thu,BC,11,0,6/12/2025,Mr. Bean,1,,,Helios,,Visitor,,10,,,,,
2025,6,Thu,BC,11,0,6/12/2025,Kingpin,1,,,Helios,,Home AO,,10,,,,,
2025,6,Thu,BC,11,0,6/12/2025,NoWay,1,,,Helios,2nd Helpings,Home AO,,10,,,,,
2025,6,Thu,BC,11,0,6/12/2025,Samurai,1,,,Helios,BB,Home AO,,10,,,,,
2025,6,Thu,BC,11,0,6/12/2025,Skynet,1,,,Helios,,Home AO,,10,,,,,
2025,6,Thu,BC,11,0,6/12/2025,Pi 3.14,1,,,Helios,Q,Home AO,,10,,,,,
2025,6,Fri,SB,15,1,6/13/2025,Baywatch,1,,,Helios,,Home AO,,11,,,,,
2025,6,Fri,SB,15,1,6/13/2025,Kingpin,1,,,Helios,,Home AO,,11,,,,,
2025,6,Fri,SB,15,1,6/13/2025,FG the Frost Giant,1,,,Helios,,Home AO,,11,,,,,
2025,6,Fri,SB,15,1,6/13/2025,Trans Am,1,,,Helios,,Visitor,,11,,,,,
2025,6,Fri,SB,15,1,6/13/2025,Klondike,1,,,Helios,,Visitor,,11,,,,,
2025,6,Fri,SB,15,1,6/13/2025,Drop Zone,1,,,Helios,,Visitor,,11,,,,,
2025,6,Fri,SB,15,1,6/13/2025,Pi 3.14,1,,,Helios,,Home AO,,11,,,,,
2025,6,Fri,SB,15,1,6/13/2025,Yellowstone,1,,,Helios,,Home AO,,11,,,,,
2025,6,Fri,SB,15,1,6/13/2025,Hardback,1,1,Run,Helios,,Visitor,,11,,,,,
2025,6,Fri,SB,15,1,6/13/2025,CSharp,1,,,Helios,,Home AO,,11,,,,,
2025,6,Fri,SB,15,1,6/13/2025,Skynet,1,,,Helios,,Home AO,,11,,,,,
2025,6,Fri,SB,15,1,6/13/2025,NoWay,1,,,Helios,,Home AO,,11,,,,,
2025,6,Fri,SB,15,1,6/13/2025,Samurai,1,,,Helios,,Home AO,,11,,,,,
2025,6,Fri,SB,15,1,6/13/2025,SunDevil,1,,,Helios,Q,Home AO,,11,,,,,
2025,6,Fri,SB,15,1,6/13/2025,Walter White,1,,,Helios,Q,Home AO,,11,,,,,
2025,6,Sat,BC,7,0,6/14/2025,CSharp,1,,,Helios,,Home AO,,7,,,,,
2025,6,Sat,BC,7,0,6/14/2025,Kingpin,1,,,Helios,,Home AO,,7,,,,,
2025,6,Sat,BC,7,0,6/14/2025,Knockout,1,,,Helios,,Home AO,,7,,,,,
2025,6,Sat,BC,7,0,6/14/2025,Mickey,1,,,Helios,,Home AO,,7,,,,,
2025,6,Sat,BC,7,0,6/14/2025,NoWay,1,,,Helios,,Home AO,,7,,,,,
2025,6,Sat,BC,7,0,6/14/2025,Skynet,1,,,Helios,,Home AO,,7,,,,,
2025,6,Sat,BC,7,0,6/14/2025,Pi 3.14,1,,,Helios,Q,Home AO,,7,,,,,
2025,6,Tue,BC,11,0,6/17/2025,Skynet,1,,,Helios,,Home AO,,10,,,,,
2025,6,Tue,BC,11,0,6/17/2025,FG the Frost Giant,1,,,Helios,,Home AO,,10,,,,,
2025,6,Tue,BC,11,0,6/17/2025,Kingpin,1,,,Helios,,Home AO,,10,,,,,
2025,6,Tue,BC,11,0,6/17/2025,Baywatch,1,,,Helios,,Home AO,,10,,,,,
2025,6,Tue,BC,11,0,6/17/2025,Pi 3.14,1,,,Helios,,Home AO,,10,,,,,
2025,6,Tue,BC,11,0,6/17/2025,CSharp,1,,,Helios,,Home AO,,10,,,,,
2025,6,Tue,BC,11,0,6/17/2025,Solar Flare,1,,,Helios,FNG,Home AO,,10,,,,,
2025,6,Tue,BC,11,0,6/17/2025,Equalizer,1,,,Helios,,Home AO,,10,,,,,
2025,6,Tue,BC,11,0,6/17/2025,NoWay,1,,,Helios,,Home AO,,10,,,,,
2025,6,Tue,BC,11,0,6/17/2025,Hydra,1,,,Helios,,Home AO,,10,,,,,
2025,6,Tue,BC,11,0,6/17/2025,Kryptonite,1,,,Helios,Q,Visitor,,10,,,,,
2025,6,Thu,BC,13,0,6/19/2025,Mickey,1,,,Helios,Q,Home AO,,13,,,,,
2025,6,Thu,BC,13,0,6/19/2025,Skynet,1,,,Helios,,Home AO,,13,,,,,
2025,6,Thu,BC,13,0,6/19/2025,Pi 3.14,1,,,Helios,,Home AO,,13,,,,,
2025,6,Thu,BC,13,0,6/19/2025,Walter White,1,,,Helios,,Home AO,,13,,,,,
2025,6,Thu,BC,13,0,6/19/2025,Baywatch,1,,,Helios,,Home AO,,13,,,,,
2025,6,Thu,BC,13,0,6/19/2025,Zohan,1,,,Helios,,Home AO,,13,,,,,
2025,6,Thu,BC,13,0,6/19/2025,CSharp,1,,,Helios,,Home AO,,13,,,,,
2025,6,Thu,BC,13,0,6/19/2025,Kingpin,1,,,Helios,,Home AO,,13,,,,,
2025,6,Thu,BC,13,0,6/19/2025,Solar Flare,1,,,Helios,2nd Helpings,Home AO,,13,,,,,
2025,6,Thu,BC,13,0,6/19/2025,Knockout,1,,,Helios,,Home AO,,13,,,,,
2025,6,Thu,BC,13,0,6/19/2025,FG the Frost Giant,1,,,Helios,,Home AO,,13,,,,,
2025,6,Thu,BC,13,0,6/19/2025,NoWay,1,,,Helios,,Home AO,,13,,,,,
2025,6,Thu,BC,13,0,6/19/2025,CaliBoy,1,,,Helios,,Home AO,,13,,,,,
2025,6,Fri,SB,10,0,6/20/2025,Kingpin,1,,,Helios,,Home AO,,10,,,,,
2025,6,Fri,SB,10,0,6/20/2025,Skynet,1,,,Helios,,Home AO,,10,,,,,
2025,6,Fri,SB,10,0,6/20/2025,SunDevil,1,,,Helios,,Home AO,,10,,,,,
2025,6,Fri,SB,10,0,6/20/2025,Mickey,1,,,Helios,,Home AO,,10,,,,,
2025,6,Fri,SB,10,0,6/20/2025,Walter White,1,,,Helios,,Home AO,,10,,,,,
2025,6,Fri,SB,10,0,6/20/2025,Baywatch,1,,,Helios,,Home AO,,10,,,,,
2025,6,Fri,SB,10,0,6/20/2025,Pi 3.14,1,,,Helios,,Home AO,,10,,,,,
2025,6,Fri,SB,10,0,6/20/2025,NoWay,1,,,Helios,,Home AO,,10,,,,,
2025,6,Fri,SB,10,0,6/20/2025,TrafficCone,1,,,Helios,FNG,Home AO,,10,,,,,
2025,6,Fri,SB,10,0,6/20/2025,CSharp,1,,,Helios,Q,Home AO,,10,,,,,
2025,6,Sat,BC,10,0,6/21/2025,Tigres,1,,,Helios,,Visitor,,8,,,,,
2025,6,Sat,BC,10,0,6/21/2025,Baywatch,1,,,Helios,,Home AO,,8,,,,,
2025,6,Sat,BC,10,0,6/21/2025,CSharp,1,,,Helios,,Home AO,,8,,,,,
2025,6,Sat,BC,10,0,6/21/2025,Knockout,1,,,Helios,,Home AO,,8,,,,,
2025,6,Sat,BC,10,0,6/21/2025,FG the Frost Giant,1,,,Helios,,Home AO,,8,,,,,
2025,6,Sat,BC,10,0,6/21/2025,Equalizer,1,,,Helios,,Home AO,,8,,,,,
2025,6,Sat,BC,10,0,6/21/2025,CaliBoy,1,,,Helios,,Home AO,,8,,,,,
2025,6,Sat,BC,10,0,6/21/2025,Torch,1,,,Helios,,Visitor,,8,,,,,
2025,6,Sat,BC,10,0,6/21/2025,Macro,1,,,Helios,FNG,Home AO,,8,,,,,
2025,6,Sat,BC,10,0,6/21/2025,Mickey,1,,,Helios,Q,Home AO,,8,,,,,
2025,6,Tue,BC,14,3,6/24/2025,Baywatch,1,1,Run,Helios,,Home AO,,9,,,,,
2025,6,Tue,BC,14,3,6/24/2025,Walter White,1,,,Helios,,Home AO,,9,,,,,
2025,6,Tue,BC,14,3,6/24/2025,Mr. Clean,1,,,Helios,,Visitor,,9,,,,,
2025,6,Tue,BC,14,3,6/24/2025,Quarter,1,,,Helios,,Visitor,,9,,,,,
2025,6,Tue,BC,14,3,6/24/2025,NoWay,1,,,Helios,,Home AO,,9,,,,,
2025,6,Tue,BC,14,3,6/24/2025,SunDevil,1,1,Run,Helios,,Home AO,,9,,,,,
2025,6,Tue,BC,14,3,6/24/2025,Torch,1,,,Helios,,Visitor,,9,,,,,
2025,6,Tue,BC,14,3,6/24/2025,Mickey,1,,,Helios,,Home AO,,9,,,,,
2025,6,Tue,BC,14,3,6/24/2025,TrafficCone,1,,,Helios,2nd Helpings,Home AO,,9,,,,,
2025,6,Tue,BC,14,3,6/24/2025,Snacks,1,,,Helios,,Home AO,,9,,,,,
2025,6,Tue,BC,14,3,6/24/2025,Triple Crown,1,,,Helios,,Visitor,,9,,,,,
2025,6,Tue,BC,14,3,6/24/2025,FG the Frost Giant,1,,,Helios,,Home AO,,9,,,,,
2025,6,Tue,BC,14,3,6/24/2025,Skynet,1,,,Helios,,Home AO,,9,,,,,
2025,6,Tue,BC,14,3,6/24/2025,Stiltskin,1,1,Run,Helios,Q,Visitor,,9,,,,,
2025,6,Thu,BC,15,0,6/26/2025,Samurai,1,,,Helios,Q,Home AO,,14,,,,,
2025,6,Thu,BC,15,0,6/26/2025,Kingpin,1,,,Helios,,Home AO,,14,,,,,
2025,6,Thu,BC,15,0,6/26/2025,CSharp,1,,,Helios,,Home AO,,14,,,,,
2025,6,Thu,BC,15,0,6/26/2025,Drill Bit,1,,,Helios,,Visitor,,14,,,,,
2025,6,Thu,BC,15,0,6/26/2025,Macro,1,,,Helios,2nd Helpings,Home AO,,14,,,,,
2025,6,Thu,BC,15,0,6/26/2025,TrafficCone,1,,,Helios,,Home AO,,14,,,,,
2025,6,Thu,BC,15,0,6/26/2025,Snacks,1,,,Helios,,Home AO,,14,,,,,
2025,6,Thu,BC,15,0,6/26/2025,Walter White,1,,,Helios,,Home AO,,14,,,,,
2025,6,Thu,BC,15,0,6/26/2025,Cobra Kai,1,,,Helios,,Home AO,,14,,,,,
2025,6,Thu,BC,15,0,6/26/2025,FG the Frost Giant,1,,,Helios,,Home AO,,14,,,,,
2025,6,Thu,BC,15,0,6/26/2025,Pi 3.14,1,,,Helios,,Home AO,,14,,,,,
2025,6,Thu,BC,15,0,6/26/2025,Skynet,1,,,Helios,,Home AO,,14,,,,,
2025,6,Thu,BC,15,0,6/26/2025,Yellowstone,1,,,Helios,,Home AO,,14,,,,,
2025,6,Thu,BC,15,0,6/26/2025,NoWay,1,,,Helios,,Home AO,,14,,,,,
2025,6,Thu,BC,15,0,6/26/2025,Baywatch,1,,,Helios,,Home AO,,14,,,,,
2025,6,Sat,BC,12,0,6/28/2025,NoWay,1,,,Helios,,Home AO,,11,,,,,
2025,6,Sat,BC,12,0,6/28/2025,Skynet,1,,,Helios,,Home AO,,11,,,,,
2025,6,Sat,BC,12,0,6/28/2025,Samurai,1,,,Helios,,Home AO,,11,,,,,
2025,6,Sat,BC,12,0,6/28/2025,Yellowstone,1,,,Helios,,Home AO,,11,,,,,
2025,6,Sat,BC,12,0,6/28/2025,Mickey,1,,,Helios,,Home AO,,11,,,,,
2025,6,Sat,BC,12,0,6/28/2025,Drop Zone,1,,,Helios,,Visitor,,11,,,,,
2025,6,Sat,BC,12,0,6/28/2025,Snacks,1,,,Helios,,Home AO,,11,,,,,
2025,6,Sat,BC,12,0,6/28/2025,Cobra Kai,1,,,Helios,,Home AO,,11,,,,,
2025,6,Sat,BC,12,0,6/28/2025,Macro,1,,,Helios,,Home AO,,11,,,,,
2025,6,Sat,BC,12,0,6/28/2025,CSharp,1,,,Helios,,Home AO,,11,,,,,
2025,6,Sat,BC,12,0,6/28/2025,Kingpin,1,,,Helios,,Home AO,,11,,,,,
2025,6,Sat,BC,12,0,6/28/2025,Walter White,1,,,Helios,Q,Home AO,,11,,,,,
2025,6,Sun,BC,15,0,6/29/2025,Kingpin,1,,,Helios,,Home AO,North Katy Convergence,14,,,,,
2025,6,Sun,BC,15,0,6/29/2025,Snacks,1,,,Helios,,Home AO,North Katy Convergence,14,,,,,
2025,6,Sun,BC,15,0,6/29/2025,Knockout,1,,,Helios,,Home AO,North Katy Convergence,14,,,,,
2025,6,Sun,BC,15,0,6/29/2025,Samurai,1,,,Helios,,Home AO,North Katy Convergence,14,,,,,
2025,6,Sun,BC,15,0,6/29/2025,Baywatch,1,,,Helios,,Home AO,North Katy Convergence,14,,,,,
2025,6,Sun,BC,15,0,6/29/2025,Pi 3.14,1,,,Helios,,Home AO,North Katy Convergence,14,,,,,
2025,6,Sun,BC,15,0,6/29/2025,Walter White,1,,,Helios,,Home AO,North Katy Convergence,14,,,,,
2025,6,Sun,BC,15,0,6/29/2025,FG the Frost Giant,1,,,Helios,,Home AO,North Katy Convergence,14,,,,,
2025,6,Sun,BC,15,0,6/29/2025,Cobra Kai,1,,,Helios,,Home AO,North Katy Convergence,14,,,,,
2025,6,Sun,BC,15,0,6/29/2025,CSharp,1,,,Helios,,Home AO,North Katy Convergence,14,,,,,
2025,6,Sun,BC,15,0,6/29/2025,Mickey,1,,,Helios,,Home AO,North Katy Convergence,14,,,,,
2025,6,Sun,BC,15,0,6/29/2025,Skynet,1,,,Helios,,Home AO,North Katy Convergence,14,,,,,
2025,6,Sun,BC,15,0,6/29/2025,CaliBoy,1,,,Helios,,Home AO,North Katy Convergence,14,,,,,
2025,6,Sun,BC,15,0,6/29/2025,Chaser,1,,,Helios,FNG,Home AO,North Katy Convergence,14,,,,,
2025,6,Sun,BC,15,0,6/29/2025,Godfather,1,,,Helios,,Visitor,North Katy Convergence,14,,,,,
2025,7,Tue,BC,17,0,7/1/2025,Cobra Kai,1,,,Helios,,Home AO,,13,,,,,
2025,7,Tue,BC,17,0,7/1/2025,Samurai,1,,,Helios,,Home AO,,13,,,,,
2025,7,Tue,BC,17,0,7/1/2025,Catheter,1,,,Helios,,Home AO,,13,,,,,
2025,7,Tue,BC,17,0,7/1/2025,Baywatch,1,,,Helios,,Home AO,,13,,,,,
2025,7,Tue,BC,17,0,7/1/2025,FG the Frost Giant,1,,,Helios,,Home AO,,13,,,,,
2025,7,Tue,BC,17,0,7/1/2025,NoWay,1,,,Helios,,Home AO,,13,,,,,
2025,7,Tue,BC,17,0,7/1/2025,Mickey,1,,,Helios,,Home AO,,13,,,,,
2025,7,Tue,BC,17,0,7/1/2025,Skynet,1,,,Helios,,Home AO,,13,,,,,
2025,7,Tue,BC,17,0,7/1/2025,Pi 3.14,1,,,Helios,,Home AO,,13,,,,,
2025,7,Tue,BC,17,0,7/1/2025,TrafficCone,1,,,Helios,,Home AO,,13,,,,,
2025,7,Tue,BC,17,0,7/1/2025,Snacks,1,,,Helios,,Home AO,,13,,,,,
2025,7,Tue,BC,17,0,7/1/2025,Dr. VooDoo,1,,,Helios,FNG,Home AO,,13,,,,,
2025,7,Tue,BC,17,0,7/1/2025,CSharp,1,,,Helios,,Home AO,,13,,,,,
2025,7,Tue,BC,17,0,7/1/2025,Tiger,1,,,Helios,,Visitor,,13,,,,,
2025,7,Tue,BC,17,0,7/1/2025,Slater,1,,,Helios,,Visitor,,13,,,,,
2025,7,Tue,BC,17,0,7/1/2025,Triple Crown,1,,,Helios,,Visitor,,13,,,,,
2025,7,Tue,BC,17,0,7/1/2025,Monopoly,1,,,Helios,Q,Visitor,,13,,,,,
2025,7,Thu,BC,18,0,7/3/2025,Pi 3.14,1,,,Helios,,Home AO,,15,,,,,
2025,7,Thu,BC,18,0,7/3/2025,Walter White,1,,,Helios,Q,Home AO,,15,,,,,
2025,7,Thu,BC,18,0,7/3/2025,Skynet,1,,,Helios,,Home AO,,15,,,,,
2025,7,Thu,BC,18,0,7/3/2025,Baywatch,1,,,Helios,,Home AO,,15,,,,,
2025,7,Thu,BC,18,0,7/3/2025,Apples,1,,,Helios,,Home AO,,15,,,,,
2025,7,Thu,BC,18,0,7/3/2025,Footlocker,1,,,Helios,,Home AO,,15,,,,,
2025,7,Thu,BC,18,0,7/3/2025,WarEagle,1,,,Helios,,Visitor,,15,,,,,
2025,7,Thu,BC,18,0,7/3/2025,Slater,1,,,Helios,,Visitor,,15,,,,,
2025,7,Thu,BC,18,0,7/3/2025,Triple Crown,1,,,Helios,,Visitor,,15,,,,,
2025,7,Thu,BC,18,0,7/3/2025,Samurai,1,,,Helios,,Home AO,,15,,,,,
2025,7,Thu,BC,18,0,7/3/2025,Nutria,1,,,Helios,,Home AO,,15,,,,,
2025,7,Thu,BC,18,0,7/3/2025,Yellowstone,1,,,Helios,,Home AO,,15,,,,,
2025,7,Thu,BC,18,0,7/3/2025,Catheter,1,,,Helios,,Home AO,,15,,,,,
2025,7,Thu,BC,18,0,7/3/2025,Coach,1,,,Helios,,Home AO,,15,,,,,
2025,7,Thu,BC,18,0,7/3/2025,Macro,1,,,Helios,,Home AO,,15,,,,,
2025,7,Thu,BC,18,0,7/3/2025,CSharp,1,,,Helios,,Home AO,,15,,,,,
2025,7,Thu,BC,18,0,7/3/2025,Cobra Kai,1,,,Helios,,Home AO,,15,,,,,
2025,7,Thu,BC,18,0,7/3/2025,FG the Frost Giant,1,,,Helios,,Home AO,,15,,,,,
2025,7,Fri,SB,9,0,7/4/2025,Grasshopper,1,,,Helios,FNG,Home AO,,9,,,,,
2025,7,Fri,SB,9,0,7/4/2025,Mickey,1,,,Helios,Q,Home AO,,9,,,,,
2025,7,Fri,SB,9,0,7/4/2025,Cobra Kai,1,,,Helios,,Home AO,,9,,,,,
2025,7,Fri,SB,9,0,7/4/2025,Catheter,1,,,Helios,,Home AO,,9,,,,,
2025,7,Fri,SB,9,0,7/4/2025,CSharp,1,,,Helios,,Home AO,,9,,,,,
2025,7,Fri,SB,9,0,7/4/2025,TrafficCone,1,,,Helios,,Home AO,,9,,,,,
2025,7,Fri,SB,9,0,7/4/2025,Samurai,1,,,Helios,,Home AO,,9,,,,,
2025,7,Fri,SB,9,0,7/4/2025,Macro,1,,,Helios,,Home AO,,9,,,,,
2025,7,Fri,SB,9,0,7/4/2025,NoWay,1,,,Helios,,Home AO,,9,,,,,
2025,7,Sat,BC,2,0,7/5/2025,Mickey,1,,,Helios,Q,Home AO,,2,,,,,
2025,7,Sat,BC,2,0,7/5/2025,Nutria,1,,,Helios,,Home AO,,2,,,,,
2025,7,Tue,BC,16,6,7/8/2025,Skynet,1,,,Helios,,Home AO,,16,,,,,
2025,7,Tue,BC,16,6,7/8/2025,Pi 3.14,1,,,Helios,,Home AO,,16,,,,,
2025,7,Tue,BC,16,6,7/8/2025,Cobra Kai,1,1,Run,Helios,,Home AO,,16,,,,,
2025,7,Tue,BC,16,6,7/8/2025,FG the Frost Giant,1,,,Helios,,Home AO,,16,,,,,
2025,7,Tue,BC,16,6,7/8/2025,Catheter,1,1,Run,Helios,,Home AO,,16,,,,,
2025,7,Tue,BC,16,6,7/8/2025,TrafficCone,1,1,Run,Helios,,Home AO,,16,,,,,
2025,7,Tue,BC,16,6,7/8/2025,NoWay,1,,,Helios,,Home AO,,16,,,,,
2025,7,Tue,BC,16,6,7/8/2025,Coach,1,,,Helios,,Home AO,,16,,,,,
2025,7,Tue,BC,16,6,7/8/2025,Walter White,1,1,Run,Helios,,Home AO,,16,,,,,
2025,7,Tue,BC,16,6,7/8/2025,Knockout,1,1,Run,Helios,,Home AO,,16,,,,,
2025,7,Tue,BC,16,6,7/8/2025,Snacks,1,,,Helios,,Home AO,,16,,,,,
2025,7,Tue,BC,16,6,7/8/2025,Macro,1,,,Helios,,Home AO,,16,,,,,
2025,7,Tue,BC,16,6,7/8/2025,Mickey,1,1,Run,Helios,,Home AO,,16,,,,,
2025,7,Tue,BC,16,6,7/8/2025,Solar Flare,1,,,Helios,,Home AO,,16,,,,,
2025,7,Tue,BC,16,6,7/8/2025,Yellowstone,1,,,Helios,,Home AO,,16,,,,,
2025,7,Tue,BC,16,6,7/8/2025,CSharp,1,,,Helios,Q,Home AO,,16,,,,,
2025,7,Thu,BC,11,0,7/10/2025,FG the Frost Giant,1,,,Helios,,Home AO,,11,,,,,
2025,7,Thu,BC,11,0,7/10/2025,Cobra Kai,1,,,Helios,,Home AO,,11,,,,,
2025,7,Thu,BC,11,0,7/10/2025,Skynet,1,,,Helios,,Home AO,,11,,,,,
2025,7,Thu,BC,11,0,7/10/2025,Coach,1,,,Helios,,Home AO,,11,,,,,
2025,7,Thu,BC,11,0,7/10/2025,Walter White,1,,,Helios,,Home AO,,11,,,,,
2025,7,Thu,BC,11,0,7/10/2025,Snacks,1,,,Helios,,Home AO,,11,,,,,
2025,7,Thu,BC,11,0,7/10/2025,Pi 3.14,1,,,Helios,,Home AO,,11,,,,,
2025,7,Thu,BC,11,0,7/10/2025,Catheter,1,,,Helios,,Home AO,,11,,,,,
2025,7,Thu,BC,11,0,7/10/2025,Solar Flare,1,,,Helios,,Home AO,,11,,,,,
2025,7,Thu,BC,11,0,7/10/2025,Grasshopper,1,,,Helios,,Home AO,,11,,,,,
2025,7,Thu,BC,11,0,7/10/2025,Mickey,1,,,Helios,Q,Home AO,,11,,,,,
2025,7,Fri,SB,10,0,7/11/2025,Skynet,1,,,Helios,Q,Home AO,,10,,,,,
2025,7,Fri,SB,10,0,7/11/2025,CSharp,1,,,Helios,,Home AO,,10,,,,,
2025,7,Fri,SB,10,0,7/11/2025,Yellowstone,1,,,Helios,,Home AO,,10,,,,,
2025,7,Fri,SB,10,0,7/11/2025,Cobra Kai,1,,,Helios,,Home AO,,10,,,,,
2025,7,Fri,SB,10,0,7/11/2025,Macro,1,,,Helios,,Home AO,,10,,,,,
2025,7,Fri,SB,10,0,7/11/2025,Mickey,1,,,Helios,,Home AO,,10,,,,,
2025,7,Fri,SB,10,0,7/11/2025,Pi 3.14,1,,,Helios,,Home AO,,10,,,,,
2025,7,Fri,SB,10,0,7/11/2025,Kingpin,1,,,Helios,,Home AO,,10,,,,,
2025,7,Fri,SB,10,0,7/11/2025,Walter White,1,,,Helios,,Home AO,,10,,,,,
2025,7,Fri,SB,10,0,7/11/2025,Samurai,1,,,Helios,,Home AO,,10,,,,,
2025,7,Sat,BC,5,0,7/12/2025,Blue Steel,1,,,Helios,,Visitor,,4,,,,,
2025,7,Sat,BC,5,0,7/12/2025,Skynet,1,,,Helios,,Home AO,,4,,,,,
2025,7,Sat,BC,5,0,7/12/2025,TrafficCone,1,,,Helios,,Home AO,,4,,,,,
2025,7,Sat,BC,5,0,7/12/2025,CSharp,1,,,Helios,Q,Home AO,,4,,,,,
2025,7,Sat,BC,5,0,7/12/2025,Grasshopper,1,,,Helios,,Home AO,,4,,,,,
2025,7,Tue,BC,14,0,7/15/2025,Macro,1,,,Helios,,Home AO,,14,,,,,
2025,7,Tue,BC,14,0,7/15/2025,Solar Flare,1,,,Helios,,Home AO,,14,,,,,
2025,7,Tue,BC,14,0,7/15/2025,Mickey,1,,,Helios,,Home AO,,14,,,,,
2025,7,Tue,BC,14,0,7/15/2025,Catheter,1,,,Helios,,Home AO,,14,,,,,
2025,7,Tue,BC,14,0,7/15/2025,CSharp,1,,,Helios,,Home AO,,14,,,,,
2025,7,Tue,BC,14,0,7/15/2025,Snacks,1,,,Helios,,Home AO,,14,,,,,
2025,7,Tue,BC,14,0,7/15/2025,Cobra Kai,1,,,Helios,,Home AO,,14,,,,,
2025,7,Tue,BC,14,0,7/15/2025,Yellowstone,1,,,Helios,,Home AO,,14,,,,,
2025,7,Tue,BC,14,0,7/15/2025,Skynet,1,,,Helios,,Home AO,,14,,,,,
2025,7,Tue,BC,14,0,7/15/2025,Coach,1,,,Helios,,Home AO,,14,,,,,
2025,7,Tue,BC,14,0,7/15/2025,Baywatch,1,,,Helios,,Home AO,,14,,,,,
2025,7,Tue,BC,14,0,7/15/2025,FG the Frost Giant,1,,,Helios,,Home AO,,14,,,,,
2025,7,Tue,BC,14,0,7/15/2025,NoWay,1,,,Helios,,Home AO,,14,,,,,
2025,7,Tue,BC,14,0,7/15/2025,Samurai,1,,,Helios,Q,Home AO,,14,,,,,
2025,7,Thu,BC,13,0,7/17/2025,NoWay,1,,,Helios,,Home AO,,13,,,,,
2025,7,Thu,BC,13,0,7/17/2025,Macro,1,,,Helios,,Home AO,,13,,,,,
2025,7,Thu,BC,13,0,7/17/2025,Mickey,1,,,Helios,Q,Home AO,,13,,,,,
2025,7,Thu,BC,13,0,7/17/2025,Snacks,1,,,Helios,,Home AO,,13,,,,,
2025,7,Thu,BC,13,0,7/17/2025,Baywatch,1,,,Helios,,Home AO,,13,,,,,
2025,7,Thu,BC,13,0,7/17/2025,Solar Flare,1,,,Helios,,Home AO,,13,,,,,
2025,7,Thu,BC,13,0,7/17/2025,Catheter,1,,,Helios,,Home AO,,13,,,,,
2025,7,Thu,BC,13,0,7/17/2025,CSharp,1,,,Helios,,Home AO,,13,,,,,
2025,7,Thu,BC,13,0,7/17/2025,Kingpin,1,,,Helios,,Home AO,,13,,,,,
2025,7,Thu,BC,13,0,7/17/2025,TrafficCone,1,,,Helios,,Home AO,,13,,,,,
2025,7,Thu,BC,13,0,7/17/2025,FG the Frost Giant,1,,,Helios,,Home AO,,13,,,,,
2025,7,Thu,BC,13,0,7/17/2025,Samurai,1,,,Helios,,Home AO,,13,,,,,
2025,7,Thu,BC,13,0,7/17/2025,Cobra Kai,1,,,Helios,,Home AO,,13,,,,,
2025,7,Fri,SB,9,0,7/18/2025,Skynet,1,,,Helios,,Home AO,,8,,,,,
2025,7,Fri,SB,9,0,7/18/2025,Macro,1,,,Helios,,Home AO,,8,,,,,
2025,7,Fri,SB,9,0,7/18/2025,Cobra Kai,1,,,Helios,,Home AO,,8,,,,,
2025,7,Fri,SB,9,0,7/18/2025,Pele,1,,,Helios,,Home AO,,8,,,,,
2025,7,Fri,SB,9,0,7/18/2025,Mickey,1,,,Helios,,Home AO,,8,,,,,
2025,7,Fri,SB,9,0,7/18/2025,Catheter,1,,,Helios,,Home AO,,8,,,,,
2025,7,Fri,SB,9,0,7/18/2025,Solar Flare,1,,,Helios,,Home AO,,8,,,,,
2025,7,Fri,SB,9,0,7/18/2025,Scratch,1,,,Helios,,Visitor,,8,,,,,
2025,7,Fri,SB,9,0,7/18/2025,Baywatch,1,,,Helios,Q,Home AO,,8,,,,,
2025,7,Sat,BC,8,0,7/19/2025,Baywatch,1,,,Helios,Q,Home AO,,7,,,,,
2025,7,Sat,BC,8,0,7/19/2025,Solar Flare,1,,,Helios,,Home AO,,7,,,,,
2025,7,Sat,BC,8,0,7/19/2025,CSharp,1,,,Helios,,Home AO,,7,,,,,
2025,7,Sat,BC,8,0,7/19/2025,Excel,1,,,Helios,,Visitor,,7,,,,,
2025,7,Sat,BC,8,0,7/19/2025,TrafficCone,1,,,Helios,,Home AO,,7,,,,,
2025,7,Sat,BC,8,0,7/19/2025,Yellowstone,1,,,Helios,,Home AO,,7,,,,,
2025,7,Sat,BC,8,0,7/19/2025,Macro,1,,,Helios,,Home AO,,7,,,,,
2025,7,Sat,BC,8,0,7/19/2025,FG the Frost Giant,1,,,Helios,,Home AO,,7,,,,,
2025,7,Tue,BC,17,0,7/22/2025,Cobra Kai,1,,,Helios,,Home AO,,16,,,,,
2025,7,Tue,BC,17,0,7/22/2025,Mickey,1,,,Helios,,Home AO,,16,,,,,
2025,7,Tue,BC,17,0,7/22/2025,Snacks,1,,,Helios,,Home AO,,16,,,,,
2025,7,Tue,BC,17,0,7/22/2025,NoWay,1,,,Helios,,Home AO,,16,,,,,
2025,7,Tue,BC,17,0,7/22/2025,Skynet,1,,,Helios,,Home AO,,16,,,,,
2025,7,Tue,BC,17,0,7/22/2025,Walter White,1,,,Helios,,Home AO,,16,,,,,
2025,7,Tue,BC,17,0,7/22/2025,Baywatch,1,,,Helios,,Home AO,,16,,,,,
2025,7,Tue,BC,17,0,7/22/2025,Apples,1,,,Helios,,Home AO,,16,,,,,
2025,7,Tue,BC,17,0,7/22/2025,FG the Frost Giant,1,,,Helios,,Home AO,,16,,,,,
2025,7,Tue,BC,17,0,7/22/2025,CSharp,1,,,Helios,,Home AO,,16,,,,,
2025,7,Tue,BC,17,0,7/22/2025,Triple Crown,1,,,Helios,,Visitor,,16,,,,,
2025,7,Tue,BC,17,0,7/22/2025,Catheter,1,,Run,Helios,,Home AO,,16,,,,,
2025,7,Tue,BC,17,0,7/22/2025,Solar Flare,1,,,Helios,,Home AO,,16,,,,,
2025,7,Tue,BC,17,0,7/22/2025,Macro,1,,,Helios,,Home AO,,16,,,,,
2025,7,Tue,BC,17,0,7/22/2025,Miami Vice,1,,,Helios,FNG,Home AO,,16,,,,,
2025,7,Tue,BC,17,0,7/22/2025,Pi 3.14,1,,,Helios,Q,Home AO,,16,,,,,
2025,7,Tue,BC,17,0,7/22/2025,Equalizer,1,,,Helios,,Home AO,,16,,,,,
2025,7,Thu,BC,12,1,7/24/2025,Catheter,1,1,Run,Helios,,Home AO,,12,,,,,
2025,7,Thu,BC,12,1,7/24/2025,FG the Frost Giant,1,,,Helios,,Home AO,,12,,,,,
2025,7,Thu,BC,12,1,7/24/2025,NoWay,1,,,Helios,,Home AO,,12,,,,,
2025,7,Thu,BC,12,1,7/24/2025,kingpin,1,,,Helios,,Home AO,,12,,,,,
2025,7,Thu,BC,12,1,7/24/2025,Mickey,1,,,Helios,,Home AO,,12,,,,,
2025,7,Thu,BC,12,1,7/24/2025,Macro,1,,,Helios,,Home AO,,12,,,,,
2025,7,Thu,BC,12,1,7/24/2025,Solar Flare,1,,,Helios,,Home AO,,12,,,,,
2025,7,Thu,BC,12,1,7/24/2025,Coach,1,,,Helios,,Home AO,,12,,,,,
2025,7,Thu,BC,12,1,7/24/2025,Baywatch,1,,,Helios,,Home AO,,12,,,,,
2025,7,Thu,BC,12,1,7/24/2025,CSharp,1,,,Helios,,Home AO,,12,,,,,
2025,7,Thu,BC,12,1,7/24/2025,Yellowstone,1,,,Helios,,Home AO,,12,,,,,
2025,7,Thu,BC,12,1,7/24/2025,Skynet,1,,,Helios,Q,Home AO,,12,,,,,
2025,7,Fri,SB,17,2,7/25/2025,Catheter,1,1,Run,Helios,,Home AO,,14,,,,,
2025,7,Fri,SB,17,2,7/25/2025,Macro,1,,,Helios,,Home AO,,14,,,,,
2025,7,Fri,SB,17,2,7/25/2025,Coach,1,,,Helios,,Home AO,,14,,,,,
2025,7,Fri,SB,17,2,7/25/2025,Skynet,1,,,Helios,,Home AO,,14,,,,,
2025,7,Fri,SB,17,2,7/25/2025,FG the Frost Giant,1,,,Helios,,Home AO,,14,,,,,
2025,7,Fri,SB,17,2,7/25/2025,Apples,1,,,Helios,,Home AO,,14,,,,,
2025,7,Fri,SB,17,2,7/25/2025,footlocker,1,,,Helios,,Home AO,,14,,,,,
2025,7,Fri,SB,17,2,7/25/2025,Baywatch,1,,,Helios,,Home AO,,14,,,,,
2025,7,Fri,SB,17,2,7/25/2025,Pi 3.14,1,,,Helios,,Home AO,,14,,,,,
2025,7,Fri,SB,17,2,7/25/2025,CSharp,1,,,Helios,PP,Home AO,,14,,,,,
2025,7,Fri,SB,17,2,7/25/2025,Ron Burgundy,1,,,Helios,,Visitor,,14,,,,,
2025,7,Fri,SB,17,2,7/25/2025,Walter White,1,,,Helios,,Home AO,,14,,,,,
2025,7,Fri,SB,17,2,7/25/2025,Cobra Kai,1,,,Helios,,Home AO,,14,,,,,
2025,7,Fri,SB,17,2,7/25/2025,NoWay,1,,,Helios,,Home AO,,14,,,,,
2025,7,Fri,SB,17,2,7/25/2025,Quikrete,1,,,Helios,BB,Visitor,,14,,,,,
2025,7,Fri,SB,17,2,7/25/2025,Tyson,1,,,Helios,FNG,Home AO,,14,,,,,
2025,7,Fri,SB,17,2,7/25/2025,Excel,1,1,Ruck,Helios,Q,Visitor,,14,,,,,
2025,7,Tue,BC,13,1,7/29/2025,CSharp,1,,,Helios,,Home AO,,13,,,,,
2025,7,Tue,BC,13,1,7/29/2025,Pi 3.14,1,,,Helios,,Home AO,,13,,,,,
2025,7,Tue,BC,13,1,7/29/2025,Apples,1,,,Helios,,Home AO,,13,,,,,
2025,7,Tue,BC,13,1,7/29/2025,Coach,1,,,Helios,,Home AO,,13,,,,,
2025,7,Tue,BC,13,1,7/29/2025,FG the Frost Giant,1,,,Helios,,Home AO,,13,,,,,
2025,7,Tue,BC,13,1,7/29/2025,Macro,1,,,Helios,,Home AO,,13,,,,,
2025,7,Tue,BC,13,1,7/29/2025,NoWay,1,,,Helios,,Home AO,,13,,,,,
2025,7,Tue,BC,13,1,7/29/2025,Skynet,1,,,Helios,,Home AO,,13,,,,,
2025,7,Tue,BC,13,1,7/29/2025,Catheter,1,,,Helios,,Home AO,,13,,,,,
2025,7,Tue,BC,13,1,7/29/2025,Snacks,1,,,Helios,,Home AO,,13,,,,,
2025,7,Tue,BC,13,1,7/29/2025,TrafficCone,1,1,Run,Helios,,Home AO,Traffic COne - Cindy block 10+ beatdowns,13,,,,,
2025,7,Tue,BC,13,1,7/29/2025,Equalizer,1,,,Helios,,Home AO,,13,,,,,
2025,7,Tue,BC,13,1,7/29/2025,Baywatch,1,,,Helios,Q,Home AO,,13,,,,,
2025,7,Thu,BC,11,3,7/31/2025,CSharp,1,1,Run,Helios,,Home AO,,10,,,,,
2025,7,Thu,BC,11,3,7/31/2025,Equalizer,1,,,Helios,,Home AO,,10,,,,,
2025,7,Thu,BC,11,3,7/31/2025,Macro,1,,,Helios,,Home AO,,10,,,,,
2025,7,Thu,BC,11,3,7/31/2025,FG the Frost Giant,1,,,Helios,,Home AO,,10,,,,,
2025,7,Thu,BC,11,3,7/31/2025,NoWay,1,,,Helios,,Home AO,,10,,,,,
2025,7,Thu,BC,11,3,7/31/2025,Skynet,1,,,Helios,,Home AO,,10,,,,,
2025,7,Thu,BC,11,3,7/31/2025,Catheter,1,,,Helios,,Home AO,,10,,,,,
2025,7,Thu,BC,11,3,7/31/2025,Snacks,1,,,Helios,,Home AO,,10,,,,,
2025,7,Thu,BC,11,3,7/31/2025,TrafficCone,1,1,Run,Helios,,Home AO,,10,,,,,
2025,7,Thu,BC,11,3,7/31/2025,Tyson,1,1,Run,Helios,,Home AO,,10,,,,,
2025,7,Thu,BC,11,3,7/31/2025,Monopoly,1,,,Helios,Q,Visitor,,10,,,,,
2025,8,Fri,SB,12,0,8/1/2025,Equalizer,1,,,Helios,,Home AO,,12,,,,,
2025,8,Fri,SB,12,0,8/1/2025,Cobra Kai,1,,,Helios,,Home AO,,12,,,,,
2025,8,Fri,SB,12,0,8/1/2025,Skynet,1,,,Helios,,Home AO,,12,,,,,
2025,8,Fri,SB,12,0,8/1/2025,Coach,1,,,Helios,,Home AO,,12,,,,,
2025,8,Fri,SB,12,0,8/1/2025,Walter White,1,,,Helios,,Home AO,,12,,,,,
2025,8,Fri,SB,12,0,8/1/2025,Snacks,1,,,Helios,,Home AO,,12,,,,,
2025,8,Fri,SB,12,0,8/1/2025,Catheter,1,,,Helios,,Home AO,,12,,,,,
2025,8,Fri,SB,12,0,8/1/2025,Solar Flare,1,,,Helios,,Home AO,Solar Flair - Earn Helios Block,12,,,,,
2025,8,Fri,SB,12,0,8/1/2025,NoWay,1,,,Helios,,Home AO,,12,,,,,
2025,8,Fri,SB,12,0,8/1/2025,CSharp,1,,,Helios,,Home AO,,12,,,,,
2025,8,Fri,SB,12,0,8/1/2025,Macro,1,,,Helios,,Home AO,,12,,,,,
2025,8,Fri,SB,12,0,8/1/2025,Mickey,1,,,Helios,Q,Home AO,,12,,,,,
2025,8,Sat,BC,14,0,8/2/2025,Mickey,1,,,Helios,,Home AO,,13,,,,,
2025,8,Sat,BC,14,0,8/2/2025,CSharp,1,,,Helios,,Home AO,,13,,,,,
2025,8,Sat,BC,14,0,8/2/2025,Fajita,1,,,Helios,,Visitor,,13,,,,,
2025,8,Sat,BC,14,0,8/2/2025,CaliBoy,1,,,Helios,,Home AO,,13,,,,,
2025,8,Sat,BC,14,0,8/2/2025,Knockout,1,,,Helios,,Home AO,,13,,,,,
2025,8,Sat,BC,14,0,8/2/2025,Cobra Kai,1,,,Helios,BB,Home AO,,13,,,,,
2025,8,Sat,BC,14,0,8/2/2025,FunSize,1,,,Helios,FNG,Home AO,,13,,,,,
2025,8,Sat,BC,14,0,8/2/2025,NoWay,1,,,Helios,PP,Home AO,,13,,,,,
2025,8,Sat,BC,14,0,8/2/2025,TrafficCone,1,,,Helios,,Home AO,,13,,,,,
2025,8,Sat,BC,14,0,8/2/2025,Odd Job,1,,,Helios,,Home AO,,13,,,,,
2025,8,Sat,BC,14,0,8/2/2025,Macro,1,,,Helios,,Home AO,,13,,,,,
2025,8,Sat,BC,14,0,8/2/2025,FG the Frost Giant,1,,,Helios,,Home AO,,13,,,,,
2025,8,Sat,BC,14,0,8/2/2025,Catheter,1,,,Helios,,Home AO,,13,,,,,
2025,8,Sat,BC,14,0,8/2/2025,Snacks,1,,,Helios,VQ,Home AO,,13,,,,,
2025,8,Tue,BC,16,1,8/5/2025,Sunflower,1,,,Helios,Q,Visitor,,15,,,,,
2025,8,Tue,BC,16,1,8/5/2025,Macro,1,,,Helios,,Home AO,,15,,,,,
2025,8,Tue,BC,16,1,8/5/2025,Equalizer,1,,,Helios,,Home AO,,15,,,,,
2025,8,Tue,BC,16,1,8/5/2025,Walter White,1,,,Helios,,Home AO,,15,,,,,
2025,8,Tue,BC,16,1,8/5/2025,Cobra Kai,1,,,Helios,,Home AO,,15,,,,,
2025,8,Tue,BC,16,1,8/5/2025,TrafficCone,1,1,Run,Helios,,Home AO,,15,,,,,
2025,8,Tue,BC,16,1,8/5/2025,Coach,1,,,Helios,,Home AO,,15,,,,,
2025,8,Tue,BC,16,1,8/5/2025,NoWay,1,,,Helios,,Home AO,,15,,,,,
2025,8,Tue,BC,16,1,8/5/2025,FG the Frost Giant,1,,,Helios,,Home AO,,15,,,,,
2025,8,Tue,BC,16,1,8/5/2025,kingpin,1,,,Helios,,Home AO,,15,,,,,
2025,8,Tue,BC,16,1,8/5/2025,Skynet,1,,,Helios,,Home AO,,15,,,,,
2025,8,Tue,BC,16,1,8/5/2025,CSharp,1,,,Helios,,Home AO,,15,,,,,
2025,8,Tue,BC,16,1,8/5/2025,Mickey,1,,,Helios,,Home AO,,15,,,,,
2025,8,Tue,BC,16,1,8/5/2025,Snacks,1,,,Helios,,Home AO,,15,,,,,
2025,8,Tue,BC,16,1,8/5/2025,Odd Job,1,,,Helios,,Home AO,,15,,,,,
2025,8,Tue,BC,16,1,8/5/2025,Catheter,1,,,Helios,,Home AO,,15,,,,,
2025,8,Thu,BC,13,6,8/7/2025,Macro,1,,,Helios,,Home AO,,13,,,,,
2025,8,Thu,BC,13,6,8/7/2025,Cobra Kai,1,1,Ruck,Helios,,Home AO,,13,,,,,
2025,8,Thu,BC,13,6,8/7/2025,Tyson,1,1,Ruck,Helios,,Home AO,,13,,,,,
2025,8,Thu,BC,13,6,8/7/2025,Mickey,1,1,Ruck,Helios,,Home AO,,13,,,,,
2025,8,Thu,BC,13,6,8/7/2025,TrafficCone,1,1,Run,Helios,,Home AO,,13,,,,,
2025,8,Thu,BC,13,6,8/7/2025,NoWay,1,,,Helios,,Home AO,,13,,,,,
2025,8,Thu,BC,13,6,8/7/2025,Yoo-Hoo,1,1,Run,Helios,,Home AO,,13,,,,,
2025,8,Thu,BC,13,6,8/7/2025,FG the Frost Giant,1,,,Helios,,Home AO,,13,,,,,
2025,8,Thu,BC,13,6,8/7/2025,Equalizer,1,,,Helios,,Home AO,,13,,,,,
2025,8,Thu,BC,13,6,8/7/2025,Skynet,1,,,Helios,,Home AO,,13,,,,,
2025,8,Thu,BC,13,6,8/7/2025,Snacks,1,,,Helios,,Home AO,,13,,,,,
2025,8,Thu,BC,13,6,8/7/2025,Kingpin,1,,,Helios,,Home AO,,13,,,,,
2025,8,Thu,BC,13,6,8/7/2025,CSharp,1,1,Ruck,Helios,Q,Home AO,,13,,,,,
2025,8,Fri,SB,14,2,8/8/2025,Walter White,1,,,Helios,BB,Home AO,,12,,,,,
2025,8,Fri,SB,14,2,8/8/2025,Coach,1,,,Helios,,Home AO,,12,,,,,
2025,8,Fri,SB,14,2,8/8/2025,NoWay,1,,,Helios,,Home AO,,12,,,,,
2025,8,Fri,SB,14,2,8/8/2025,Baywatch,1,,,Helios,,Home AO,,12,,,,,
2025,8,Fri,SB,14,2,8/8/2025,Cobra Kai,1,1,Run,Helios,,Home AO,,12,,,,,
2025,8,Fri,SB,14,2,8/8/2025,Mickey,1,1,Run,Helios,,Home AO,,12,,,,,
2025,8,Fri,SB,14,2,8/8/2025,KingPin,1,,,Helios,,Home AO,,12,,,,,
2025,8,Fri,SB,14,2,8/8/2025,Space Cowboy,1,,,Helios,FNG,Home AO,,12,,,,,
2025,8,Fri,SB,14,2,8/8/2025,CSharp,1,,,Helios,,Home AO,,12,,,,,
2025,8,Fri,SB,14,2,8/8/2025,Snacks,1,,,Helios,,Home AO,,12,,,,,
2025,8,Fri,SB,14,2,8/8/2025,Skynet,1,,,Helios,,Home AO,,12,,,,,
2025,8,Fri,SB,14,2,8/8/2025,Quarter ,1,,,Helios,,Visitor,,12,,,,,
2025,8,Fri,SB,14,2,8/8/2025,Uncle Sam,1,,,Helios,Q,Visitor,,12,,,,,
2025,8,Fri,SB,14,2,8/8/2025,Odd Job,1,,,Helios,,Home AO,,12,,,,,
2025,8,Sat,BC,29,1,8/9/2025,FG the Frost Giant,1,,,Helios,BB,Home AO,,14,,,,,
2025,8,Sat,BC,29,1,8/9/2025,Excel,1,,,Helios,,Visitor,,14,,,,,
2025,8,Sat,BC,29,1,8/9/2025,NoWay,1,,,Helios,,Home AO,,14,,,,,
2025,8,Sat,BC,29,1,8/9/2025,Seagal,1,,,Helios,,Visitor,,14,,,,,
2025,8,Sat,BC,29,1,8/9/2025,Harry Potter,1,,,Helios,FNG,Visitor,,14,,,,,
2025,8,Sat,BC,29,1,8/9/2025,Mickey,1,,,Helios,,Home AO,,14,,,,,
2025,8,Sat,BC,29,1,8/9/2025,Captain Jack,1,,,Helios,,Visitor,,14,,,,,
2025,8,Sat,BC,29,1,8/9/2025,Solar Flare,1,,,Helios,,Home AO,,14,,,,,
2025,8,Sat,BC,29,1,8/9/2025,Overdraft,1,,,Helios,,Visitor,,14,,,,,
2025,8,Sat,BC,29,1,8/9/2025,CSharp,1,,,Helios,,Home AO,,14,,,,,
2025,8,Sat,BC,29,1,8/9/2025,Ron Burgundy,1,,,Helios,BB,Visitor,,14,,,,,
2025,8,Sat,BC,29,1,8/9/2025,Aquaman,1,,,Helios,,Visitor,,14,,,,,
2025,8,Sat,BC,29,1,8/9/2025,Malware,1,,,Helios,FNG,Home AO,,14,,,,,
2025,8,Sat,BC,29,1,8/9/2025,Money Ball,1,,,Helios,,Visitor,,14,,,,,
2025,8,Sat,BC,29,1,8/9/2025,NerfGun,1,,,Helios,,Visitor,,14,,,,,
2025,8,Sat,BC,29,1,8/9/2025,Klondike,1,,,Helios,Starsky,Visitor,,14,,,,,
2025,8,Sat,BC,29,1,8/9/2025,Panko,1,,,Helios,,Visitor,,14,,,,,
2025,8,Sat,BC,29,1,8/9/2025,Snacks,1,,,Helios,,Home AO,,14,,,,,
2025,8,Sat,BC,29,1,8/9/2025,TrafficCone,1,1,Run,Helios,,Home AO,,14,,,,,
2025,8,Sat,BC,29,1,8/9/2025,Butterfly,1,,,Helios,FNG,Home AO,,14,,,,,
2025,8,Sat,BC,29,1,8/9/2025,Cobra Kai,1,,,Helios,,Home AO,,14,,,,,
2025,8,Sat,BC,29,1,8/9/2025,Bubbles,1,,,Helios,,Visitor,,14,,,,,
2025,8,Sat,BC,29,1,8/9/2025,Skillet,1,,,Helios,,Visitor,,14,,,,,
2025,8,Sat,BC,29,1,8/9/2025,JAG,1,,,Helios,,Visitor,,14,,,,,
2025,8,Sat,BC,29,1,8/9/2025,Skynet,1,,,Helios,,Home AO,,14,,,,,
2025,8,Sat,BC,29,1,8/9/2025,Equalizer,1,,,Helios,,Home AO,,14,,,,,
2025,8,Sat,BC,29,1,8/9/2025,Penalty,1,,,Helios,FNG,Home AO,,14,,,,,
2025,8,Sat,BC,29,1,8/9/2025,Catheter,1,,,Helios,BB,Home AO,,14,,,,,
2025,8,Sat,BC,29,1,8/9/2025,Forrest,1,,,Helios,Q,Visitor,,14,,,,,
2025,8,Tue,BC,15,0,8/12/2025,Snacks,1,,,Helios,Q,Home AO,,15,,,,,
2025,8,Tue,BC,15,0,8/12/2025,CSharp,1,,,Helios,,Home AO,,15,,,,,
2025,8,Tue,BC,15,0,8/12/2025,Walter White,1,,,Helios,,Home AO,,15,,,,,
2025,8,Tue,BC,15,0,8/12/2025,Cobra Kai,1,,,Helios,,Home AO,,15,,,,,
2025,8,Tue,BC,15,0,8/12/2025,Odd Job,1,,,Helios,,Home AO,,15,,,,,
2025,8,Tue,BC,15,0,8/12/2025,Coach,1,,,Helios,,Home AO,,15,,,,,
2025,8,Tue,BC,15,0,8/12/2025,Fedex,1,,,Helios,,Home AO,,15,,,,,
2025,8,Tue,BC,15,0,8/12/2025,Solar Flare,1,,,Helios,,Home AO,,15,,,,,
2025,8,Tue,BC,15,0,8/12/2025,Macro,1,,,Helios,,Home AO,,15,,,,,
2025,8,Tue,BC,15,0,8/12/2025,NoWay,1,,,Helios,,Home AO,,15,,,,,
2025,8,Tue,BC,15,0,8/12/2025,FG the Frost Giant,1,,,Helios,,Home AO,,15,,,,,
2025,8,Tue,BC,15,0,8/12/2025,Space Cowboy,1,,,Helios,,Home AO,,15,,,,,
2025,8,Tue,BC,15,0,8/12/2025,Dr. VooDoo,1,,,Helios,,Home AO,,15,,,,,
2025,8,Tue,BC,15,0,8/12/2025,Kingpin,1,,,Helios,,Home AO,,15,,,,,
2025,8,Tue,BC,15,0,8/12/2025,Skynet,1,,,Helios,,Home AO,,15,,,,,
2025,8,Thu,BC,29,3,8/14/2025,Tiger,1,,,Helios,Q,Visitor,,17,,,,,
2025,8,Thu,BC,29,3,8/14/2025,Aquaman,1,,,Helios,,Visitor,,17,,,,,
2025,8,Thu,BC,29,3,8/14/2025,FG the Frost Giant,1,,,Helios,,Home AO,,17,,,,,
2025,8,Thu,BC,29,3,8/14/2025,Catheter,1,,,Helios,,Home AO,,17,,,,,
2025,8,Thu,BC,29,3,8/14/2025,Santa,1,,,Helios,,Visitor,,17,,,,,
2025,8,Thu,BC,29,3,8/14/2025,HardBack,1,,,Helios,,Visitor,,17,,,,,
2025,8,Thu,BC,29,3,8/14/2025,Conductor,1,1,Run,Helios,,Visitor,,17,,,,,
2025,8,Thu,BC,29,3,8/14/2025,Macro,1,,,Helios,,Home AO,,17,,,,,
2025,8,Thu,BC,29,3,8/14/2025,NoWay,1,,,Helios,,Home AO,,17,,,,,
2025,8,Thu,BC,29,3,8/14/2025,Noah,1,,,Helios,,Visitor,,17,,,,,
2025,8,Thu,BC,29,3,8/14/2025,Pi 3.14,1,,,Helios,,Home AO,,17,,,,,
2025,8,Thu,BC,29,3,8/14/2025,Space Cowboy,1,,,Helios,,Home AO,,17,,,,,
2025,8,Thu,BC,29,3,8/14/2025,Santeria,1,,,Helios,,Visitor,,17,,,,,
2025,8,Thu,BC,29,3,8/14/2025,Admiral,1,,,Helios,,Visitor,,17,,,,,
2025,8,Thu,BC,29,3,8/14/2025,torch,1,,,Helios,,Visitor,,17,,,,,
2025,8,Thu,BC,29,3,8/14/2025,Kingpin,1,,,Helios,,Home AO,,17,,,,,
2025,8,Thu,BC,29,3,8/14/2025,Mickey,1,1,Run,Helios,,Home AO,,17,,,,,
2025,8,Thu,BC,29,3,8/14/2025,CSharp,1,,,Helios,,Home AO,,17,,,,,
2025,8,Thu,BC,29,3,8/14/2025,Canuck,1,,,Helios,,Visitor,,17,,,,,
2025,8,Thu,BC,29,3,8/14/2025,TrafficCone,1,1,Run,Helios,,Home AO,,17,,,,,
2025,8,Thu,BC,29,3,8/14/2025,Walter White,1,,,Helios,,Home AO,,17,,,,,
2025,8,Thu,BC,29,3,8/14/2025,Cobra Kai,1,,,Helios,,Home AO,,17,,,,,
2025,8,Thu,BC,29,3,8/14/2025,Snacks,1,,,Helios,,Home AO,,17,,,,,
2025,8,Thu,BC,29,3,8/14/2025,Odd Job,1,,,Helios,,Home AO,,17,,,,,
2025,8,Thu,BC,29,3,8/14/2025,Butterfly,1,,,Helios,,Home AO,,17,,,,,
2025,8,Thu,BC,29,3,8/14/2025,Stiltskin,1,,,Helios,,Visitor,,17,,,,,
2025,8,Thu,BC,29,3,8/14/2025,Coach,1,,,Helios,,Home AO,,17,,,,,
2025,8,Thu,BC,29,3,8/14/2025,Equalizer,1,,,Helios,,Home AO,Equalizer - Cindy Block 10+ Beatdowns,17,,,,,
2025,8,Thu,BC,29,3,8/14/2025,Muppet,1,,,Helios,,Visitor,,17,,,,,
2025,8,Fri,SB,14,0,8/15/2025,Macro,1,,,Helios,VQ,Home AO,,11,,,,,
2025,8,Fri,SB,14,0,8/15/2025,NoWay,1,,,Helios,,Home AO,,11,,,,,
2025,8,Fri,SB,14,0,8/15/2025,Cobra Kai,1,,,Helios,,Home AO,,11,,,,,
2025,8,Fri,SB,14,0,8/15/2025,Walter White,1,,,Helios,,Home AO,,11,,,,,
2025,8,Fri,SB,14,0,8/15/2025,Pi 3.14,1,,,Helios,,Home AO,,11,,,,,
2025,8,Fri,SB,14,0,8/15/2025,Klondike,1,,,Helios,,Visitor,Klondike - Cindy Block 10+ Beatdowns,11,,,,,
2025,8,Fri,SB,14,0,8/15/2025,Snacks,1,,,Helios,,Home AO,,11,,,,,
2025,8,Fri,SB,14,0,8/15/2025,Dirty Bird,1,,,Helios,,Visitor,,11,,,,,
2025,8,Fri,SB,14,0,8/15/2025,Kingpin,1,,,Helios,,Home AO,,11,,,,,
2025,8,Fri,SB,14,0,8/15/2025,FG the Frost Giant,1,,,Helios,,Home AO,,11,,,,,
2025,8,Fri,SB,14,0,8/15/2025,Fajita,1,,,Helios,,Visitor,,11,,,,,
2025,8,Fri,SB,14,0,8/15/2025,Mickey,1,,,Helios,Starsky,Home AO,,11,,,,,
2025,8,Fri,SB,14,0,8/15/2025,CSharp,1,,,Helios,,Home AO,,11,,,,,
2025,8,Fri,SB,14,0,8/15/2025,Equalizer,1,,,Helios,,Home AO,,11,,,,,
2025,8,Sat,BC,8,1,8/16/2025,Mickey,1,,,Helios,,Home AO,,7,,,,,
2025,8,Sat,BC,8,1,8/16/2025,NoWay,1,,,Helios,,Home AO,,7,,,,,
2025,8,Sat,BC,8,1,8/16/2025,FunSize,1,,,Helios,,Home AO,,7,,,,,
2025,8,Sat,BC,8,1,8/16/2025,Macro,1,,,Helios,,Home AO,,7,,,,,
2025,8,Sat,BC,8,1,8/16/2025,Skynet,1,,,Helios,,Home AO,,7,,,,,
2025,8,Sat,BC,8,1,8/16/2025,Penalty,1,,,Helios,,Home AO,,7,,,,,
2025,8,Sat,BC,8,1,8/16/2025,Pi 3.14,1,,,Helios,,Home AO,,7,,,,,
2025,8,Sat,BC,8,1,8/16/2025,Dirty Bird,1,1,Run,Helios,Q,Visitor,,7,,,,,
2025,8,Tue,BC,12,1,8/19/2025,TrafficCone,1,1,Run,Helios,,Home AO,,11,,,,,
2025,8,Tue,BC,12,1,8/19/2025,Snacks,1,,,Helios,,Home AO,,11,,,,,
2025,8,Tue,BC,12,1,8/19/2025,Odd Job,1,,,Helios,,Home AO,,11,,,,,
2025,8,Tue,BC,12,1,8/19/2025,Cobra Kai,1,,,Helios,,Home AO,,11,,,,,
2025,8,Tue,BC,12,1,8/19/2025,Catheter,1,,,Helios,,Home AO,,11,,,,,
2025,8,Tue,BC,12,1,8/19/2025,FG the Frost Giant,1,,,Helios,,Home AO,,11,,,,,
2025,8,Tue,BC,12,1,8/19/2025,Macro,1,,,Helios,,Home AO,,11,,,,,
2025,8,Tue,BC,12,1,8/19/2025,NoWay,1,,,Helios,,Home AO,,11,,,,,
2025,8,Tue,BC,12,1,8/19/2025,CSharp,1,,,Helios,,Home AO,,11,,,,,
2025,8,Tue,BC,12,1,8/19/2025,Walter White,1,,,Helios,BB,Home AO,,11,,,,,
2025,8,Tue,BC,12,1,8/19/2025,Wilson,1,,,Helios,FNG,Home AO,,11,,,,,
2025,8,Tue,BC,12,1,8/19/2025,Quikrete,1,,,Helios,Q,Visitor,,11,,,,,
2025,8,Thu,BC,10,2,8/21/2025,Snacks,1,,,Helios,,Home AO,,10,,,,,
2025,8,Thu,BC,10,2,8/21/2025,Macro,1,,,Helios,,Home AO,,10,,,,,
2025,8,Thu,BC,10,2,8/21/2025,Coach,1,,,Helios,,Home AO,,10,,,,,
2025,8,Thu,BC,10,2,8/21/2025,Equalizer,1,,,Helios,,Home AO,,10,,,,,
2025,8,Thu,BC,10,2,8/21/2025,NoWay,1,,,Helios,,Home AO,,10,,,,,
2025,8,Thu,BC,10,2,8/21/2025,FG the Frost Giant,1,,,Helios,,Home AO,,10,,,,,
2025,8,Thu,BC,10,2,8/21/2025,Catheter,1,,,Helios,,Home AO,,10,,,,,
2025,8,Thu,BC,10,2,8/21/2025,TrafficCone,1,1,Ruck,Helios,,Home AO,,10,,,,,
2025,8,Thu,BC,10,2,8/21/2025,Baywatch,1,,,Helios,,Home AO,,10,,,,,
2025,8,Thu,BC,10,2,8/21/2025,CSharp,1,1,Ruck,Helios,Q,Home AO,,10,,,,,
2025,8,Fri,SB,5,0,8/22/2025,Walter White,1,,,Helios,,Home AO,,5,,,,,
2025,8,Fri,SB,5,0,8/22/2025,NoWay,1,,,Helios,,Home AO,,5,,,,,
2025,8,Fri,SB,5,0,8/22/2025,FG the Frost Giant,1,,,Helios,,Home AO,,5,,,,,
2025,8,Fri,SB,5,0,8/22/2025,Kingpin,1,,,Helios,,Home AO,,5,,,,,
2025,8,Fri,SB,5,0,8/22/2025,Macro,1,,,Helios,Q,Home AO,,5,,,,,
2025,8,Tue,BC,21,0,8/26/2025,Coach,1,,,Helios,,Home AO,,12,,,,,
2025,8,Tue,BC,21,0,8/26/2025,Apples,1,,,Helios,,Home AO,Steal Camo Flag,12,,,,,
2025,8,Tue,BC,21,0,8/26/2025,Baywatch,1,,,Helios,,Home AO,Steal Camo Flag,12,,,,,
2025,8,Tue,BC,21,0,8/26/2025,FG the Frost Giant,1,,,Helios,,Home AO,Steal Camo Flag,12,,,,,
2025,8,Tue,BC,21,0,8/26/2025,ChinaTown,1,,,Helios,,Visitor,Steal Camo Flag,12,,,,,
2025,8,Tue,BC,21,0,8/26/2025,NoWay,1,,,Helios,,Home AO,Steal Camo Flag,12,,,,,
2025,8,Tue,BC,21,0,8/26/2025,Catheter,1,,,Helios,,Home AO,Steal Camo Flag,12,,,,,
2025,8,Tue,BC,21,0,8/26/2025,CSharp,1,,,Helios,,Home AO,Steal Camo Flag,12,,,,,
2025,8,Tue,BC,21,0,8/26/2025,Sea Aggie,1,,,Helios,,Visitor,Steal Camo Flag,12,,,,,
2025,8,Tue,BC,21,0,8/26/2025,Borat,1,,,Helios,,Visitor,Steal Camo Flag,12,,,,,
2025,8,Tue,BC,21,0,8/26/2025,BoomBoom,1,,,Helios,,Visitor,Steal Camo Flag,12,,,,,
2025,8,Tue,BC,21,0,8/26/2025,Fajita,1,,,Helios,,Visitor,Steal Camo Flag,12,,,,,
2025,8,Tue,BC,21,0,8/26/2025,Cobra Kai,1,,,Helios,,Home AO,Steal Camo Flag,12,,,,,
2025,8,Tue,BC,21,0,8/26/2025,Valdez,1,,,Helios,,Visitor,Steal Camo Flag,12,,,,,
2025,8,Tue,BC,21,0,8/26/2025,Mind the Gap,1,,,Helios,,Visitor,Steal Camo Flag,12,,,,,
2025,8,Tue,BC,21,0,8/26/2025,Snacks,1,,,Helios,,Home AO,Steal Camo Flag,12,,,,,
2025,8,Tue,BC,21,0,8/26/2025,Walter White,1,,,Helios,,Home AO,Steal Camo Flag,12,,,,,
2025,8,Tue,BC,21,0,8/26/2025,Excel,1,,,Helios,,Visitor,Steal Camo Flag,12,,,,,
2025,8,Tue,BC,21,0,8/26/2025,Equalizer,1,,,Helios,,Home AO,Steal Camo Flag,12,,,,,
2025,8,Tue,BC,21,0,8/26/2025,Pi 3.14,1,,,Helios,,Home AO,Steal Camo Flag,12,,,,,
2025,8,Tue,BC,21,0,8/26/2025,Slots,1,,,Helios,Q,Visitor,Steal Camo Flag,12,,,,,
2025,8,Thu,BC,17,0,8/28/2025,Cobra Kai,1,,,Helios,,Home AO,,15,,,,,
2025,8,Thu,BC,17,0,8/28/2025,CSharp,1,,,Helios,,Home AO,,15,,,,,
2025,8,Thu,BC,17,0,8/28/2025,Apples,1,,,Helios,,Home AO,,15,,,,,
2025,8,Thu,BC,17,0,8/28/2025,Apples,1,,,Helios,,Home AO,,15,,,,,
2025,8,Thu,BC,17,0,8/28/2025,Macro,1,,,Helios,,Home AO,,15,,,,,
2025,8,Thu,BC,17,0,8/28/2025,NoWay,1,,,Helios,,Home AO,,15,,,,,
2025,8,Thu,BC,17,0,8/28/2025,FG the Frost Giant,1,,,Helios,,Home AO,,15,,,,,
2025,8,Thu,BC,17,0,8/28/2025,Catheter,1,,,Helios,,Home AO,,15,,,,,
2025,8,Thu,BC,17,0,8/28/2025,Equalizer,1,,,Helios,,Home AO,,15,,,,,
2025,8,Thu,BC,17,0,8/28/2025,Walter White,1,,,Helios,BB,Home AO,,15,,,,,
2025,8,Thu,BC,17,0,8/28/2025,Maui,1,,,Helios,FNG,Home AO,,15,,,,,
2025,8,Thu,BC,17,0,8/28/2025,Kingpin,1,,,Helios,,Home AO,,15,,,,,
2025,8,Thu,BC,17,0,8/28/2025,Latex,1,,,Helios,,Visitor,,15,,,,,
2025,8,Thu,BC,17,0,8/28/2025,Pi 3.14,1,,,Helios,BB,Home AO,,15,,,,,
2025,8,Thu,BC,17,0,8/28/2025,Wilson,1,,,Helios,,Home AO,,15,,,,,
2025,8,Thu,BC,17,0,8/28/2025,Denied,1,,,Helios,FNG,Home AO,,15,,,,,
2025,8,Thu,BC,17,0,8/28/2025,Quarter ,1,,,Helios,Q,Visitor,,15,,,,,
2025,8,Fri,SB,11,0,8/29/2025,Equalizer,1,,,Helios,,Home AO,,11,,,,,
2025,8,Fri,SB,11,0,8/29/2025,FG the Frost Giant,1,,,Helios,,Home AO,,11,,,,,
2025,8,Fri,SB,11,0,8/29/2025,CSharp,1,,,Helios,,Home AO,,11,,,,,
2025,8,Fri,SB,11,0,8/29/2025,Pi 3.14,1,,,Helios,,Home AO,,11,,,,,
2025,8,Fri,SB,11,0,8/29/2025,Tekken,1,,,Helios,FNG,Home AO,,11,,,,,
2025,8,Fri,SB,11,0,8/29/2025,Cheesesteak,1,,,Helios,FNG,Home AO,,11,,,,,
2025,8,Fri,SB,11,0,8/29/2025,Macro,1,,,Helios,,Home AO,,11,,,,,
2025,8,Fri,SB,11,0,8/29/2025,Skynet,1,,,Helios,,Home AO,,11,,,,,
2025,8,Fri,SB,11,0,8/29/2025,GhostRider,1,,,Helios,FNG,Home AO,,11,,,,,
2025,8,Fri,SB,11,0,8/29/2025,Coach,1,,,Helios,,Home AO,,11,,,,,
2025,8,Fri,SB,11,0,8/29/2025,Walter White,1,,,Helios,Q,Home AO,,11,,,,,
2025,8,Sat,BC,9,1,8/30/2025,Catheter,1,1,Run,Helios,,Home AO,Pickle Ball,9,,,,,
2025,8,Sat,BC,9,1,8/30/2025,Denied,1,,,Helios,,Home AO,Pickle Ball,9,,,,,
2025,8,Sat,BC,9,1,8/30/2025,Equalizer,1,,,Helios,,Home AO,Pickle Ball,9,,,,,
2025,8,Sat,BC,9,1,8/30/2025,FunSize,1,,,Helios,,Home AO,Pickle Ball,9,,,,,
2025,8,Sat,BC,9,1,8/30/2025,GhostRider,1,,,Helios,,Home AO,Pickle Ball,9,,,,,
2025,8,Sat,BC,9,1,8/30/2025,NoWay,1,,,Helios,,Home AO,Pickle Ball,9,,,,,
2025,8,Sat,BC,9,1,8/30/2025,Skynet,1,,,Helios,,Home AO,Pickle Ball,9,,,,,
2025,8,Sat,BC,9,1,8/30/2025,Tekken,1,,,Helios,,Home AO,Pickle Ball,9,,,,,
2025,8,Sat,BC,9,1,8/30/2025,Pi 3.14,1,,,Helios,Q,Home AO,Pickle Ball,9,,,,,
2025,9,Tue,BC,14,2,9/2/2025,TrafficCone,1,1,Run,Helios,,Home AO,,14,,,,,
2025,9,Tue,BC,14,2,9/2/2025,Sundevil,1,1,Run,Helios,Q,Home AO,,14,,,,,
2025,9,Tue,BC,14,2,9/2/2025,CSharp,1,,,Helios,,Home AO,,14,,,,,
2025,9,Tue,BC,14,2,9/2/2025,Catheter,1,,,Helios,,Home AO,,14,,,,,
2025,9,Tue,BC,14,2,9/2/2025,Macro,1,,,Helios,,Home AO,,14,,,,,
2025,9,Tue,BC,14,2,9/2/2025,Coach,1,,,Helios,,Home AO,,14,,,,,
2025,9,Tue,BC,14,2,9/2/2025,Walter White,1,,,Helios,,Home AO,,14,,,,,
2025,9,Tue,BC,14,2,9/2/2025,FG the Frost Giant,1,,,Helios,,Home AO,,14,,,,,
2025,9,Tue,BC,14,2,9/2/2025,Skynet,1,,,Helios,,Home AO,,14,,,,,
2025,9,Tue,BC,14,2,9/2/2025,Tekken,1,,,Helios,,Home AO,,14,,,,,
2025,9,Tue,BC,14,2,9/2/2025,Cheesesteak,1,,,Helios,,Home AO,,14,,,,,
2025,9,Tue,BC,14,2,9/2/2025,Wilson,1,,,Helios,,Home AO,,14,,,,,
2025,9,Tue,BC,14,2,9/2/2025,Diesel,1,,,Helios,FNG,Home AO,,14,,,,,
2025,9,Tue,BC,14,2,9/2/2025,Kingpin,1,,,Helios,,Home AO,,14,,,,,
2025,9,Thu,BC,17,6,9/4/2025,Sundevil,1,1,Run,Helios,,Home AO,,17,,,,,
2025,9,Thu,BC,17,6,9/4/2025,Equalizer,1,1,Ruck,Helios,,Home AO,,17,,,,,
2025,9,Thu,BC,17,6,9/4/2025,Baywatch,1,1,Run,Helios,,Home AO,,17,,,,,
2025,9,Thu,BC,17,6,9/4/2025,Catheter,1,1,Run,Helios,,Home AO,,17,,,,,
2025,9,Thu,BC,17,6,9/4/2025,CSharp,1,1,Ruck,Helios,,Home AO,,17,,,,,
2025,9,Thu,BC,17,6,9/4/2025,TrafficCone,1,1,Run,Helios,,Home AO,,17,,,,,
2025,9,Thu,BC,17,6,9/4/2025,Walter White,1,,,Helios,,Home AO,,17,,,,,
2025,9,Thu,BC,17,6,9/4/2025,Pi 3.14,1,,,Helios,,Home AO,,17,,,,,
2025,9,Thu,BC,17,6,9/4/2025,Apples,1,,,Helios,,Home AO,,17,,,,,
2025,9,Thu,BC,17,6,9/4/2025,FG the Frost Giant,1,,,Helios,,Home AO,,17,,,,,
2025,9,Thu,BC,17,6,9/4/2025,Cobra Kai,1,,,Helios,,Home AO,,17,,,,,
2025,9,Thu,BC,17,6,9/4/2025,Tekken,1,,,Helios,,Home AO,,17,,,,,
2025,9,Thu,BC,17,6,9/4/2025,Coach,1,,,Helios,,Home AO,,17,,,,,
2025,9,Thu,BC,17,6,9/4/2025,GhostRider,1,,,Helios,,Home AO,,17,,,,,
2025,9,Thu,BC,17,6,9/4/2025,Cheesesteak,1,,,Helios,,Home AO,,17,,,,,
2025,9,Thu,BC,17,6,9/4/2025,NoWay,1,,,Helios,,Home AO,,17,,,,,
2025,9,Thu,BC,17,6,9/4/2025,Macro,1,,,Helios,Q,Home AO,,17,,,,,
2025,9,Fri,SB,11,1,9/5/2025,Catheter,1,1,Run,Helios,,Home AO,,10,,,,,
2025,9,Fri,SB,11,1,9/5/2025,Csharp,1,,,Helios,,Home AO,,10,,,,,
2025,9,Fri,SB,11,1,9/5/2025,FG the Frost Giant,1,,,Helios,,Home AO,,10,,,,,
2025,9,Fri,SB,11,1,9/5/2025,Walter White,1,,,Helios,,Home AO,,10,,,,,
2025,9,Fri,SB,11,1,9/5/2025,Tekken,1,,,Helios,,Home AO,,10,,,,,
2025,9,Fri,SB,11,1,9/5/2025,Cheesesteak,1,,,Helios,,Home AO,,10,,,,,
2025,9,Fri,SB,11,1,9/5/2025,Pi 3.14,1,,,Helios,,Home AO,,10,,,,,
2025,9,Fri,SB,11,1,9/5/2025,Cobra Kai,1,,,Helios,,Home AO,,10,,,,,
2025,9,Fri,SB,11,1,9/5/2025,Gracie,1,,,Helios,,Visitor,,10,,,,,
2025,9,Fri,SB,11,1,9/5/2025,NoWay,1,,,Helios,,Home AO,,10,,,,,
2025,9,Fri,SB,11,1,9/5/2025,Skynet,1,,,Helios,Q,Home AO,,10,,,,,
2025,9,Sat,BC,10,0,9/6/2025,Samurai,1,,,Helios,,Home AO,,10,,,,,
2025,9,Sat,BC,10,0,9/6/2025,Cheesesteak,1,,,Helios,,Home AO,,10,,,,,
2025,9,Sat,BC,10,0,9/6/2025,FG the Frost Giant,1,,,Helios,,Home AO,,10,,,,,
2025,9,Sat,BC,10,0,9/6/2025,Yellowstone,1,,,Helios,,Home AO,,10,,,,,
2025,9,Sat,BC,10,0,9/6/2025,Tekken,1,,,Helios,,Home AO,,10,,,,,
2025,9,Sat,BC,10,0,9/6/2025,NoWay,1,,,Helios,,Home AO,,10,,,,,
2025,9,Sat,BC,10,0,9/6/2025,Caliboy,1,,,Helios,,Home AO,,10,,,,,
2025,9,Sat,BC,10,0,9/6/2025,Pi 3.14,1,,,Helios,,Home AO,,10,,,,,
2025,9,Sat,BC,10,0,9/6/2025,Cobra Kai,1,,,Helios,,Home AO,,10,,,,,
2025,9,Sat,BC,10,0,9/6/2025,Snacks,1,,,Helios,Q,Home AO,,10,,,,,
2025,9,Tue,BC,17,2,9/9/2025,TrafficCone,1,1,Run,Helios,,Home AO,Catherer Centurion,17,,,,,
2025,9,Tue,BC,17,2,9/9/2025,Csharp,1,1,Ruck,Helios,Q,Home AO,Catherer Centurion,17,,,,,
2025,9,Tue,BC,17,2,9/9/2025,Catheter,1,,,Helios,,Home AO,Catherer Centurion,17,,,,,
2025,9,Tue,BC,17,2,9/9/2025,Yellowstone,1,,,Helios,,Home AO,Catherer Centurion,17,,,,,
2025,9,Tue,BC,17,2,9/9/2025,Cheesesteak,1,,,Helios,,Home AO,Catherer Centurion,17,,,,,
2025,9,Tue,BC,17,2,9/9/2025,Skynet,1,,,Helios,,Home AO,Catherer Centurion,17,,,,,
2025,9,Tue,BC,17,2,9/9/2025,Snacks,1,,,Helios,,Home AO,Catherer Centurion,17,,,,,
2025,9,Tue,BC,17,2,9/9/2025,Walter White,1,,,Helios,,Home AO,Catherer Centurion,17,,,,,
2025,9,Tue,BC,17,2,9/9/2025,Cobra Kai,1,,,Helios,,Home AO,Catherer Centurion,17,,,,,
2025,9,Tue,BC,17,2,9/9/2025,Macro,1,,,Helios,,Home AO,Catherer Centurion,17,,,,,
2025,9,Tue,BC,17,2,9/9/2025,Baywatch,1,,,Helios,,Home AO,Catherer Centurion,17,,,,,
2025,9,Tue,BC,17,2,9/9/2025,Pi 3.14,1,,,Helios,,Home AO,Catherer Centurion,17,,,,,
2025,9,Tue,BC,17,2,9/9/2025,Sundevil,1,,,Helios,,Home AO,Catherer Centurion,17,,,,,
2025,9,Tue,BC,17,2,9/9/2025,GhostRider,1,,,Helios,,Home AO,Catherer Centurion,17,,,,,
2025,9,Tue,BC,17,2,9/9/2025,NoWay,1,,,Helios,,Home AO,Catherer Centurion,17,,,,,
2025,9,Tue,BC,17,2,9/9/2025,FG the Frost Giant,1,,,Helios,,Home AO,Catherer Centurion,17,,,,,
2025,9,Tue,BC,17,2,9/9/2025,Tekken,1,,,Helios,,Home AO,Catherer Centurion,17,,,,,
2025,9,Thu,BC,15,2,9/11/2025,TrafficCone,1,1,Run,Helios,,Home AO,,13,,,,,
2025,9,Thu,BC,15,2,9/11/2025,Csharp,1,1,Ruck,Helios,,Home AO,,13,,,,,
2025,9,Thu,BC,15,2,9/11/2025,Apples,1,,,Helios,,Home AO,,13,,,,,
2025,9,Thu,BC,15,2,9/11/2025,Cobra Kai,1,,,Helios,,Home AO,,13,,,,,
2025,9,Thu,BC,15,2,9/11/2025,Denied,1,,,Helios,,Home AO,,13,,,,,
2025,9,Thu,BC,15,2,9/11/2025,Equalizer,1,,,Helios,,Home AO,,13,,,,,
2025,9,Thu,BC,15,2,9/11/2025,FG the Frost Giant,1,,,Helios,,Home AO,,13,,,,,
2025,9,Thu,BC,15,2,9/11/2025,Macro,1,,,Helios,,Home AO,,13,,,,,
2025,9,Thu,BC,15,2,9/11/2025,NoWay,1,,,Helios,,Home AO,,13,,,,,
2025,9,Thu,BC,15,2,9/11/2025,Skynet,1,,,Helios,,Home AO,,13,,,,,
2025,9,Thu,BC,15,2,9/11/2025,Snacks,1,,,Helios,,Home AO,,13,,,,,
2025,9,Thu,BC,15,2,9/11/2025,Switchblade,1,,,Helios,,Visitor,,13,,,,,
2025,9,Thu,BC,15,2,9/11/2025,Tekken,1,,,Helios,,Home AO,,13,,,,,
2025,9,Thu,BC,15,2,9/11/2025,Triple Crown,1,,,Helios,,Visitor,,13,,,,,
2025,9,Thu,BC,15,2,9/11/2025,Pi 3.14,1,,,Helios,Q,Home AO,,13,,,,,
2025,9,Fri,SB,10,0,9/12/2025,Macro,1,,,Helios,,Home AO,,10,,,,,
2025,9,Fri,SB,10,0,9/12/2025,Equalizer,1,,,Helios,,Home AO,,10,,,,,
2025,9,Fri,SB,10,0,9/12/2025,Pi 3.14,1,,,Helios,,Home AO,,10,,,,,
2025,9,Fri,SB,10,0,9/12/2025,Cobra Kai,1,,,Helios,,Home AO,,10,,,,,
2025,9,Fri,SB,10,0,9/12/2025,Tekken,1,,,Helios,,Home AO,,10,,,,,
2025,9,Fri,SB,10,0,9/12/2025,Cheesesteak,1,,,Helios,,Home AO,,10,,,,,
2025,9,Fri,SB,10,0,9/12/2025,Walter White,1,,,Helios,,Home AO,,10,,,,,
2025,9,Fri,SB,10,0,9/12/2025,FG the Frost Giant,1,,,Helios,,Home AO,,10,,,,,
2025,9,Fri,SB,10,0,9/12/2025,NoWay,1,,,Helios,,Home AO,,10,,,,,
2025,9,Fri,SB,10,0,9/12/2025,Sundevil,1,,,Helios,Q,Home AO,,10,,,,,
2025,9,Tue,BC,14,2,9/16/2025,Csharp,1,1,Ruck,Helios,,Home AO,,14,,,,,
2025,9,Tue,BC,14,2,9/16/2025,TrafficCone,1,1,Run,Helios,,Home AO,,14,,,,,
2025,9,Tue,BC,14,2,9/16/2025,Baywatch,1,,,Helios,,Home AO,,14,,,,,
2025,9,Tue,BC,14,2,9/16/2025,Coach,1,,,Helios,,Home AO,,14,,,,,
2025,9,Tue,BC,14,2,9/16/2025,Equalizer,1,,,Helios,,Home AO,,14,,,,,
2025,9,Tue,BC,14,2,9/16/2025,FG the Frost Giant,1,,,Helios,,Home AO,,14,,,,,
2025,9,Tue,BC,14,2,9/16/2025,Knockout,1,,,Helios,,Home AO,,14,,,,,
2025,9,Tue,BC,14,2,9/16/2025,Macro,1,,,Helios,,Home AO,,14,,,,,
2025,9,Tue,BC,14,2,9/16/2025,NoWay,1,,,Helios,,Home AO,,14,,,,,
2025,9,Tue,BC,14,2,9/16/2025,Snacks,1,,,Helios,,Home AO,,14,,,,,
2025,9,Tue,BC,14,2,9/16/2025,Soul Train,1,,,Helios,FNG,Home AO,,14,,,,,
2025,9,Tue,BC,14,2,9/16/2025,Tekken,1,,,Helios,,Home AO,,14,,,,,
2025,9,Tue,BC,14,2,9/16/2025,Walter White,1,,,Helios,BB,Home AO,,14,,,,,
2025,9,Tue,BC,14,2,9/16/2025,Pi 3.14,1,,,Helios,Q,Home AO,,14,,,,,
2025,9,Wed,SB,3,0,9/17/2025,FG the Frost Giant,1,,,Helios,,Home AO,Preparing VQ,3,,,,,
2025,9,Wed,SB,3,0,9/17/2025,Equalizer,1,,,Helios,,Home AO,Preparing VQ,3,,,,,
2025,9,Wed,SB,3,0,9/17/2025,Mickey,1,,,Helios,,Home AO,Preparing VQ,3,,,,,
2025,9,Thu,BC,13,2,9/18/2025,Csharp,1,1,Ruck,Helios,,Home AO,,13,,,,,
2025,9,Thu,BC,13,2,9/18/2025,TrafficCone,1,1,Run,Helios,,Home AO,,13,,,,,
2025,9,Thu,BC,13,2,9/18/2025,Catheter,1,,,Helios,Q,Home AO,,,,,,,
2025,9,Thu,BC,13,2,9/18/2025,Snacks,1,,,Helios,,Home AO,,13,,,,,
2025,9,Thu,BC,13,2,9/18/2025,Kingpin,1,,,Helios,,Home AO,,13,,,,,
2025,9,Thu,BC,13,2,9/18/2025,Walter White,1,,,Helios,,Home AO,,13,,,,,
2025,9,Thu,BC,13,2,9/18/2025,GhostRider,1,,,Helios,,Home AO,,13,,,,,
2025,9,Thu,BC,13,2,9/18/2025,Knockout,1,,,Helios,,Home AO,,13,,,,,
2025,9,Thu,BC,13,2,9/18/2025,Skynet,1,,,Helios,,Home AO,,13,,,,,
2025,9,Thu,BC,13,2,9/18/2025,Baywatch,1,,,Helios,,Home AO,,13,,,,,
2025,9,Thu,BC,13,2,9/18/2025,NoWay,1,,,Helios,,Home AO,,13,,,,,
2025,9,Thu,BC,13,2,9/18/2025,Pi 3.14,1,,,Helios,,Home AO,,13,,,,,
2025,9,Thu,BC,13,2,9/18/2025,Tekken,1,,,Helios,,Home AO,,13,,,,,
2025,9,Fri,SB,18,0,9/19/2025,Pi 3.14,1,,,Helios,,Home AO,Equalizer (Q) & Frost Giant (coVQ),13,,,,,
2025,9,Fri,SB,18,0,9/19/2025,Mickey,1,,,Helios,,Home AO,Equalizer (Q) & Frost Giant (coVQ),13,,,,,
2025,9,Fri,SB,18,0,9/19/2025,NoWay,1,,,Helios,,Home AO,Equalizer (Q) & Frost Giant (coVQ),13,,,,,
2025,9,Fri,SB,18,0,9/19/2025,Tekken,1,,,Helios,,Home AO,Equalizer (Q) & Frost Giant (coVQ),13,,,,,
2025,9,Fri,SB,18,0,9/19/2025,Denied,1,,,Helios,,Home AO,Equalizer (Q) & Frost Giant (coVQ),13,,,,,
2025,9,Fri,SB,18,0,9/19/2025,Cheesesteak,1,,,Helios,,Home AO,Equalizer (Q) & Frost Giant (coVQ),13,,,,,
2025,9,Fri,SB,18,0,9/19/2025,Macro,1,,,Helios,,Home AO,Equalizer (Q) & Frost Giant (coVQ),13,,,,,
2025,9,Fri,SB,18,0,9/19/2025,Klondike,1,,,Helios,,Visitor,Equalizer (Q) & Frost Giant (coVQ),13,,,,,
2025,9,Fri,SB,18,0,9/19/2025,Fajita,1,,,Helios,,Visitor,Equalizer (Q) & Frost Giant (coVQ),13,,,,,
2025,9,Fri,SB,18,0,9/19/2025,Sunflower,1,,,Helios,,Visitor,Equalizer (Q) & Frost Giant (coVQ),13,,,,,
2025,9,Fri,SB,18,0,9/19/2025,Sundevil,1,,,Helios,,Home AO,Equalizer (Q) & Frost Giant (coVQ),13,,,,,
2025,9,Fri,SB,18,0,9/19/2025,Yoo-hoo,1,,,Helios,,Home AO,Equalizer (Q) & Frost Giant (coVQ),13,,,,,
2025,9,Fri,SB,18,0,9/19/2025,Albatross,1,,,Helios,,Visitor,Equalizer (Q) & Frost Giant (coVQ),13,,,,,
2025,9,Fri,SB,18,0,9/19/2025,SuperTrooper,1,,,Helios,,Visitor,Equalizer (Q) & Frost Giant (coVQ),13,,,,,
2025,9,Fri,SB,18,0,9/19/2025,Walter White,1,,,Helios,,Home AO,Equalizer (Q) & Frost Giant (coVQ),13,,,,,
2025,9,Fri,SB,18,0,9/19/2025,Snacks,1,,,Helios,,Home AO,Equalizer (Q) & Frost Giant (coVQ),13,,,,,
2025,9,Fri,SB,18,0,9/19/2025,FG the Frost Giant,1,,,Helios,,Home AO,Equalizer (Q) & Frost Giant (coVQ),13,,,,,
2025,9,Fri,SB,18,0,9/19/2025,Equalizer,1,,,Helios,VQ,Home AO,Equalizer (Q) & Frost Giant (coVQ),13,,,,,
2025,9,Sat,BC,7,1,9/20/2025,Csharp,1,1,Ruck,Helios,,Home AO,,7,,,,,
2025,9,Sat,BC,7,1,9/20/2025,NoWay,1,,,Helios,,Home AO,,7,,,,,
2025,9,Sat,BC,7,1,9/20/2025,FG the Frost Giant,1,,,Helios,,Home AO,,7,,,,,
2025,9,Sat,BC,7,1,9/20/2025,Cobra Kai,1,,,Helios,,Home AO,,7,,,,,
2025,9,Sat,BC,7,1,9/20/2025,Snacks,1,,,Helios,,Home AO,,7,,,,,
2025,9,Sat,BC,7,1,9/20/2025,Tekken,1,,,Helios,,Home AO,,7,,,,,
2025,9,Sat,BC,7,1,9/20/2025,Pi 3.14,1,,,Helios,VQ,Home AO,,7,,,,,
2025,9,Tue,BC,11,3,9/23/2025,Knockout,1,1,Run,Helios,,Home AO,,11,,,,,
2025,9,Tue,BC,11,3,9/23/2025,Csharp,1,1,Ruck,Helios,Q,Home AO,,11,,,,,
2025,9,Tue,BC,11,3,9/23/2025,TrafficCone,1,1,Run,Helios,,Home AO,,11,,,,,
2025,9,Tue,BC,11,3,9/23/2025,Walter White,1,,,Helios,,Home AO,,11,,,,,
2025,9,Tue,BC,11,3,9/23/2025,Snacks,1,,,Helios,,Home AO,,11,,,,,
2025,9,Tue,BC,11,3,9/23/2025,Yellowstone,1,,,Helios,,Home AO,,11,,,,,
2025,9,Tue,BC,11,3,9/23/2025,Tekken,1,,,Helios,,Home AO,,11,,,,,
2025,9,Tue,BC,11,3,9/23/2025,Skynet,1,,,Helios,,Home AO,,11,,,,,
2025,9,Tue,BC,11,3,9/23/2025,NoWay,1,,,Helios,,Home AO,,11,,,,,
2025,9,Tue,BC,11,3,9/23/2025,Macro,1,,,Helios,,Home AO,,11,,,,,
2025,9,Tue,BC,11,3,9/23/2025,Equalizer,1,,,Helios,,Home AO,,11,,,,,
2025,9,Thu,BC,10,1,9/25/2025,TrafficCone,1,1,Run,Helios,,Home AO,,10,,,,,
2025,9,Thu,BC,10,1,9/25/2025,Odd Job,1,,,Helios,,Home AO,,10,,,,,
2025,9,Thu,BC,10,1,9/25/2025,Snacks,1,,,Helios,,Home AO,,10,,,,,
2025,9,Thu,BC,10,1,9/25/2025,FG the Frost Giant,1,,,Helios,,Home AO,,10,,,,,
2025,9,Thu,BC,10,1,9/25/2025,Knockout,1,,,Helios,,Home AO,,10,,,,,
2025,9,Thu,BC,10,1,9/25/2025,NoWay,1,,,Helios,,Home AO,,10,,,,,
2025,9,Thu,BC,10,1,9/25/2025,Cobra Kai,1,,,Helios,,Home AO,,10,,,,,
2025,9,Thu,BC,10,1,9/25/2025,Macro,1,,,Helios,,Home AO,,10,,,,,
2025,9,Thu,BC,10,1,9/25/2025,Skynet,1,,,Helios,,Home AO,,10,,,,,
2025,9,Thu,BC,10,1,9/25/2025,Equalizer,1,,,Helios,Q,Home AO,,10,,,,,
2025,9,Fri,SB,9,0,9/26/2025,FG the Frost Giant,1,,,Helios,,Home AO,,9,,,,,
2025,9,Fri,SB,9,0,9/26/2025,Csharp,1,,,Helios,,Home AO,,9,,,,,
2025,9,Fri,SB,9,0,9/26/2025,Tekken,1,,,Helios,,Home AO,,9,,,,,
2025,9,Fri,SB,9,0,9/26/2025,Cobra Kai,1,,,Helios,,Home AO,,9,,,,,
2025,9,Fri,SB,9,0,9/26/2025,Macro,1,,,Helios,,Home AO,,9,,,,,
2025,9,Fri,SB,9,0,9/26/2025,GhostRider,1,,,Helios,,Home AO,,9,,,,,
2025,9,Fri,SB,9,0,9/26/2025,Equalizer,1,,,Helios,,Home AO,,9,,,,,
2025,9,Fri,SB,9,0,9/26/2025,NoWay,1,,,Helios,,Home AO,,9,,,,,
2025,9,Fri,SB,9,0,9/26/2025,SKynet,1,,,Helios,Q,Home AO,,9,,,,,
2025,9,Sat,BC,9,0,9/27/2025,FG the Frost Giant,1,,,Helios,,Home AO,,9,,,,,
2025,9,Sat,BC,9,0,9/27/2025,Equalizer,1,,,Helios,,Home AO,,9,,,,,
2025,9,Sat,BC,9,0,9/27/2025,Tekken,1,,,Helios,,Home AO,,9,,,,,
2025,9,Sat,BC,9,0,9/27/2025,NoWay,1,,,Helios,,Home AO,,9,,,,,
2025,9,Sat,BC,9,0,9/27/2025,Cobra Kai,1,,,Helios,,Home AO,,9,,,,,
2025,9,Sat,BC,9,0,9/27/2025,Odd Job,1,,,Helios,,Home AO,,9,,,,,
2025,9,Sat,BC,9,0,9/27/2025,Macro,1,,,Helios,,Home AO,,9,,,,,
2025,9,Sat,BC,9,0,9/27/2025,Spartan,1,,,Helios,,Home AO,,9,,,,,
2025,9,Sat,BC,9,0,9/27/2025,Snacks,1,,,Helios,Q,Home AO,,9,,,,,
2025,9,Tue,BC,13,0,9/30/2025,Csharp,1,,,Helios,,Home AO,,13,,,,,
2025,9,Tue,BC,13,0,9/30/2025,Walter White,1,,,Helios,,Home AO,,13,,,,,
2025,9,Tue,BC,13,0,9/30/2025,Cobra Kai,1,,,Helios,,Home AO,,13,,,,,
2025,9,Tue,BC,13,0,9/30/2025,NoWay,1,,,Helios,,Home AO,,13,,,,,
2025,9,Tue,BC,13,0,9/30/2025,FG the Frost Giant,1,,,Helios,,Home AO,,13,,,,,
2025,9,Tue,BC,13,0,9/30/2025,Tekken,1,,,Helios,,Home AO,,13,,,,,
2025,9,Tue,BC,13,0,9/30/2025,Pi 3.14,1,,,Helios,,Home AO,,13,,,,,
2025,9,Tue,BC,13,0,9/30/2025,Coach,1,,,Helios,,Home AO,,13,,,,,
2025,9,Tue,BC,13,0,9/30/2025,Snacks,1,,,Helios,,Home AO,,13,,,,,
2025,9,Tue,BC,13,0,9/30/2025,Brahma,1,,,Helios,,Home AO,,13,,,,,
2025,9,Tue,BC,13,0,9/30/2025,Knockout,1,,,Helios,,Home AO,,13,,,,,
2025,9,Tue,BC,13,0,9/30/2025,SKynet,1,,,Helios,,Home AO,,13,,,,,
2025,9,Tue,BC,13,0,9/30/2025,Macro,1,,,Helios,Q,Home AO,,13,,,,,
2025,10,Thu,BC,12,0,10/2/2025,Catheter,1,,,Helios,,Home AO,,,,,,,
2025,10,Thu,BC,12,0,10/2/2025,Pi 3.14,1,,,Helios,,Home AO,,12,,,,,
2025,10,Thu,BC,12,0,10/2/2025,CSharp,1,,,Helios,,Home AO,,12,,,,,
2025,10,Thu,BC,12,0,10/2/2025,Walter White,1,,,Helios,,Home AO,,12,,,,,
2025,10,Thu,BC,12,0,10/2/2025,Sundevil,1,,,Helios,,Home AO,,12,,,,,
2025,10,Thu,BC,12,0,10/2/2025,FG the Frost Giant,1,,,Helios,,Home AO,,12,,,,,
2025,10,Thu,BC,12,0,10/2/2025,Tekken,1,,,Helios,,Home AO,,12,,,,,
2025,10,Thu,BC,12,0,10/2/2025,NoWay,1,,,Helios,,Home AO,,12,,,,,
2025,10,Thu,BC,12,0,10/2/2025,Cobra Kai,1,,,Helios,,Home AO,,12,,,,,
2025,10,Thu,BC,12,0,10/2/2025,Odd Job,1,,,Helios,,Home AO,,12,,,,,
2025,10,Thu,BC,12,0,10/2/2025,Green Mile,1,,,Helios,,Home AO,,12,,,,,
2025,10,Thu,BC,12,0,10/2/2025,Snacks,1,,,Helios,Q,Home AO,,12,,,,,
2025,10,Fri,SB,10,0,10/3/2025,Cobra Kai,1,,,Helios,,Home AO,,10,,,,,
2025,10,Fri,SB,10,0,10/3/2025,Coach,1,,,Helios,,Home AO,,10,,,,,
2025,10,Fri,SB,10,0,10/3/2025,Walter White,1,,,Helios,,Home AO,,10,,,,,
2025,10,Fri,SB,10,0,10/3/2025,Tekken,1,,,Helios,,Home AO,,10,,,,,
2025,10,Fri,SB,10,0,10/3/2025,SKynet,1,,,Helios,,Home AO,,10,,,,,
2025,10,Fri,SB,10,0,10/3/2025,Denied,1,,,Helios,,Home AO,,10,,,,,
2025,10,Fri,SB,10,0,10/3/2025,TrafficCone,1,,,Helios,,Home AO,,10,,,,,
2025,10,Fri,SB,10,0,10/3/2025,Pi 3.14,1,,,Helios,,Home AO,,10,,,,,
2025,10,Fri,SB,10,0,10/3/2025,Green Mile,1,,,Helios,,Home AO,,10,,,,,
2025,10,Fri,SB,10,0,10/3/2025,FG the Frost Giant,1,,,Helios,Q,Home AO,,10,,,,,
2025,10,Tue,BC,17,3,10/7/2025,Baywatch,1,,,Helios,,Home AO,,17,,,,,
2025,10,Tue,BC,17,3,10/7/2025,Catheter,1,1,Run,Helios,,Home AO,,,,,,,
2025,10,Tue,BC,17,3,10/7/2025,Cobra Kai,1,,,Helios,,Home AO,,17,,,,,
2025,10,Tue,BC,17,3,10/7/2025,Coach,1,,,Helios,,Home AO,,17,,,,,
2025,10,Tue,BC,17,3,10/7/2025,Csharp,1,1,Ruck,Helios,,Home AO,,17,,,,,
2025,10,Tue,BC,17,3,10/7/2025,Equalizer,1,,,Helios,,Home AO,,17,,,,,
2025,10,Tue,BC,17,3,10/7/2025,FG the Frost Giant,1,,,Helios,,Home AO,,17,,,,,
2025,10,Tue,BC,17,3,10/7/2025,Green Mile,1,,,Helios,,Home AO,,17,,,,,
2025,10,Tue,BC,17,3,10/7/2025,Kingpin,1,,,Helios,,Home AO,,17,,,,,
2025,10,Tue,BC,17,3,10/7/2025,NoWay,1,,,Helios,,Home AO,,17,,,,,
2025,10,Tue,BC,17,3,10/7/2025,Odd Job,1,,,Helios,,Home AO,,17,,,,,
2025,10,Tue,BC,17,3,10/7/2025,Snacks,1,,,Helios,,Home AO,,17,,,,,
2025,10,Tue,BC,17,3,10/7/2025,Sundevil,1,,,Helios,,Home AO,,17,,,,,
2025,10,Tue,BC,17,3,10/7/2025,Tekken,1,,,Helios,,Home AO,,17,,,,,
2025,10,Tue,BC,17,3,10/7/2025,TrafficCone,1,1,Run,Helios,,Home AO,,17,,,,,
2025,10,Tue,BC,17,3,10/7/2025,Walter White,1,,,Helios,,Home AO,,17,,,,,
2025,10,Tue,BC,17,3,10/7/2025,Pi 3.14,1,,,Helios,Q,Home AO,,17,,,,,
2025,10,Thu,BC,12,1,10/9/2025,Brahma,1,,,Helios,,Home AO,,12,,,,,
2025,10,Thu,BC,12,1,10/9/2025,Denied,1,,,Helios,,Home AO,,12,,,,,
2025,10,Thu,BC,12,1,10/9/2025,Equalizer,1,,,Helios,,Home AO,,12,,,,,
2025,10,Thu,BC,12,1,10/9/2025,Walter White,1,,,Helios,,Home AO,,12,,,,,
2025,10,Thu,BC,12,1,10/9/2025,FG the Frost Giant,1,,,Helios,,Home AO,,12,,,,,
2025,10,Thu,BC,12,1,10/9/2025,Tekken,1,,,Helios,,Home AO,,12,,,,,
2025,10,Thu,BC,12,1,10/9/2025,TrafficCone,1,1,Run,Helios,,Home AO,,12,,,,,
2025,10,Thu,BC,12,1,10/9/2025,NoWay,1,,,Helios,,Home AO,,12,,,,,
2025,10,Thu,BC,12,1,10/9/2025,Kingpin,1,,,Helios,,Home AO,,12,,,,,
2025,10,Thu,BC,12,1,10/9/2025,Space Cowboy,1,,,Helios,,Home AO,,12,,,,,
2025,10,Thu,BC,12,1,10/9/2025,Cobra Kai,1,,,Helios,,Home AO,,12,,,,,
2025,10,Thu,BC,12,1,10/9/2025,Snacks,1,,,Helios,Q,Home AO,,12,,,,,
2025,10,Fri,SB,7,0,10/10/2025,FG the Frost Giant,1,,,Helios,,Home AO,1 Year Anniversary Dry run,7,,,,,
2025,10,Fri,SB,7,0,10/10/2025,Equalizer,1,,,Helios,,Home AO,1 Year Anniversary Dry run,7,,,,,
2025,10,Fri,SB,7,0,10/10/2025,NoWay,1,,,Helios,,Home AO,1 Year Anniversary Dry run,7,,,,,
2025,10,Fri,SB,7,0,10/10/2025,Csharp,1,,,Helios,,Home AO,1 Year Anniversary Dry run,7,,,,,
2025,10,Fri,SB,7,0,10/10/2025,Mickey,1,,,Helios,,Home AO,1 Year Anniversary Dry run,7,,,,,
2025,10,Fri,SB,7,0,10/10/2025,Cobra Kai,1,,,Helios,,Home AO,1 Year Anniversary Dry run,7,,,,,
2025,10,Fri,SB,7,0,10/10/2025,Sundevil,1,,,Helios,Q,Home AO,1 Year Anniversary Dry run,7,,,,,
2025,10,Sat,BC,9,2,10/11/2025,NoWay,1,,,Helios,,Home AO,,9,,,,,
2025,10,Sat,BC,9,2,10/11/2025,Snacks,1,,,Helios,,Home AO,,9,,,,,
2025,10,Sat,BC,9,2,10/11/2025,Catheter,1,1,Run,Helios,,Home AO,,,,,,,
2025,10,Sat,BC,9,2,10/11/2025,Knockout,1,,,Helios,,Home AO,,9,,,,,
2025,10,Sat,BC,9,2,10/11/2025,Tekken,1,,,Helios,,Home AO,,9,,,,,
2025,10,Sat,BC,9,2,10/11/2025,Csharp,1,,,Helios,,Home AO,,9,,,,,
2025,10,Sat,BC,9,2,10/11/2025,Nutria,1,1,Ruck,Helios,,Home AO,,9,,,,,
2025,10,Sat,BC,9,2,10/11/2025,Equalizer,1,,,Helios,,Home AO,,9,,,,,
2025,10,Sat,BC,9,2,10/11/2025,Mickey,1,,,Helios,Q,Home AO,,9,,,,,
2025,10,Tue,BC,13,0,10/14/2025,FG the Frost Giant,1,,,Helios,,Home AO,,13,,,,,
2025,10,Tue,BC,13,0,10/14/2025,Walter White,1,,,Helios,,Home AO,,13,,,,,
2025,10,Tue,BC,13,0,10/14/2025,Cheesesteak,1,,,Helios,,Home AO,,13,,,,,
2025,10,Tue,BC,13,0,10/14/2025,SKynet,1,,,Helios,,Home AO,,13,,,,,
2025,10,Tue,BC,13,0,10/14/2025,Catheter,1,,,Helios,,Home AO,,,,,,,
2025,10,Tue,BC,13,0,10/14/2025,NoWay,1,,,Helios,,Home AO,,13,,,,,
2025,10,Tue,BC,13,0,10/14/2025,Tekken,1,,,Helios,,Home AO,,13,,,,,
2025,10,Tue,BC,13,0,10/14/2025,pi 3.14,1,,,Helios,,Home AO,,13,,,,,
2025,10,Tue,BC,13,0,10/14/2025,snacks,1,,,Helios,,Home AO,,13,,,,,
2025,10,Tue,BC,13,0,10/14/2025,TrafficCone,1,,,Helios,,Home AO,,13,,,,,
2025,10,Tue,BC,13,0,10/14/2025,Cobra Kai,1,,,Helios,,Home AO,,13,,,,,
2025,10,Tue,BC,13,0,10/14/2025,Equalizer,1,,,Helios,,Home AO,,13,,,,,
2025,10,Tue,BC,13,0,10/14/2025,SunDevil,1,,,Helios,Q,Home AO,,13,,,,,
2025,10,Thu,BC,16,0,10/16/2025,Baywatch,1,,,Helios,,Home AO,,16,,,,,
2025,10,Thu,BC,16,0,10/16/2025,skynet,1,,,Helios,,Home AO,,16,,,,,
2025,10,Thu,BC,16,0,10/16/2025,noWay,1,,,Helios,,Home AO,,16,,,,,
2025,10,Thu,BC,16,0,10/16/2025,catheter,1,,,Helios,,Home AO,,,,,,,
2025,10,Thu,BC,16,0,10/16/2025,TrafficCone,1,,,Helios,,Home AO,,16,,,,,
2025,10,Thu,BC,16,0,10/16/2025,Pi 3.14,1,,,Helios,,Home AO,,16,,,,,
2025,10,Thu,BC,16,0,10/16/2025,CSharp,1,,,Helios,,Home AO,,16,,,,,
2025,10,Thu,BC,16,0,10/16/2025,snacks,1,,,Helios,,Home AO,,16,,,,,
2025,10,Thu,BC,16,0,10/16/2025,Cobra Kai,1,,,Helios,,Home AO,,16,,,,,
2025,10,Thu,BC,16,0,10/16/2025,Macro,1,,,Helios,,Home AO,,16,,,,,
2025,10,Thu,BC,16,0,10/16/2025,Green Mile,1,,,Helios,,Home AO,,16,,,,,
2025,10,Thu,BC,16,0,10/16/2025,Brahma,1,,,Helios,,Home AO,,16,,,,,
2025,10,Thu,BC,16,0,10/16/2025,Walter White,1,,,Helios,,Home AO,,16,,,,,
2025,10,Thu,BC,16,0,10/16/2025,FG the Frost Giant,1,,,Helios,,Home AO,,16,,,,,
2025,10,Thu,BC,16,0,10/16/2025,Tekken,1,,,Helios,,Home AO,,16,,,,,
2025,10,Thu,BC,16,0,10/16/2025,SunDevil,1,,,Helios,Q,Home AO,,16,,,,,
2025,10,Fri,SB,14,0,10/17/2025,Pi 3.14,1,,,Helios,,Home AO,,14,,,,,
2025,10,Fri,SB,14,0,10/17/2025,Mickey,1,,,Helios,,Home AO,,14,,,,,
2025,10,Fri,SB,14,0,10/17/2025,Equalizer,1,,,Helios,,Home AO,,14,,,,,
2025,10,Fri,SB,14,0,10/17/2025,walter White,1,,,Helios,Starsky,Home AO,,14,,,,,
2025,10,Fri,SB,14,0,10/17/2025,Cobra Kai,1,,,Helios,,Home AO,,14,,,,,
2025,10,Fri,SB,14,0,10/17/2025,Tekken,1,,,Helios,,Home AO,,14,,,,,
2025,10,Fri,SB,14,0,10/17/2025,catheter,1,,,Helios,,Home AO,,,,,,,
2025,10,Fri,SB,14,0,10/17/2025,Odd Job,1,,,Helios,,Home AO,,14,,,,,
2025,10,Fri,SB,14,0,10/17/2025,FG the Frost Giant,1,,,Helios,,Home AO,,14,,,,,
2025,10,Fri,SB,14,0,10/17/2025,noWay,1,,,Helios,,Home AO,,14,,,,,
2025,10,Fri,SB,14,0,10/17/2025,Macro,1,,,Helios,,Home AO,,14,,,,,
2025,10,Fri,SB,14,0,10/17/2025,skynet,1,,,Helios,,Home AO,,14,,,,,
2025,10,Fri,SB,14,0,10/17/2025,Q*bert,1,,,Helios,FNG,Home AO,,14,,,,,
2025,10,Fri,SB,14,0,10/17/2025,Csharp,1,,,Helios,Q,Home AO,Birthday Q,14,,,,,
2025,10,Sat,BC,11,3,10/18/2025,Mickey,,,,Helios,,Home AO,,6,,,,,
2025,10,Sat,BC,11,3,10/18/2025,Tripod,1,1,Run,Helios,,Visitor,,6,,,,,
2025,10,Sat,BC,11,3,10/18/2025,noWay,1,,,Helios,,Home AO,,6,,,,,
2025,10,Sat,BC,11,3,10/18/2025,catheter,1,,,Helios,,Home AO,,,,,,,
2025,10,Sat,BC,11,3,10/18/2025,Nutria,1,,,Helios,,Home AO,,6,,,,,
2025,10,Sat,BC,11,3,10/18/2025,Mario Kart,1,,,Helios,,Visitor,,6,,,,,
2025,10,Sat,BC,11,3,10/18/2025,Jack Frost,1,,,Helios,,Visitor,,6,,,,,
2025,10,Sat,BC,11,3,10/18/2025,Sims,1,1,Run,Helios,,Visitor,,6,,,,,
2025,10,Sat,BC,11,3,10/18/2025,Mr. Wonderful,1,,,Helios,,Visitor,,6,,,,,
2025,10,Sat,BC,11,3,10/18/2025,Snacks,1,1,Run,Helios,,Home AO,,6,,,,,
2025,10,Sat,BC,11,3,10/18/2025,Cobra Kai,1,,,Helios,,Home AO,,6,,,,,
2025,10,Sat,BC,11,3,10/18/2025,Yoo-hoo,1,,,Helios,Q,Home AO,,6,,,,,
2025,10,Tue,BC,15,1,10/21/2025,Pi 3.14,1,,,Helios,,Home AO,,13,,,,,
2025,10,Tue,BC,15,1,10/21/2025,FG the Frost Giant,1,,,Helios,,Home AO,,13,,,,,
2025,10,Tue,BC,15,1,10/21/2025,noWay,1,,,Helios,,Home AO,,13,,,,,
2025,10,Tue,BC,15,1,10/21/2025,Catheter,1,,,Helios,,Home AO,,,,,,,
2025,10,Tue,BC,15,1,10/21/2025,skynet,1,,,Helios,,Home AO,,13,,,,,
2025,10,Tue,BC,15,1,10/21/2025,Stiltskin,1,,,Helios,,Visitor,,13,,,,,
2025,10,Tue,BC,15,1,10/21/2025,Csharp,1,,,Helios,,Home AO,,13,,,,,
2025,10,Tue,BC,15,1,10/21/2025,TrafficCone,1,1,Run,Helios,,Home AO,,13,,,,,
2025,10,Tue,BC,15,1,10/21/2025,Snacks,1,,,Helios,,Home AO,,13,,,,,
2025,10,Tue,BC,15,1,10/21/2025,Walter White,1,,,Helios,,Home AO,,13,,,,,
2025,10,Tue,BC,15,1,10/21/2025,Cobra Kai,1,,,Helios,,Home AO,,13,,,,,
2025,10,Tue,BC,15,1,10/21/2025,Tekken,1,,,Helios,,Home AO,,13,,,,,
2025,10,Tue,BC,15,1,10/21/2025,High Life,1,,,Helios,FNG,Home AO,,13,,,,,
2025,10,Tue,BC,15,1,10/21/2025,Baywatch,1,,,Helios,,Home AO,,13,,,,,
2025,10,Tue,BC,15,1,10/21/2025,Tiger,1,,,Helios,Q,Visitor,,13,,,,,
2025,10,Thu,BC,13,0,10/23/2025,Kingpin,1,,,Helios,,Home AO,,12,,,,,
2025,10,Thu,BC,13,0,10/23/2025,Catheter,1,,,Helios,,Home AO,,,,,,,
2025,10,Thu,BC,13,0,10/23/2025,Csharp,1,,,Helios,,Home AO,,12,,,,,
2025,10,Thu,BC,13,0,10/23/2025,Brahma,1,,,Helios,,Home AO,,12,,,,,
2025,10,Thu,BC,13,0,10/23/2025,Cobra Kai,1,,,Helios,,Home AO,,12,,,,,
2025,10,Thu,BC,13,0,10/23/2025,Walter White,1,,,Helios,,Home AO,,12,,,,,
2025,10,Thu,BC,13,0,10/23/2025,Macro,1,,,Helios,,Home AO,,12,,,,,
2025,10,Thu,BC,13,0,10/23/2025,skynet,1,,,Helios,,Home AO,,12,,,,,
2025,10,Thu,BC,13,0,10/23/2025,High Life,1,,,Helios,,Home AO,,12,,,,,
2025,10,Thu,BC,13,0,10/23/2025,FG the Frost Giant,1,,,Helios,,Home AO,,12,,,,,
2025,10,Thu,BC,13,0,10/23/2025,Tekken,1,,,Helios,,Home AO,,12,,,,,
2025,10,Thu,BC,13,0,10/23/2025,noWay,1,,,Helios,,Home AO,,12,,,,,
2025,10,Thu,BC,13,0,10/23/2025,Monopoly,1,,,Helios,Q,Visitor,,12,,,,,
2025,10,Fri,SB,14,1,10/24/2025,NoWay,1,,,Helios,,Home AO,,14,,,,,
2025,10,Fri,SB,14,1,10/24/2025,Macro,1,,,Helios,,Home AO,,14,,,,,
2025,10,Fri,SB,14,1,10/24/2025,Kingpin,1,,,Helios,,Home AO,,14,,,,,
2025,10,Fri,SB,14,1,10/24/2025,Pi 3.14,1,,,Helios,,Home AO,,14,,,,,
2025,10,Fri,SB,14,1,10/24/2025,Tekken,1,,,Helios,,Home AO,,14,,,,,
2025,10,Fri,SB,14,1,10/24/2025,Csharp,1,,,Helios,,Home AO,,14,,,,,
2025,10,Fri,SB,14,1,10/24/2025,Nutria,1,1,Ruck,Helios,,Home AO,,14,,,,,
2025,10,Fri,SB,14,1,10/24/2025,Equalizer,1,,,Helios,,Home AO,,14,,,,,
2025,10,Fri,SB,14,1,10/24/2025,FG the Frost Giant,1,,,Helios,,Home AO,,14,,,,,
2025,10,Fri,SB,14,1,10/24/2025,Cobra Kai,1,,,Helios,,Home AO,,14,,,,,
2025,10,Fri,SB,14,1,10/24/2025,Cheesesteak,1,,,Helios,,Home AO,,14,,,,,
2025,10,Fri,SB,14,1,10/24/2025,Skynet,1,,,Helios,,Home AO,,14,,,,,
2025,10,Fri,SB,14,1,10/24/2025,Walter White,1,,,Helios,Starsky,Home AO,,14,,,,,
2025,10,Fri,SB,14,1,10/24/2025,Mickey,1,,,Helios,Q,Home AO,,14,,,,,
2025,10,Sat,BC,67,5,10/25/2025,Mr. Clean,1,,,Helios,,Visitor,Helios Anniversary,22,,,,,
2025,10,Sat,BC,67,5,10/25/2025,Bondage,1,,,Helios,Starsky,Visitor,Helios Anniversary,22,,,,,
2025,10,Sat,BC,67,5,10/25/2025,Tiger,1,,,Helios,,Visitor,Helios Anniversary,22,,,,,
2025,10,Sat,BC,67,5,10/25/2025,Sriracha,1,1,Run,Helios,,Visitor,Helios Anniversary,22,,,,,
2025,10,Sat,BC,67,5,10/25/2025,Inspecor G.,1,,,Helios,,Visitor,Helios Anniversary,22,,,,,
2025,10,Sat,BC,67,5,10/25/2025,Wishbone,1,,,Helios,,Visitor,Helios Anniversary,22,,,,,
2025,10,Sat,BC,67,5,10/25/2025,ManCity,1,,,Helios,,Visitor,Helios Anniversary,22,,,,,
2025,10,Sat,BC,67,5,10/25/2025,Dirty Bird,1,1,Run,Helios,,Visitor,Helios Anniversary,22,,,,,
2025,10,Sat,BC,67,5,10/25/2025,TripleCrown,1,,,Helios,,Visitor,Helios Anniversary,22,,,,,
2025,10,Sat,BC,67,5,10/25/2025,NoWay,1,,,Helios,,Home AO,Helios Anniversary,22,,,,,
2025,10,Sat,BC,67,5,10/25/2025,Orrah,1,,,Helios,,Visitor,Helios Anniversary,22,,,,,
2025,10,Sat,BC,67,5,10/25/2025,Warlock,1,,,Helios,,Visitor,Helios Anniversary,22,,,,,
2025,10,Sat,BC,67,5,10/25/2025,InsideOut,1,,,Helios,,Visitor,Helios Anniversary,22,,,,,
2025,10,Sat,BC,67,5,10/25/2025,Gym Rat,1,,,Helios,FNG,Home AO,Helios Anniversary,22,,,,,
2025,10,Sat,BC,67,5,10/25/2025,Skynet,1,,,Helios,,Home AO,Helios Anniversary,22,,,,,
2025,10,Sat,BC,67,5,10/25/2025,Pi 3.14,1,,,Helios,Q,Home AO,Helios Anniversary,22,,,,,
2025,10,Sat,BC,67,5,10/25/2025,Yellowstone,1,,,Helios,,Home AO,Helios Anniversary,22,,,,,
2025,10,Sat,BC,67,5,10/25/2025,Q*bert,1,,,Helios,,Home AO,Helios Anniversary,22,,,,,
2025,10,Sat,BC,67,5,10/25/2025,Escobar,1,,,Helios,,Visitor,Helios Anniversary,22,,,,,
2025,10,Sat,BC,67,5,10/25/2025,Romulus,1,,,Helios,,Visitor,Helios Anniversary,22,,,,,
2025,10,Sat,BC,67,5,10/25/2025,Scubie,1,,,Helios,,Visitor,Helios Anniversary,22,,,,,
2025,10,Sat,BC,67,5,10/25/2025,Quesadilla,1,,,Helios,,Visitor,Helios Anniversary,22,,,,,
2025,10,Sat,BC,67,5,10/25/2025,Okie,1,,,Helios,,Visitor,Helios Anniversary,22,,,,,
2025,10,Sat,BC,67,5,10/25/2025,Quikrete,1,,,Helios,,Visitor,Helios Anniversary,22,,,,,
2025,10,Sat,BC,67,5,10/25/2025,TrafficCone,1,1,Run,Helios,,Home AO,Helios Anniversary,22,,,,,
2025,10,Sat,BC,67,5,10/25/2025,JAG,1,,,Helios,,Visitor,Helios Anniversary,22,,,,,
2025,10,Sat,BC,67,5,10/25/2025,Apples,1,,,Helios,,Home AO,Helios Anniversary,22,,,,,
2025,10,Sat,BC,67,5,10/25/2025,Einstein,1,,,Helios,,Visitor,Helios Anniversary,22,,,,,
2025,10,Sat,BC,67,5,10/25/2025,Open Hole,1,,,Helios,,Visitor,Helios Anniversary,22,,,,,
2025,10,Sat,BC,67,5,10/25/2025,Ron Burgundy,1,,,Helios,,Visitor,Helios Anniversary,22,,,,,
2025,10,Sat,BC,67,5,10/25/2025,Baywatch,1,,,Helios,Q,Home AO,Helios Anniversary,22,,,,,
2025,10,Sat,BC,67,5,10/25/2025,Csharp,1,,,Helios,,Home AO,Helios Anniversary,22,,,,,
2025,10,Sat,BC,67,5,10/25/2025,Tigres,1,,,Helios,,Visitor,Helios Anniversary,22,,,,,
2025,10,Sat,BC,67,5,10/25/2025,Bongo,1,,,Helios,FNG,Home AO,Helios Anniversary,22,,,,,
2025,10,Sat,BC,67,5,10/25/2025,Monopoly,1,,,Helios,,Visitor,Helios Anniversary,22,,,,,
2025,10,Sat,BC,67,5,10/25/2025,Gracie,1,,,Helios,,Visitor,Helios Anniversary,22,,,,,
2025,10,Sat,BC,67,5,10/25/2025,Kryptonite,1,,,Helios,,Visitor,Helios Anniversary,22,,,,,
2025,10,Sat,BC,67,5,10/25/2025,Boss Hogg,1,,,Helios,,Visitor,Helios Anniversary,22,,,,,
2025,10,Sat,BC,67,5,10/25/2025,Cobra Kai,1,,,Helios,,Home AO,Helios Anniversary,22,,,,,
2025,10,Sat,BC,67,5,10/25/2025,torch,1,,,Helios,,Visitor,Helios Anniversary,22,,,,,
2025,10,Sat,BC,67,5,10/25/2025,PT,1,,,Helios,,Visitor,Helios Anniversary,22,,,,,
2025,10,Sat,BC,67,5,10/25/2025,Odd Job,1,,,Helios,,Home AO,Helios Anniversary,22,,,,,
2025,10,Sat,BC,67,5,10/25/2025,Dozer,1,,,Helios,,Visitor,Helios Anniversary,22,,,,,
2025,10,Sat,BC,67,5,10/25/2025,Lobotomy,1,,,Helios,,Visitor,Helios Anniversary,22,,,,,
2025,10,Sat,BC,67,5,10/25/2025,Macro,1,,,Helios,,Home AO,Helios Anniversary,22,,,,,
2025,10,Sat,BC,67,5,10/25/2025,Snacks,1,1,Run,Helios,Q,Home AO,Helios Anniversary,22,,,,,
2025,10,Sat,BC,67,5,10/25/2025,PPE,1,,,Helios,,Visitor,Helios Anniversary,22,,,,,
2025,10,Sat,BC,67,5,10/25/2025,Skillet,1,,,Helios,,Visitor,Helios Anniversary,22,,,,,
2025,10,Sat,BC,67,5,10/25/2025,Toretto,1,,,Helios,,Visitor,Helios Anniversary,22,,,,,
2025,10,Sat,BC,67,5,10/25/2025,Nutria,1,1,Ruck,Helios,,Home AO,Helios Anniversary,22,,,,,
2025,10,Sat,BC,67,5,10/25/2025,Klondike,1,,,Helios,,Visitor,Helios Anniversary,22,,,,,
2025,10,Sat,BC,67,5,10/25/2025,Gunboat,1,,,Helios,,Visitor,Helios Anniversary,22,,,,,
2025,10,Sat,BC,67,5,10/25/2025,Dr Giggles,1,,,Helios,,Visitor,Helios Anniversary,22,,,,,
2025,10,Sat,BC,67,5,10/25/2025,Bubbles,1,,,Helios,,Visitor,Helios Anniversary,22,,,,,
2025,10,Sat,BC,67,5,10/25/2025,TieDye,1,,,Helios,,Visitor,Helios Anniversary,22,,,,,
2025,10,Sat,BC,67,5,10/25/2025,Noah,1,,,Helios,,Visitor,Helios Anniversary,22,,,,,
2025,10,Sat,BC,67,5,10/25/2025,Fortune Cookie,1,,,Helios,,Visitor,Helios Anniversary,22,,,,,
2025,10,Sat,BC,67,5,10/25/2025,Excel,1,,,Helios,,Visitor,Helios Anniversary,22,,,,,
2025,10,Sat,BC,67,5,10/25/2025,FG the Frost Giant,1,,,Helios,,Home AO,Helios Anniversary,22,,,,,
2025,10,Sat,BC,67,5,10/25/2025,Catheter,1,,,Helios,,Home AO,Helios Anniversary,22,,,,,
2025,10,Sat,BC,67,5,10/25/2025,Equalizer,1,,,Helios,,Home AO,Helios Anniversary,22,,,,,
2025,10,Sat,BC,67,5,10/25/2025,SunDevil,1,,,Helios,Q,Home AO,Helios Anniversary,22,,,,,
2025,10,Sat,BC,67,5,10/25/2025,Schweddy,1,,,Helios,,Visitor,Video,22,,,,,
2025,10,Sat,BC,67,5,10/25/2025,Mickey,1,,,Helios,,Home AO,Cook,22,,,,,
2025,10,Sat,BC,67,5,10/25/2025,Rosetta Stone,1,,,Helios,,Visitor,Cook,22,,,,,
2025,10,Sat,BC,67,5,10/25/2025,Scratch,1,,,Helios,,Visitor,Cook,22,,,,,
2025,10,Sat,BC,67,5,10/25/2025,Kingpin,1,,,Helios,,Home AO,DJ,22,,,,,
2025,10,Tue,BC,12,0,10/28/2025,Csharp,1,,,Helios,,Home AO,,12,,,,,
2025,10,Tue,BC,12,0,10/28/2025,Walter White,1,,,Helios,,Home AO,,12,,,,,
2025,10,Tue,BC,12,0,10/28/2025,Space Cowboy,1,,,Helios,,Home AO,,12,,,,,
2025,10,Tue,BC,12,0,10/28/2025,Equalizer,1,,,Helios,,Home AO,,12,,,,,
2025,10,Tue,BC,12,0,10/28/2025,Tekken,1,,,Helios,,Home AO,,12,,,,,
2025,10,Tue,BC,12,0,10/28/2025,Odd Job,1,,,Helios,,Home AO,,12,,,,,
2025,10,Tue,BC,12,0,10/28/2025,Snacks,1,,,Helios,,Home AO,,12,,,,,
2025,10,Tue,BC,12,0,10/28/2025,Brahma,1,,,Helios,,Home AO,,12,,,,,
2025,10,Tue,BC,12,0,10/28/2025,High Life,1,,,Helios,,Home AO,,12,,,,,
2025,10,Tue,BC,12,0,10/28/2025,skynet,1,,,Helios,,Home AO,,12,,,,,
2025,10,Tue,BC,12,0,10/28/2025,Kingpin,1,,,Helios,,Home AO,,12,,,,,
2025,10,Tue,BC,12,0,10/28/2025,Macro,1,,,Helios,Q,Home AO,,12,,,,,
2025,10,Wed,SB,3,0,10/29/2025,Mickey,1,,,Helios,,Home AO,Dry-Run VQ,3,,,,,
2025,10,Wed,SB,3,0,10/29/2025,Csharp,1,,,Helios,,Home AO,Dry-Run VQ,3,,,,,
2025,10,Wed,SB,3,0,10/29/2025,TrafficCone,1,,,Helios,VQ,Home AO,Dry-Run VQ,3,,,,,
2025,10,Thu,BC,14,3,10/30/2025,Tekken,1,,,Helios,,Home AO,,13,,,,,
2025,10,Thu,BC,14,3,10/30/2025,Kingpin,1,,,Helios,,Home AO,,13,,,,,
2025,10,Thu,BC,14,3,10/30/2025,Odd Job,1,,,Helios,,Home AO,,13,,,,,
2025,10,Thu,BC,14,3,10/30/2025,Csharp,1,1,Run,Helios,,Home AO,,13,,,,,
2025,10,Thu,BC,14,3,10/30/2025,Snacks,1,1,Run,Helios,,Home AO,,13,,,,,
2025,10,Thu,BC,14,3,10/30/2025,Cobra Kai,1,,,Helios,,Home AO,,13,,,,,
2025,10,Thu,BC,14,3,10/30/2025,Mickey,1,,,Helios,,Home AO,,13,,,,,
2025,10,Thu,BC,14,3,10/30/2025,NoWay,1,,,Helios,,Home AO,,13,,,,,
2025,10,Thu,BC,14,3,10/30/2025,High Life,1,,,Helios,,Home AO,,13,,,,,
2025,10,Thu,BC,14,3,10/30/2025,FG the Frost Giant,1,,,Helios,,Home AO,,13,,,,,
2025,10,Thu,BC,14,3,10/30/2025,Walter White,1,,,Helios,,Home AO,,13,,,,,
2025,10,Thu,BC,14,3,10/30/2025,Macro,1,,,Helios,,Home AO,,13,,,,,
2025,10,Thu,BC,14,3,10/30/2025,Equalizer,1,1,Run,Helios,,Home AO,,13,,,,,
2025,10,Thu,BC,14,3,10/30/2025,Excel,1,,,Helios,Q,Visitor,,13,,,,,
2025,11,Tue,BC,23,0,11/4/2025,Mickey,1,,,Helios,,Home AO,Traffic Cone VQ,18,,,,,
2025,11,Tue,BC,23,0,11/4/2025,Csharp,1,,,Helios,BB,Home AO,Traffic Cone VQ,18,,,,,
2025,11,Tue,BC,23,0,11/4/2025,Excel,1,,,Helios,,Visitor,Traffic Cone VQ,18,,,,,
2025,11,Tue,BC,23,0,11/4/2025,Quikrete,1,,,Helios,,Visitor,Traffic Cone VQ,18,,,,,
2025,11,Tue,BC,23,0,11/4/2025,Pi 3.14,1,,,Helios,,Home AO,Traffic Cone VQ,18,,,,,
2025,11,Tue,BC,23,0,11/4/2025,Tigres,1,,,Helios,,Visitor,Traffic Cone VQ,18,,,,,
2025,11,Tue,BC,23,0,11/4/2025,Cobra Kai,1,,,Helios,,Home AO,Traffic Cone VQ,18,,,,,
2025,11,Tue,BC,23,0,11/4/2025,Fogo,1,,,Helios,FNG,Home AO,Traffic Cone VQ,18,,,,,
2025,11,Tue,BC,23,0,11/4/2025,NoWay,1,,,Helios,,Home AO,Traffic Cone VQ,18,,,,,
2025,11,Tue,BC,23,0,11/4/2025,Macro,1,,,Helios,,Home AO,Traffic Cone VQ,18,,,,,
2025,11,Tue,BC,23,0,11/4/2025,FG the Frost Giant,1,,,Helios,,Home AO,Traffic Cone VQ,18,,,,,
2025,11,Tue,BC,23,0,11/4/2025,Catheter,1,,,Helios,,Home AO,Traffic Cone VQ,18,,,,,
2025,11,Tue,BC,23,0,11/4/2025,Snacks,1,,,Helios,,Home AO,Traffic Cone VQ,18,,,,,
2025,11,Tue,BC,23,0,11/4/2025,Baywatch,1,,,Helios,,Home AO,Traffic Cone VQ,18,,,,,
2025,11,Tue,BC,23,0,11/4/2025,Kingpin,1,,,Helios,,Home AO,Traffic Cone VQ,18,,,,,
2025,11,Tue,BC,23,0,11/4/2025,Walter White,1,,,Helios,,Home AO,Traffic Cone VQ,18,,,,,
2025,11,Tue,BC,23,0,11/4/2025,Sparky,1,,,Helios,,Home AO,Traffic Cone VQ,18,,,,,
2025,11,Tue,BC,23,0,11/4/2025,Equalizer,1,,,Helios,,Home AO,Traffic Cone VQ,18,,,,,
2025,11,Tue,BC,23,0,11/4/2025,Tiger,1,,,Helios,,Visitor,Traffic Cone VQ,18,,,,,
2025,11,Tue,BC,23,0,11/4/2025,Tekken,1,,,Helios,,Home AO,Traffic Cone VQ,18,,,,,
2025,11,Tue,BC,23,0,11/4/2025,High Life,1,,,Helios,,Home AO,Traffic Cone VQ,18,,,,,
2025,11,Tue,BC,23,0,11/4/2025,Tricycle,1,,,Helios,,Visitor,Traffic Cone VQ,18,,,,,
2025,11,Tue,BC,23,0,11/4/2025,TrafficCone,1,,,Helios,Q,Home AO,Traffic Cone VQ,18,,,,,
2025,11,Wed,SB,15,2,11/5/2025,Pi 3.14,1,,,Helios,,Home AO,,15,,,,,
2025,11,Wed,SB,15,2,11/5/2025,Macro,1,,,Helios,,Home AO,,15,,,,,
2025,11,Wed,SB,15,2,11/5/2025,FG the Frost Giant,1,,,Helios,,Home AO,,15,,,,,
2025,11,Wed,SB,15,2,11/5/2025,Equalizer,1,,,Helios,,Home AO,,15,,,,,
2025,11,Wed,SB,15,2,11/5/2025,Denied,1,,,Helios,,Home AO,,15,,,,,
2025,11,Wed,SB,15,2,11/5/2025,skynet,1,,,Helios,,Home AO,,15,,,,,
2025,11,Wed,SB,15,2,11/5/2025,TrafficCone,1,1,Run,Helios,,Home AO,,15,,,,,
2025,11,Wed,SB,15,2,11/5/2025,NoWay,1,,,Helios,,Home AO,,15,,,,,
2025,11,Wed,SB,15,2,11/5/2025,Sunshine,1,,,Helios,FNG,Home AO,,15,,,,,
2025,11,Wed,SB,15,2,11/5/2025,Real,1,,,Helios,FNG,Home AO,,15,,,,,
2025,11,Wed,SB,15,2,11/5/2025,Catheter,1,1,Run,Helios,,Home AO,,15,,,,,
2025,11,Wed,SB,15,2,11/5/2025,Fogo,1,,,Helios,,Home AO,,15,,,,,
2025,11,Wed,SB,15,2,11/5/2025,High Life,1,,,Helios,,Home AO,,15,,,,,
2025,11,Wed,SB,15,2,11/5/2025,Cobra Kai,1,,,Helios,,Home AO,,15,,,,,
2025,11,Wed,SB,15,2,11/5/2025,Baywatch,1,,,Helios,Q,Home AO,,15,,,,,
2025,11,Thu,BC,15,2,11/6/2025,FG the Frost Giant,1,,,Helios,,Home AO,,15,,,,,
2025,11,Thu,BC,15,2,11/6/2025,Csharp,1,,,Helios,,Home AO,,15,,,,,
2025,11,Thu,BC,15,2,11/6/2025,Tekken,1,,,Helios,,Home AO,,15,,,,,
2025,11,Thu,BC,15,2,11/6/2025,Cobra Kai,1,,,Helios,,Home AO,,15,,,,,
2025,11,Thu,BC,15,2,11/6/2025,Macro,1,,,Helios,,Home AO,,15,,,,,
2025,11,Thu,BC,15,2,11/6/2025,Sunshine,1,,,Helios,,Home AO,,15,,,,,
2025,11,Thu,BC,15,2,11/6/2025,Equalizer,1,1,Ruck,Helios,,Home AO,,15,,,,,
2025,11,Thu,BC,15,2,11/6/2025,NoWay,1,,,Helios,,Home AO,,15,,,,,
2025,11,Thu,BC,15,2,11/6/2025,Fogo,1,,,Helios,,Home AO,,15,,,,,
2025,11,Thu,BC,15,2,11/6/2025,Denied,1,,,Helios,,Home AO,,15,,,,,
2025,11,Thu,BC,15,2,11/6/2025,High Life,1,,,Helios,,Home AO,,15,,,,,
2025,11,Thu,BC,15,2,11/6/2025,Nutria,1,1,Ruck,Helios,,Home AO,,15,,,,,
2025,11,Thu,BC,15,2,11/6/2025,Walter White,1,,,Helios,,Home AO,,15,,,,,
2025,11,Thu,BC,15,2,11/6/2025,Mickey,1,,,Helios,,Home AO,,15,,,,,
2025,11,Thu,BC,15,2,11/6/2025,Skynet,1,,,Helios,Q,Home AO,,15,,,,,
2025,11,Fri,SB,6,0,11/7/2025,NoWay,1,,,Helios,,Home AO,,6,,,,,
2025,11,Fri,SB,6,0,11/7/2025,Macro,1,,,Helios,,Home AO,,6,,,,,
2025,11,Fri,SB,6,0,11/7/2025,Tekken,1,,,Helios,,Home AO,,6,,,,,
2025,11,Fri,SB,6,0,11/7/2025,Csharp,1,,,Helios,,Home AO,,6,,,,,
2025,11,Fri,SB,6,0,11/7/2025,Cobra Kai,1,,,Helios,,Home AO,,6,,,,,
2025,11,Fri,SB,6,0,11/7/2025,Mickey,1,,,Helios,Q,Home AO,,6,,,,,
2025,11,Tue,BC,17,0,11/11/2025,Equalizer,1,,,Helios,,Home AO,Honor Veterans,16,,,,,
2025,11,Tue,BC,17,0,11/11/2025,FG the Frost Giant,1,,,Helios,,Home AO,Honor Veterans,16,,,,,
2025,11,Tue,BC,17,0,11/11/2025,Coach,1,,,Helios,,Home AO,Honor Veterans,16,,,,,
2025,11,Tue,BC,17,0,11/11/2025,NoWay,1,,,Helios,,Home AO,Honor Veterans,16,,,,,
2025,11,Tue,BC,17,0,11/11/2025,po-yo,1,,,Helios,,Home AO,Honor Veterans,16,,,,,
2025,11,Tue,BC,17,0,11/11/2025,High Life,1,,,Helios,,Home AO,Honor Veterans,16,,,,,
2025,11,Tue,BC,17,0,11/11/2025,Pi 3.14,1,,,Helios,,Home AO,Honor Veterans,16,,,,,
2025,11,Tue,BC,17,0,11/11/2025,Mickey,1,,,Helios,,Home AO,Honor Veterans,16,,,,,
2025,11,Tue,BC,17,0,11/11/2025,Brahma,1,,,Helios,,Home AO,Honor Veterans,16,,,,,
2025,11,Tue,BC,17,0,11/11/2025,Apples,1,,,Helios,,Home AO,Honor Veterans,16,,,,,
2025,11,Tue,BC,17,0,11/11/2025,Walter White,1,,,Helios,,Home AO,Honor Veterans,16,,,,,
2025,11,Tue,BC,17,0,11/11/2025,Csharp,1,,,Helios,,Home AO,Honor Veterans,16,,,,,
2025,11,Tue,BC,17,0,11/11/2025,Cobra Kai,1,,,Helios,,Home AO,Honor Veterans,16,,,,,
2025,11,Tue,BC,17,0,11/11/2025,Macro,1,,,Helios,,Home AO,Honor Veterans,16,,,,,
2025,11,Tue,BC,17,0,11/11/2025,Baywatch,1,,,Helios,,Home AO,Honor Veterans,16,,,,,
2025,11,Tue,BC,17,0,11/11/2025,Tekken,1,,,Helios,,Home AO,Honor Veterans,16,,,,,
2025,11,Tue,BC,17,0,11/11/2025,Timber,1,,,Helios,Q,Visitor,Honor Veterans,16,,,,,
2025,11,Thu,BC,13,2,11/13/2025,Walter White,1,,,Helios,,Home AO,Helios Centurion 10 Skynet,13,,,,,
2025,11,Thu,BC,13,2,11/13/2025,Cobra Kai,1,,,Helios,,Home AO,Helios Centurion 10 Skynet,13,,,,,
2025,11,Thu,BC,13,2,11/13/2025,Skynet,1,,,Helios,,Home AO,Helios Centurion 10 Skynet,13,,,,,
2025,11,Thu,BC,13,2,11/13/2025,Baywatch,1,,,Helios,,Home AO,Helios Centurion 10 Skynet,13,,,,,
2025,11,Thu,BC,13,2,11/13/2025,Equalizer,1,,,Helios,,Home AO,Helios Centurion 10 Skynet,13,,,,,
2025,11,Thu,BC,13,2,11/13/2025,FG the Frost Giant,1,,,Helios,,Home AO,Helios Centurion 10 Skynet,13,,,,,
2025,11,Thu,BC,13,2,11/13/2025,NoWay,1,,,Helios,,Home AO,Helios Centurion 10 Skynet,13,,,,,
2025,11,Thu,BC,13,2,11/13/2025,Mickey,1,,,Helios,,Home AO,Helios Centurion 10 Skynet,13,,,,,
2025,11,Thu,BC,13,2,11/13/2025,High Life,1,,,Helios,,Home AO,Helios Centurion 10 Skynet,13,,,,,
2025,11,Thu,BC,13,2,11/13/2025,Macro,1,,,Helios,,Home AO,Helios Centurion 10 Skynet,13,,,,,
2025,11,Thu,BC,13,2,11/13/2025,TrafficCone,1,1,Run,Helios,,Home AO,Helios Centurion 10 Skynet,13,,,,,
2025,11,Thu,BC,13,2,11/13/2025,Kingpin,1,,,Helios,,Home AO,Helios Centurion 10 Skynet,13,,,,,
2025,11,Thu,BC,13,2,11/13/2025,Csharp,1,1,Ruck,Helios,Q,Home AO,Helios Centurion 10 Skynet,13,,,,,
2025,11,Fri,SB,6,0,11/14/2025,Mickey,1,,,Helios,,Home AO,PFT Week,5,,,,,
2025,11,Fri,SB,6,0,11/14/2025,Snacks,1,,,Helios,,Home AO,PFT Week,5,,,,,
2025,11,Fri,SB,6,0,11/14/2025,Cobra Kai,1,,,Helios,,Home AO,PFT Week,5,,,,,
2025,11,Fri,SB,6,0,11/14/2025,CSharp,1,,,Helios,,Home AO,PFT Week,5,,,,,
2025,11,Fri,SB,6,0,11/14/2025,Catheter,1,,,Helios,,Home AO,PFT Week,5,,,,,
2025,11,Fri,SB,6,0,11/14/2025,Latex,1,,,Helios,Q,Visitor,PFT Week,5,,,,,
2025,11,Tue,BC,19,0,11/18/2025,FG the Frost Giant,1,,,Helios,,Home AO,Skynet Birthday,19,,,,,
2025,11,Tue,BC,19,0,11/18/2025,CSharp,1,,,Helios,,Home AO,Skynet Birthday,19,,,,,
2025,11,Tue,BC,19,0,11/18/2025,Tekken,1,,,Helios,,Home AO,Skynet Birthday,19,,,,,
2025,11,Tue,BC,19,0,11/18/2025,Cobra Kai,1,,,Helios,,Home AO,Skynet Birthday,19,,,,,
2025,11,Tue,BC,19,0,11/18/2025,Knockout,1,,,Helios,,Home AO,Skynet Birthday,19,,,,,
2025,11,Tue,BC,19,0,11/18/2025,Odd Job,1,,,Helios,,Home AO,Skynet Birthday,19,,,,,
2025,11,Tue,BC,19,0,11/18/2025,Equalizer,1,,,Helios,,Home AO,Skynet Birthday,19,,,,,
2025,11,Tue,BC,19,0,11/18/2025,NoWay,1,,,Helios,,Home AO,Skynet Birthday,19,,,,,
2025,11,Tue,BC,19,0,11/18/2025,Fogo,1,,,Helios,,Home AO,Skynet Birthday,19,,,,,
2025,11,Tue,BC,19,0,11/18/2025,Snacks,1,,,Helios,,Home AO,Skynet Birthday,19,,,,,
2025,11,Tue,BC,19,0,11/18/2025,Walter White,1,,,Helios,,Home AO,Skynet Birthday,19,,,,,
2025,11,Tue,BC,19,0,11/18/2025,Mickey,1,,,Helios,,Home AO,Skynet Birthday,19,,,,,
2025,11,Tue,BC,19,0,11/18/2025,Real,1,,,Helios,,Home AO,Skynet Birthday,19,,,,,
2025,11,Tue,BC,19,0,11/18/2025,Javelin,1,,,Helios,,Home AO,Skynet Birthday,19,,,,,
2025,11,Tue,BC,19,0,11/18/2025,Brahma,1,,,Helios,,Home AO,Skynet Birthday,19,,,,,
2025,11,Tue,BC,19,0,11/18/2025,High Life,1,,,Helios,,Home AO,Skynet Birthday,19,,,,,
2025,11,Tue,BC,19,0,11/18/2025,Baywatch,1,,,Helios,,Home AO,Skynet Birthday,19,,,,,
2025,11,Tue,BC,19,0,11/18/2025,Kingpin,1,,,Helios,,Home AO,Skynet Birthday,19,,,,,
2025,11,Tue,BC,19,0,11/18/2025,Skynet,1,,,Helios,Q,Home AO,Skynet Birthday,19,,,,,
2025,11,Thu,BC,15,0,11/20/2025,Mickey,1,,,Helios,,Home AO,,14,,,,,
2025,11,Thu,BC,15,0,11/20/2025,Cobra Kai,1,,,Helios,,Home AO,,14,,,,,
2025,11,Thu,BC,15,0,11/20/2025,Equalizer,1,,,Helios,,Home AO,,14,,,,,
2025,11,Thu,BC,15,0,11/20/2025,FG the Frost Giant,1,,,Helios,,Home AO,,14,,,,,
2025,11,Thu,BC,15,0,11/20/2025,Walter White,1,,,Helios,,Home AO,,14,,,,,
2025,11,Thu,BC,15,0,11/20/2025,Sunshine,1,,,Helios,,Home AO,,14,,,,,
2025,11,Thu,BC,15,0,11/20/2025,Tiger,1,,,Helios,,Visitor,,14,,,,,
2025,11,Thu,BC,15,0,11/20/2025,Catheter,1,,,Helios,,Home AO,,14,,,,,
2025,11,Thu,BC,15,0,11/20/2025,CSharp,1,,,Helios,,Home AO,,14,,,,,
2025,11,Thu,BC,15,0,11/20/2025,High Life,1,,,Helios,,Home AO,,14,,,,,
2025,11,Thu,BC,15,0,11/20/2025,NoWay,1,,,Helios,,Home AO,,14,,,,,
2025,11,Thu,BC,15,0,11/20/2025,Skynet,1,,,Helios,,Home AO,,14,,,,,
2025,11,Thu,BC,15,0,11/20/2025,Snacks,1,,,Helios,,Home AO,,14,,,,,
2025,11,Thu,BC,15,0,11/20/2025,TrafficCone,1,,,Helios,,Home AO,,14,,,,,
2025,11,Thu,BC,15,0,11/20/2025,Baywatch,1,,,Helios,Q,Home AO,,14,,,,,
2025,11,Fri,SB,17,0,11/21/2025,Macro,1,,,Helios,,Home AO,No Way VQ,15,,,,,
2025,11,Fri,SB,17,0,11/21/2025,Baywatch,1,,,Helios,,Home AO,No Way VQ,15,,,,,
2025,11,Fri,SB,17,0,11/21/2025,Catheter,1,,,Helios,,Home AO,No Way VQ,15,,,,,
2025,11,Fri,SB,17,0,11/21/2025,Cobra Kai,1,,,Helios,,Home AO,No Way VQ,15,,,,,
2025,11,Fri,SB,17,0,11/21/2025,Tekken,1,,,Helios,,Home AO,No Way VQ,15,,,,,
2025,11,Fri,SB,17,0,11/21/2025,FG the Frost Giant,1,,,Helios,,Home AO,No Way VQ,15,,,,,
2025,11,Fri,SB,17,0,11/21/2025,Real,1,,,Helios,,Home AO,No Way VQ,15,,,,,
2025,11,Fri,SB,17,0,11/21/2025,CSharp,1,,,Helios,,Home AO,No Way VQ,15,,,,,
2025,11,Fri,SB,17,0,11/21/2025,Mickey,1,,,Helios,,Home AO,No Way VQ,15,,,,,
2025,11,Fri,SB,17,0,11/21/2025,Odd Job,1,,,Helios,,Home AO,No Way VQ,15,,,,,
2025,11,Fri,SB,17,0,11/21/2025,Walter White,1,,,Helios,,Home AO,No Way VQ,15,,,,,
2025,11,Fri,SB,17,0,11/21/2025,Fajita,1,,,Helios,,Visitor,No Way VQ,15,,,,,
2025,11,Fri,SB,17,0,11/21/2025,Nikon,1,,,Helios,,Visitor,No Way VQ,15,,,,,
2025,11,Fri,SB,17,0,11/21/2025,Odd Job,1,,,Helios,,Home AO,No Way VQ,15,,,,,
2025,11,Fri,SB,17,0,11/21/2025,Snacks,1,,,Helios,,Home AO,No Way VQ,15,,,,,
2025,11,Fri,SB,17,0,11/21/2025,Equalizer,1,,,Helios,,Home AO,No Way VQ,15,,,,,
2025,11,Fri,SB,17,0,11/21/2025,NoWay,1,,,Helios,VQ,Home AO,No Way VQ,15,,,,,
2025,11,Sat,BC,4,0,11/22/2025,Mickey,1,,,Helios,,Home AO,,4,,,,,
2025,11,Sat,BC,4,0,11/22/2025,Cobra Kai,1,,,Helios,,Home AO,,4,,,,,
2025,11,Sat,BC,4,0,11/22/2025,Samurai,1,,,Helios,,Home AO,,4,,,,,
2025,11,Sat,BC,4,0,11/22/2025,Snacks,1,,,Helios,Q,Home AO,,4,,,,,
2025,11,Tue,BC,9,1,11/25/2025,SixFour,1,,,Helios,FNG,Home AO,,9,,,,,
2025,11,Tue,BC,9,1,11/25/2025,TrafficCone,1,1,Run,Helios,,Home AO,,9,,,,,
2025,11,Tue,BC,9,1,11/25/2025,Caliboy,1,,,Helios,,Home AO,,9,,,,,
2025,11,Tue,BC,9,1,11/25/2025,NoWay,1,,,Helios,,Home AO,,9,,,,,
2025,11,Tue,BC,9,1,11/25/2025,High Life,1,,,Helios,,Home AO,,9,,,,,
2025,11,Tue,BC,9,1,11/25/2025,Mickey,1,,,Helios,,Home AO,,9,,,,,
2025,11,Tue,BC,9,1,11/25/2025,Cobra Kai,1,,,Helios,,Home AO,,9,,,,,
2025,11,Tue,BC,9,1,11/25/2025,MacBeth,1,,,Helios,,Home AO,,9,,,,,
2025,11,Tue,BC,9,1,11/25/2025,Catheter,1,,,Helios,Q,Home AO,,9,,,,,
2025,11,Sat,BC,2,0,11/29/2025,Odd Job,1,,,Helios,,Home AO,,2,,,,,
2025,11,Sat,BC,2,0,11/29/2025,Snacks,1,,,Helios,Q,Home AO,,2,,,,,
2025,12,Tue,BC,11,1,12/2/2025,Mickey,1,,,Helios,,Home AO,Snacks Centurion 10,10,,,,,
2025,12,Tue,BC,11,1,12/2/2025,Kingpin,1,,,Helios,,Home AO,Snacks Centurion 10,10,,,,,
2025,12,Tue,BC,11,1,12/2/2025,CSharp,1,,,Helios,,Home AO,Snacks Centurion 10,10,,,,,
2025,12,Tue,BC,11,1,12/2/2025,Walter White,1,,,Helios,,Home AO,Snacks Centurion 10,10,,,,,
2025,12,Tue,BC,11,1,12/2/2025,TrafficCone,1,1,Run,Helios,,Home AO,Snacks Centurion 10,10,,,,,
2025,12,Tue,BC,11,1,12/2/2025,Cobra Kai,1,,,Helios,,Home AO,Snacks Centurion 10,10,,,,,
2025,12,Tue,BC,11,1,12/2/2025,Snacks,1,,,Helios,,Home AO,Snacks Centurion 10,10,,,,,
2025,12,Tue,BC,11,1,12/2/2025,Skynet,1,,,Helios,,Home AO,Snacks Centurion 10,10,,,,,
2025,12,Tue,BC,11,1,12/2/2025,NoWay,1,,,Helios,,Home AO,Snacks Centurion 10,10,,,,,
2025,12,Tue,BC,11,1,12/2/2025,SixFour,1,,,Helios,,Home AO,Snacks Centurion 10,10,,,,,
2025,12,Tue,BC,11,1,12/2/2025,Kumbayah,1,,,Helios,Q,Visitor,Snacks Centurion 10,10,,,,,
2025,12,Thu,BC,11,0,12/4/2025,Mickey,1,,,Helios,,Home AO,,9,,,,,
2025,12,Thu,BC,11,0,12/4/2025,Walter White,1,,,Helios,,Home AO,,9,,,,,
2025,12,Thu,BC,11,0,12/4/2025,NoWay,1,,,Helios,,Home AO,,9,,,,,
2025,12,Thu,BC,11,0,12/4/2025,Baywatch,1,,,Helios,,Home AO,,9,,,,,
2025,12,Thu,BC,11,0,12/4/2025,TrafficCone,1,,,Helios,,Home AO,,9,,,,,
2025,12,Thu,BC,11,0,12/4/2025,SixFour,1,,,Helios,,Home AO,,9,,,,,
2025,12,Thu,BC,11,0,12/4/2025,Cobra Kai,1,,,Helios,,Home AO,,9,,,,,
2025,12,Thu,BC,11,0,12/4/2025,Snacks,1,,,Helios,,Home AO,,9,,,,,
2025,12,Thu,BC,11,0,12/4/2025,Kingpin,1,,,Helios,,Home AO,,9,,,,,
2025,12,Thu,BC,11,0,12/4/2025,SuperTrooper,1,,,Helios,,Visitor,,9,,,,,
2025,12,Thu,BC,11,0,12/4/2025,Sunflower,1,,,Helios,Q,Visitor,,9,,,,,
2025,12,Fri,SB,6,0,12/5/2025,Equalizer,1,,,Helios,,Home AO,,5,,,,,
2025,12,Fri,SB,6,0,12/5/2025,Skynet,1,,,Helios,,Home AO,,5,,,,,
2025,12,Fri,SB,6,0,12/5/2025,Mickey,1,,,Helios,,Home AO,,5,,,,,
2025,12,Fri,SB,6,0,12/5/2025,NoWay,1,,,Helios,,Home AO,,5,,,,,
2025,12,Fri,SB,6,0,12/5/2025,Cobra Kai,1,,,Helios,,Home AO,,,,,,,
2025,12,Fri,SB,6,0,12/5/2025,Tomahawk,1,,,Helios,Q,Visitor,,,,,,,
2025,12,Sat,BC,7,0,12/6/2025,Mickey,1,,,Helios,,Home AO,,6,,,,,
2025,12,Sat,BC,7,0,12/6/2025,Equalizer,1,,,Helios,,Home AO,,6,,,,,
2025,12,Sat,BC,7,0,12/6/2025,FG the Frost Giant,1,,,Helios,,Home AO,,6,,,,,
2025,12,Sat,BC,7,0,12/6/2025,NoWay,1,,,Helios,,Home AO,,6,,,,,
2025,12,Sat,BC,7,0,12/6/2025,CSharp,1,,,Helios,,Home AO,,6,,,,,
2025,12,Sat,BC,7,0,12/6/2025,Cobra Kai,1,,,Helios,,Home AO,,6,,,,,
2025,12,Sat,BC,7,0,12/6/2025,Hedwing,1,,,Helios,Q,Visitor,,6,,,,,
2025,12,Tue,BC,14,0,12/9/2025,Mickey,1,,,Helios,,Home AO,,13,,,,,
2025,12,Tue,BC,14,0,12/9/2025,Pi 3.14,1,,,Helios,,Home AO,,13,,,,,
2025,12,Tue,BC,14,0,12/9/2025,Snacks,1,,,Helios,,Home AO,,13,,,,,
2025,12,Tue,BC,14,0,12/9/2025,Cobra Kai,1,,,Helios,,Home AO,,13,,,,,
2025,12,Tue,BC,14,0,12/9/2025,Macro,1,,,Helios,,Home AO,,13,,,,,
2025,12,Tue,BC,14,0,12/9/2025,Equalizer,1,,,Helios,,Home AO,,13,,,,,
2025,12,Tue,BC,14,0,12/9/2025,FG the Frost Giant,1,,,Helios,,Home AO,,13,,,,,
2025,12,Tue,BC,14,0,12/9/2025,High Life,1,,,Helios,,Home AO,,13,,,,,
2025,12,Tue,BC,14,0,12/9/2025,SixFour,1,,,Helios,,Home AO,,13,,,,,
2025,12,Tue,BC,14,0,12/9/2025,Baywatch,1,,,Helios,,Home AO,,13,,,,,
2025,12,Tue,BC,14,0,12/9/2025,NoWay,1,,,Helios,,Home AO,,13,,,,,
2025,12,Tue,BC,14,0,12/9/2025,Kingpin,1,,,Helios,,Home AO,,13,,,,,
2025,12,Tue,BC,14,0,12/9/2025,Walter White,1,,,Helios,,Home AO,,13,,,,,
2025,12,Tue,BC,14,0,12/9/2025,Stilskin,1,,,Helios,Q,Visitor,,13,,,,,
2025,12,Thu,BC,11,0,12/11/2025,NoWay,1,,,Helios,,Home AO,,11,,,,,
2025,12,Thu,BC,11,0,12/11/2025,Kingpin,1,,,Helios,,Home AO,,11,,,,,
2025,12,Thu,BC,11,0,12/11/2025,Pappa bear,1,,,Helios,,Home AO,,11,,,,,
2025,12,Thu,BC,11,0,12/11/2025,CSharp,1,,,Helios,,Home AO,,11,,,,,
2025,12,Thu,BC,11,0,12/11/2025,Walter White,1,,,Helios,,Home AO,,11,,,,,
2025,12,Thu,BC,11,0,12/11/2025,Cobra Kai,1,,,Helios,,Home AO,,11,,,,,
2025,12,Thu,BC,11,0,12/11/2025,Snacks,1,,,Helios,,Home AO,,11,,,,,
2025,12,Thu,BC,11,0,12/11/2025,Sunshine,1,,,Helios,,Home AO,,11,,,,,
2025,12,Thu,BC,11,0,12/11/2025,Skynet,1,,,Helios,,Home AO,,11,,,,,
2025,12,Thu,BC,11,0,12/11/2025,FG the Frost Giant,1,,,Helios,,Home AO,,11,,,,,
2025,12,Thu,BC,11,0,12/11/2025,Mickey,1,,,Helios,Q,Home AO,,11,,,,,
2025,12,Fri,SB,24,0,12/12/2025,Quikrete,1,,,Helios,,Visitor,Fajia Gauntlet DAy 5,11,,,,,
2025,12,Fri,SB,24,0,12/12/2025,Cobra Kai,1,,,Helios,,Home AO,Fajia Gauntlet DAy 5,11,,,,,
2025,12,Fri,SB,24,0,12/12/2025,Mickey,1,,,Helios,,Home AO,Fajia Gauntlet DAy 5,11,,,,,
2025,12,Fri,SB,24,0,12/12/2025,Dr. Phil,1,,,Helios,,Visitor,Fajia Gauntlet DAy 5,11,,,,,
2025,12,Fri,SB,24,0,12/12/2025,Macro,1,,,Helios,,Home AO,Fajia Gauntlet DAy 5,11,,,,,
2025,12,Fri,SB,24,0,12/12/2025,Sunshine,1,,,Helios,,Home AO,Fajia Gauntlet DAy 5,11,,,,,
2025,12,Fri,SB,24,0,12/12/2025,Equalizer,1,,,Helios,,Home AO,Fajia Gauntlet DAy 5,11,,,,,
2025,12,Fri,SB,24,0,12/12/2025,FG the Frost Giant,1,,,Helios,,Home AO,Fajia Gauntlet DAy 5,11,,,,,
2025,12,Fri,SB,24,0,12/12/2025,Pi 3.14,1,,,Helios,,Home AO,Fajia Gauntlet DAy 5,11,,,,,
2025,12,Fri,SB,24,0,12/12/2025,Sriracha,1,,,Helios,,Visitor,Fajia Gauntlet DAy 5,11,,,,,
2025,12,Fri,SB,24,0,12/12/2025,Bondage,1,,,Helios,,Visitor,Fajia Gauntlet DAy 5,11,,,,,
2025,12,Fri,SB,24,0,12/12/2025,Check Engine,1,,,Helios,,Visitor,Fajia Gauntlet DAy 5,11,,,,,
2025,12,Fri,SB,24,0,12/12/2025,Old Crow,1,,,Helios,,Visitor,Fajia Gauntlet DAy 5,11,,,,,
2025,12,Fri,SB,24,0,12/12/2025,Wahoo,1,,,Helios,,Visitor,Fajia Gauntlet DAy 5,11,,,,,
2025,12,Fri,SB,24,0,12/12/2025,Skynet,1,,,Helios,,Home AO,Fajia Gauntlet DAy 5,11,,,,,
2025,12,Fri,SB,24,0,12/12/2025,NoWay,1,,,Helios,,Home AO,Fajia Gauntlet DAy 5,11,,,,,
2025,12,Fri,SB,24,0,12/12/2025,Dozer ,1,,,Helios,,Visitor,Fajia Gauntlet DAy 5,11,,,,,
2025,12,Fri,SB,24,0,12/12/2025,A.1,1,,,Helios,,Visitor,Fajia Gauntlet DAy 5,11,,,,,
2025,12,Fri,SB,24,0,12/12/2025,ManCity,1,,,Helios,,Visitor,Fajia Gauntlet DAy 5,11,,,,,
2025,12,Fri,SB,24,0,12/12/2025,Wishbone,1,,,Helios,,Visitor,Fajia Gauntlet DAy 5,11,,,,,
2025,12,Fri,SB,24,0,12/12/2025,Nutria,1,,,Helios,,Home AO,Fajia Gauntlet DAy 5,11,,,,,
2025,12,Fri,SB,24,0,12/12/2025,Csharp,1,,,Helios,,Home AO,Fajia Gauntlet DAy 5,11,,,,,
2025,12,Fri,SB,24,0,12/12/2025,Linguini,1,,,Helios,,Visitor,Fajia Gauntlet DAy 5,11,,,,,
2025,12,Fri,SB,24,0,12/12/2025,Fajita,1,,,Helios,Q,Visitor,Fajia Gauntlet DAy 5,11,,,,,
2025,12,Sat,BC,24,0,12/13/2025,Skynet,1,,,Helios,,Home AO,Cobra Kai VQ,17,,,,,
2025,12,Sat,BC,24,0,12/13/2025,Jag,1,,,Helios,,Visitor,Cobra Kai VQ,17,,,,,
2025,12,Sat,BC,24,0,12/13/2025,Nikon,1,,,Helios,,Visitor,Cobra Kai VQ,17,,,,,
2025,12,Sat,BC,24,0,12/13/2025,Conductor,1,,Run,Helios,,Visitor,Cobra Kai VQ,17,,,,,
2025,12,Sat,BC,24,0,12/13/2025,Hedwing,1,,,Helios,,Visitor,Cobra Kai VQ,17,,,,,
2025,12,Sat,BC,24,0,12/13/2025,FG the Frost Giant,1,,,Helios,,Home AO,Cobra Kai VQ,17,,,,,
2025,12,Sat,BC,24,0,12/13/2025,Kingpin,1,,,Helios,,Home AO,Cobra Kai VQ,17,,,,,
2025,12,Sat,BC,24,0,12/13/2025,NoWay,1,,,Helios,,Home AO,Cobra Kai VQ,17,,,,,
2025,12,Sat,BC,24,0,12/13/2025,Funsize,1,,,Helios,,Home AO,Cobra Kai VQ,17,,,,,
2025,12,Sat,BC,24,0,12/13/2025,Tiger,1,,Run,Helios,,Visitor,Cobra Kai VQ,17,,,,,
2025,12,Sat,BC,24,0,12/13/2025,Catheter,1,,,Helios,,Home AO,Cobra Kai VQ,17,,,,,
2025,12,Sat,BC,24,0,12/13/2025,Mickey,1,,,Helios,,Home AO,Cobra Kai VQ,17,,,,,
2025,12,Sat,BC,24,0,12/13/2025,Snacks,1,,,Helios,,Home AO,Cobra Kai VQ,17,,,,,
2025,12,Sat,BC,24,0,12/13/2025,Caliboy,1,,,Helios,,Home AO,Cobra Kai VQ,17,,,,,
2025,12,Sat,BC,24,0,12/13/2025,Sunshine,1,,,Helios,,Home AO,Cobra Kai VQ,17,,,,,
2025,12,Sat,BC,24,0,12/13/2025,Csharp,1,,,Helios,BB,Home AO,Cobra Kai VQ,17,,,,,
2025,12,Sat,BC,24,0,12/13/2025,Money Talks,1,,,Helios,FNG,Home AO,Cobra Kai VQ,17,,,,,
2025,12,Sat,BC,24,0,12/13/2025,Macro,1,,,Helios,,Home AO,Cobra Kai VQ,17,,,,,
2025,12,Sat,BC,24,0,12/13/2025,Klondike,1,,,Helios,,Visitor,Cobra Kai VQ,17,,,,,
2025,12,Sat,BC,24,0,12/13/2025,Quikrete,1,,,Helios,,Visitor,Cobra Kai VQ,17,,,,,
2025,12,Sat,BC,24,0,12/13/2025,Equalizer,1,,,Helios,,Home AO,Cobra Kai VQ,17,,,,,
2025,12,Sat,BC,24,0,12/13/2025,Major Payne,1,,,Helios,FNG,Home AO,Cobra Kai VQ,17,,,,,
2025,12,Sat,BC,24,0,12/13/2025,Baywatch,1,,,Helios,BB,Home AO,Cobra Kai VQ,17,,,,,
2025,12,Sat,BC,24,0,12/13/2025,Cobra Kai,1,,,Helios,VQ,Home AO,Cobra Kai VQ,17,,,,,
2025,12,Tue,BC,10,1,12/16/2025,Mickey,1,,,Helios,,Home AO,,10,,,,,
2025,12,Tue,BC,10,1,12/16/2025,Cobra Kai,1,,,Helios,,Home AO,,10,,,,,
2025,12,Tue,BC,10,1,12/16/2025,Major Pain,1,,,Helios,,Home AO,,10,,,,,
2025,12,Tue,BC,10,1,12/16/2025,Macro,1,,,Helios,,Home AO,,10,,,,,
2025,12,Tue,BC,10,1,12/16/2025,FG the Frost Giant,1,,,Helios,,Home AO,,10,,,,,
2025,12,Tue,BC,10,1,12/16/2025,Catheter,1,,,Helios,,Home AO,,10,,,,,
2025,12,Tue,BC,10,1,12/16/2025,Walter White,1,,,Helios,,Home AO,,10,,,,,
2025,12,Tue,BC,10,1,12/16/2025,Sunshine,1,,,Helios,,Home AO,,10,,,,,
2025,12,Tue,BC,10,1,12/16/2025,Equalizer,1,1,Ruck,Helios,,Home AO,,10,,,,,
2025,12,Tue,BC,10,1,12/16/2025,TrafficCone,1,,,Helios,Q,Home AO,,10,,,,,
2025,12,Thu,BC,13,2,12/18/2025,Excel,1,,,Helios,,Visitor,,12,,,,,
2025,12,Thu,BC,13,2,12/18/2025,TrafficCone,1,1,Run,Helios,,Home AO,,12,,,,,
2025,12,Thu,BC,13,2,12/18/2025,Catheter,1,1,Run,Helios,,Home AO,,12,,,,,
2025,12,Thu,BC,13,2,12/18/2025,Mickey,1,,,Helios,,Home AO,,12,,,,,
2025,12,Thu,BC,13,2,12/18/2025,Cobra Kai,1,,,Helios,,Home AO,,12,,,,,
2025,12,Thu,BC,13,2,12/18/2025,NoWay,1,,,Helios,,Home AO,,12,,,,,
2025,12,Thu,BC,13,2,12/18/2025,Sunshine,1,,,Helios,,Home AO,,12,,,,,
2025,12,Thu,BC,13,2,12/18/2025,FG the Frost Giant,1,,,Helios,,Home AO,,12,,,,,
2025,12,Thu,BC,13,2,12/18/2025,Kingpin,1,,,Helios,,Home AO,,12,,,,,
2025,12,Thu,BC,13,2,12/18/2025,Walter White,1,,,Helios,,Home AO,,12,,,,,
2025,12,Thu,BC,13,2,12/18/2025,Csharp,1,,,Helios,,Home AO,,12,,,,,
2025,12,Thu,BC,13,2,12/18/2025,Major Pain,1,,,Helios,,Home AO,,12,,,,,
2025,12,Thu,BC,13,2,12/18/2025,Equalizer,1,,,Helios,Q,Home AO,,12,,,,,
2025,12,Fri,SB,9,0,12/19/2025,Skynet,1,,,Helios,,Home AO,,9,,,,,
2025,12,Fri,SB,9,0,12/19/2025,Macro,1,,,Helios,,Home AO,,9,,,,,
2025,12,Fri,SB,9,0,12/19/2025,Walter White,1,,,Helios,,Home AO,,9,,,,,
2025,12,Fri,SB,9,0,12/19/2025,Cobra Kai,1,,,Helios,,Home AO,,9,,,,,
2025,12,Fri,SB,9,0,12/19/2025,CaliBoy,1,,,Helios,,Home AO,,9,,,,,
2025,12,Fri,SB,9,0,12/19/2025,SixFour,1,,,Helios,,Home AO,,9,,,,,
2025,12,Fri,SB,9,0,12/19/2025,Mickey,1,,,Helios,,Home AO,,9,,,,,
2025,12,Fri,SB,9,0,12/19/2025,FG the Frost Giant,1,,,Helios,,Home AO,,9,,,,,
2025,12,Fri,SB,9,0,12/19/2025,NoWay,1,,,Helios,Q,Home AO,,9,,,,,
2025,12,Sat,BC,4,0,12/20/2025,Money Talks,1,,,Helios,,Home AO,,4,,,,,
2025,12,Sat,BC,4,0,12/20/2025,Csharp,1,,,Helios,,Home AO,,4,,,,,
2025,12,Sat,BC,4,0,12/20/2025,NoWay,1,,,Helios,,Home AO,,4,,,,,
2025,12,Sat,BC,4,0,12/20/2025,Skynet,1,,,Helios,Q,Home AO,,4,,,,,
2025,12,Tue,BC,14,0,12/23/2025,Pi 3.14,1,,,Helios,,Home AO,,14,,,,,
2025,12,Tue,BC,14,0,12/23/2025,Skynet,1,,,Helios,,Home AO,,14,,,,,
2025,12,Tue,BC,14,0,12/23/2025,Baywatch,1,,,Helios,,Home AO,,14,,,,,
2025,12,Tue,BC,14,0,12/23/2025,NoWay,1,,,Helios,,Home AO,,14,,,,,
2025,12,Tue,BC,14,0,12/23/2025,Mickey,1,,,Helios,,Home AO,,14,,,,,
2025,12,Tue,BC,14,0,12/23/2025,TrafficCone,1,,,Helios,,Home AO,,14,,,,,
2025,12,Tue,BC,14,0,12/23/2025,CSharp,1,,,Helios,,Home AO,,14,,,,,
2025,12,Tue,BC,14,0,12/23/2025,Snacks,1,,,Helios,,Home AO,,14,,,,,
2025,12,Tue,BC,14,0,12/23/2025,Cobra Kai,1,,,Helios,,Home AO,,14,,,,,
2025,12,Tue,BC,14,0,12/23/2025,Macro,1,,,Helios,,Home AO,,14,,,,,
2025,12,Tue,BC,14,0,12/23/2025,Sunshine,1,,,Helios,,Home AO,,14,,,,,
2025,12,Tue,BC,14,0,12/23/2025,FG the Frost Giant,1,,,Helios,,Home AO,,14,,,,,
2025,12,Tue,BC,14,0,12/23/2025,Equalizer,1,,,Helios,,Home AO,,14,,,,,
2025,12,Tue,BC,14,0,12/23/2025,SunDevil,1,,,Helios,Q,Home AO,,14,,,,,
2025,12,Thu,BC,4,0,12/25/2025,FG the Frost Giant,1,,,Helios,,Home AO,Christmas BD,4,,,,,
2025,12,Thu,BC,4,0,12/25/2025,Cobra Kai,1,,,Helios,,Home AO,Christmas BD,4,,,,,
2025,12,Thu,BC,4,0,12/25/2025,Snacks,1,,,Helios,,Home AO,Christmas BD,4,,,,,
2025,12,Thu,BC,4,0,12/25/2025,Mickey,1,,,Helios,Q,Home AO,Christmas BD,4,,,,,
2025,12,Fri,SB,9,0,12/26/2025,FG the Frost Giant,1,,,Helios,,Home AO,,9,,,,,
2025,12,Fri,SB,9,0,12/26/2025,NoWay,1,,,Helios,,Home AO,,9,,,,,
2025,12,Fri,SB,9,0,12/26/2025,Skynet,1,,,Helios,,Home AO,,9,,,,,
2025,12,Fri,SB,9,0,12/26/2025,Equalizer,1,,,Helios,,Home AO,,9,,,,,
2025,12,Fri,SB,9,0,12/26/2025,Cobra Kai,1,,,Helios,,Home AO,,9,,,,,
2025,12,Fri,SB,9,0,12/26/2025,Mickey,1,,,Helios,,Home AO,,9,,,,,
2025,12,Fri,SB,9,0,12/26/2025,Walter White,1,,,Helios,,Home AO,,9,,,,,
2025,12,Fri,SB,9,0,12/26/2025,CSharp,1,,,Helios,,Home AO,,9,,,,,
2025,12,Fri,SB,9,0,12/26/2025,Samurai,1,,,Helios,Q,Home AO,,9,,,,,
2025,12,Sat,BC,4,0,12/27/2025,Money Talks,1,,,Helios,,Home AO,,4,,,,,
2025,12,Sat,BC,4,0,12/27/2025,Snacks,1,,,Helios,,Home AO,,4,,,,,
2025,12,Sat,BC,4,0,12/27/2025,Mickey,1,,,Helios,,Home AO,,4,,,,,
2025,12,Sat,BC,4,0,12/27/2025,Cobra Kai,1,,,Helios,Q,Home AO,,4,,,,,
2025,12,Tue,BC,11,2,12/30/2025,Equalizer,1,,,Helios,,Home AO,,11,,,,,
2025,12,Tue,BC,11,2,12/30/2025,Mickey,1,,,Helios,,Home AO,,11,,,,,
2025,12,Tue,BC,11,2,12/30/2025,Brahma,1,,,Helios,,Home AO,,11,,,,,
2025,12,Tue,BC,11,2,12/30/2025,Catheter,1,1,Run,Helios,,Home AO,,11,,,,,
2025,12,Tue,BC,11,2,12/30/2025,TrafficCone,1,1,Run,Helios,,Home AO,,11,,,,,
2025,12,Tue,BC,11,2,12/30/2025,Skynet,1,,,Helios,,Home AO,,11,,,,,
2025,12,Tue,BC,11,2,12/30/2025,FG the Frost Giant,1,,,Helios,,Home AO,,11,,,,,
2025,12,Tue,BC,11,2,12/30/2025,Kingpin,1,,,Helios,,Home AO,,11,,,,,
2025,12,Tue,BC,11,2,12/30/2025,NoWay,1,,,Helios,,Home AO,,11,,,,,
2025,12,Tue,BC,11,2,12/30/2025,CSharp,1,,,Helios,,Home AO,,11,,,,,
2025,12,Tue,BC,11,2,12/30/2025,Equalizer,1,,,Helios,Q,Home AO,,11,,,,,
2026,1,Thu,BC,5,0,1/1/2026,FG the Frost Giant,1,,,Helios,,Home AO,,5,,,,,
2026,1,Thu,BC,5,0,1/1/2026,Major Pain,1,,,Helios,,Home AO,,5,,,,,
2026,1,Thu,BC,5,0,1/1/2026,Equalizer,1,,,Helios,,Home AO,,5,,,,,
2026,1,Thu,BC,5,0,1/1/2026,Skynet,1,,,Helios,,Home AO,,5,,,,,
2026,1,Thu,BC,5,0,1/1/2026,Mickey,1,,,Helios,Q,Home AO,,5,,,,,
2026,1,Fri,SB,5,0,1/2/2026,Mickey,1,,,Helios,,Home AO,,5,,,,,
2026,1,Fri,SB,5,0,1/2/2026,CSharp,1,,,Helios,,Home AO,,5,,,,,
2026,1,Fri,SB,5,0,1/2/2026,Skynet,1,,,Helios,,Home AO,,5,,,,,
2026,1,Fri,SB,5,0,1/2/2026,Equalizer,1,,,Helios,,Home AO,,5,,,,,
2026,1,Fri,SB,5,0,1/2/2026,FG the Frost Giant,1,,,Helios,Q,Home AO,,5,,,,,
2026,1,Sat,BC,5,0,1/3/2026,Mickey,1,,,Helios,,Home AO,,4,,,,,
2026,1,Sat,BC,5,0,1/3/2026,Catheter,1,,,Helios,,Home AO,,4,,,,,
2026,1,Sat,BC,5,0,1/3/2026,CSharp,1,,,Helios,,Home AO,,4,,,,,
2026,1,Sat,BC,5,0,1/3/2026,Cobra Kai,1,,,Helios,,Home AO,,4,,,,,
2026,1,Sat,BC,5,0,1/3/2026,Okie,1,,,Helios,Q,Visitor,,4,,,,,
2026,1,Tue,BC,11,1,1/6/2026,Macro,1,,,Helios,,Home AO,,10,,,,,
2026,1,Tue,BC,11,1,1/6/2026,Sunshine,1,,,Helios,,Home AO,,10,,,,,
2026,1,Tue,BC,11,1,1/6/2026,Excel,1,,,Helios,,Visitor,,10,,,,,
2026,1,Tue,BC,11,1,1/6/2026,NoWay,1,,,Helios,,Home AO,,10,,,,,
2026,1,Tue,BC,11,1,1/6/2026,Pi 3.14,1,,,Helios,,Home AO,,10,,,,,
2026,1,Tue,BC,11,1,1/6/2026,Mickey,1,,,Helios,,Home AO,,10,,,,,
2026,1,Tue,BC,11,1,1/6/2026,Rubber Ducky,1,,,Helios,FNG,Home AO,,10,,,,,
2026,1,Tue,BC,11,1,1/6/2026,Equalizer,1,1,Ruck,Helios,,Home AO,,10,,,,,
2026,1,Tue,BC,11,1,1/6/2026,RC,1,,,Helios,,Home AO,,10,,,,,
2026,1,Tue,BC,11,1,1/6/2026,TONKA,1,,,Helios,FNG,Home AO,,10,,,,,
2026,1,Tue,BC,11,1,1/6/2026,Catheter,1,,,Helios,Q,Home AO,,10,,,,,
2026,1,Thu,BC,10,0,1/8/2026,Sunshine,1,,,Helios,,Home AO,,10,,,,,
2026,1,Thu,BC,10,0,1/8/2026,Walter White,1,,,Helios,,Home AO,,10,,,,,
2026,1,Thu,BC,10,0,1/8/2026,TONKA,1,,,Helios,,Home AO,,10,,,,,
2026,1,Thu,BC,10,0,1/8/2026,Catheter,1,,,Helios,,Home AO,,10,,,,,
2026,1,Thu,BC,10,0,1/8/2026,Pi 3.14,1,,,Helios,,Home AO,,10,,,,,
2026,1,Thu,BC,10,0,1/8/2026,TrafficCone,1,,,Helios,,Home AO,,10,,,,,
2026,1,Thu,BC,10,0,1/8/2026,RC,1,,,Helios,,Home AO,,10,,,,,
2026,1,Thu,BC,10,0,1/8/2026,Cobra Kai,1,,,Helios,,Home AO,,10,,,,,
2026,1,Thu,BC,10,0,1/8/2026,Skynet,1,,,Helios,,Home AO,,10,,,,,
2026,1,Thu,BC,10,0,1/8/2026,Macro,1,,,Helios,Q,Home AO,,10,,,,,
2026,1,Fri,SB,11,0,1/9/2026,Walter White,1,,,Helios,,Home AO,,11,,,,,
2026,1,Fri,SB,11,0,1/9/2026,Equalizer,1,,,Helios,,Home AO,,11,,,,,
2026,1,Fri,SB,11,0,1/9/2026,Skynet,1,,,Helios,,Home AO,,11,,,,,
2026,1,Fri,SB,11,0,1/9/2026,Sunshine,1,,,Helios,,Home AO,,11,,,,,
2026,1,Fri,SB,11,0,1/9/2026,Macro,1,,,Helios,,Home AO,,11,,,,,
2026,1,Fri,SB,11,0,1/9/2026,Pi 3.14,1,,,Helios,,Home AO,,11,,,,,
2026,1,Fri,SB,11,0,1/9/2026,TONKA,1,,,Helios,,Home AO,,11,,,,,
2026,1,Fri,SB,11,0,1/9/2026,Upstream,1,,,Helios,,Home AO,,11,,,,,
2026,1,Fri,SB,11,0,1/9/2026,Cobra Kai,1,,,Helios,,Home AO,,11,,,,,
2026,1,Fri,SB,11,0,1/9/2026,RC,1,,,Helios,Q,Home AO,,11,,,,,
2026,1,Fri,SB,11,0,1/9/2026,CSharp,1,,,Helios,,Home AO,,11,,,,,
2026,1,Sat,BC,7,0,1/10/2026,Pi 3.14,1,,,Helios,,Home AO,,6,,,,,
2026,1,Sat,BC,7,0,1/10/2026,Catheter,1,,,Helios,,Home AO,,6,,,,,
2026,1,Sat,BC,7,0,1/10/2026,Cobra Kai,1,,,Helios,,Home AO,,6,,,,,
2026,1,Sat,BC,7,0,1/10/2026,Major Pain,1,,,Helios,,Home AO,,6,,,,,
2026,1,Sat,BC,7,0,1/10/2026,Equalizer,1,,,Helios,,Home AO,,6,,,,,
2026,1,Sat,BC,7,0,1/10/2026,Murtaugh,1,,,Helios,,Visitor,,6,,,,,
2026,1,Sat,BC,7,0,1/10/2026,Snacks,1,,,Helios,Q,Home AO,,6,,,,,
2026,1,Tue,BC,13,2,1/13/2026,TrafficCone,1,1,Run,Helios,,Home AO,,13,,,,,
2026,1,Tue,BC,13,2,1/13/2026,Cobra Kai,1,,,Helios,,Home AO,,13,,,,,
2026,1,Tue,BC,13,2,1/13/2026,Mickey,1,,,Helios,,Home AO,,13,,,,,
2026,1,Tue,BC,13,2,1/13/2026,Pi 3.14,1,,,Helios,,Home AO,,13,,,,,
2026,1,Tue,BC,13,2,1/13/2026,FG the Frost Giant,1,,,Helios,,Home AO,,13,,,,,
2026,1,Tue,BC,13,2,1/13/2026,Brahma,1,,,Helios,,Home AO,,13,,,,,
2026,1,Tue,BC,13,2,1/13/2026,RC,1,,,Helios,,Home AO,,13,,,,,
2026,1,Tue,BC,13,2,1/13/2026,Sunshine,1,,,Helios,,Home AO,,13,,,,,
2026,1,Tue,BC,13,2,1/13/2026,CSharp,1,,,Helios,,Home AO,,13,,,,,
2026,1,Tue,BC,13,2,1/13/2026,Macro,1,,,Helios,,Home AO,,13,,,,,
2026,1,Tue,BC,13,2,1/13/2026,TONKA,1,1,Run,Helios,,Home AO,,13,,,,,
2026,1,Tue,BC,13,2,1/13/2026,SixFour,1,,,Helios,,Home AO,,13,,,,,
2026,1,Tue,BC,13,2,1/13/2026,Catheter,1,,,Helios,Q,Home AO,,13,,,,,
2026,1,Wed,SB,17,0,1/14/2026,Banana Pancakes,1,,,Helios,,Home AO,Flag Raid,13,,,,,
2026,1,Wed,SB,17,0,1/14/2026,Catheter,1,,,Helios,,Home AO,Flag Raid,13,,,,,
2026,1,Wed,SB,17,0,1/14/2026,Cobra Kai,1,,,Helios,,Home AO,Flag Raid,13,,,,,
2026,1,Wed,SB,17,0,1/14/2026,CSharp,1,,,Helios,,Home AO,Flag Raid,13,,,,,
2026,1,Wed,SB,17,0,1/14/2026,Electro,1,,,Helios,,Visitor,Flag Raid,13,,,,,
2026,1,Wed,SB,17,0,1/14/2026,FG the Frost Giant,1,,,Helios,,Home AO,Flag Raid,13,,,,,
2026,1,Wed,SB,17,0,1/14/2026,LoJack,1,,,Helios,,Visitor,Flag Raid,13,,,,,
2026,1,Wed,SB,17,0,1/14/2026,Macro,1,,,Helios,,Home AO,Flag Raid,13,,,,,
2026,1,Wed,SB,17,0,1/14/2026,Mickey,1,,,Helios,,Home AO,Flag Raid,13,,,,,
2026,1,Wed,SB,17,0,1/14/2026,Lobotomy,1,,,Helios,,Visitor,Flag Raid,13,,,,,
2026,1,Wed,SB,17,0,1/14/2026,Open Hole,1,,,Helios,,Visitor,Flag Raid,13,,,,,
2026,1,Wed,SB,17,0,1/14/2026,Sunshine,1,,,Helios,,Home AO,Flag Raid,13,,,,,
2026,1,Wed,SB,17,0,1/14/2026,Equalizer,1,,,Helios,,Home AO,Flag Raid,13,,,,,
2026,1,Wed,SB,17,0,1/14/2026,SixFour,1,,,Helios,,Home AO,Flag Raid,13,,,,,
2026,1,Wed,SB,17,0,1/14/2026,TONKA,1,,,Helios,,Home AO,Flag Raid,13,,,,,
2026,1,Wed,SB,17,0,1/14/2026,TrafficCone,1,,,Helios,Q,Home AO,Flag Raid,13,,,,,
2026,1,Wed,SB,17,0,1/14/2026,Pi 3.14,1,,,Helios,Q,Home AO,Flag Raid,13,,,,,
2026,1,Thu,BC,10,0,1/15/2026,FG the Frost Giant,1,,,Helios,,Home AO,,10,,,,,
2026,1,Thu,BC,10,0,1/15/2026,Sunshine,1,,,Helios,,Home AO,,10,,,,,
2026,1,Thu,BC,10,0,1/15/2026,TONKA,1,,,Helios,,Home AO,,10,,,,,
2026,1,Thu,BC,10,0,1/15/2026,Mickey,1,,,Helios,,Home AO,,10,,,,,
2026,1,Thu,BC,10,0,1/15/2026,Walter White,1,,,Helios,,Home AO,,10,,,,,
2026,1,Thu,BC,10,0,1/15/2026,Cobra Kai,1,,,Helios,,Home AO,,10,,,,,
2026,1,Thu,BC,10,0,1/15/2026,SixFour,1,,,Helios,,Home AO,,10,,,,,
2026,1,Thu,BC,10,0,1/15/2026,Snacks,1,,,Helios,,Home AO,,10,,,,,
2026,1,Thu,BC,10,0,1/15/2026,RC,1,,,Helios,,Home AO,,10,,,,,
2026,1,Thu,BC,10,0,1/15/2026,Skynet,1,,,Helios,Q,Home AO,,10,,,,,
2026,1,Fri,SB,11,0,1/16/2026,TONKA,1,,,Helios,,Home AO,,11,,,,,
2026,1,Fri,SB,11,0,1/16/2026,Walter White,1,,,Helios,,Home AO,,11,,,,,
2026,1,Fri,SB,11,0,1/16/2026,Mickey,1,,,Helios,,Home AO,,11,,,,,
2026,1,Fri,SB,11,0,1/16/2026,FG the Frost Giant,1,,,Helios,,Home AO,,11,,,,,
2026,1,Fri,SB,11,0,1/16/2026,Skynet,1,,,Helios,,Home AO,,11,,,,,
2026,1,Fri,SB,11,0,1/16/2026,Sunshine,1,,,Helios,,Home AO,,11,,,,,
2026,1,Fri,SB,11,0,1/16/2026,RC,1,,,Helios,,Home AO,,11,,,,,
2026,1,Fri,SB,11,0,1/16/2026,crabcake,1,,,Helios,FNG,Home AO,,11,,,,,
2026,1,Fri,SB,11,0,1/16/2026,CSharp,1,,,Helios,,Home AO,,11,,,,,
2026,1,Fri,SB,11,0,1/16/2026,Macro,1,,,Helios,,Home AO,,11,,,,,
2026,1,Fri,SB,11,0,1/16/2026,SunDevil,1,,,Helios,,Home AO,,11,,,,,
2026,1,Sat,BC,8,0,1/17/2026,Sunshine,1,,,Helios,Q,Home AO,,8,,,,,
2026,1,Sat,BC,8,0,1/17/2026,Mickey,1,,,Helios,,Home AO,,8,,,,,
2026,1,Sat,BC,8,0,1/17/2026,Cobra Kai,1,,,Helios,,Home AO,,8,,,,,
2026,1,Sat,BC,8,0,1/17/2026,SixFour,1,,,Helios,,Home AO,,8,,,,,
2026,1,Sat,BC,8,0,1/17/2026,crabcake,1,,,Helios,,Home AO,,8,,,,,
2026,1,Sat,BC,8,0,1/17/2026,NoWay,1,,,Helios,,Home AO,,8,,,,,
2026,1,Sat,BC,8,0,1/17/2026,CSharp,1,,,Helios,,Home AO,,8,,,,,
2026,1,Sat,BC,8,0,1/17/2026,Equalizer,1,,,Helios,Q,Home AO,,8,,,,,
2026,1,Tue,BC,15,0,1/20/2026,FG the Frost Giant,1,,,Helios,,Home AO,,15,,,,,
2026,1,Tue,BC,15,0,1/20/2026,Walter White,1,,,Helios,,Home AO,,15,,,,,
2026,1,Tue,BC,15,0,1/20/2026,TONKA,1,,,Helios,,Home AO,,15,,,,,
2026,1,Tue,BC,15,0,1/20/2026,Snacks,1,,,Helios,,Home AO,,15,,,,,
2026,1,Tue,BC,15,0,1/20/2026,RC,1,,,Helios,,Home AO,,15,,,,,
2026,1,Tue,BC,15,0,1/20/2026,TrafficCone,1,,,Helios,,Home AO,,15,,,,,
2026,1,Tue,BC,15,0,1/20/2026,crabcake,1,,,Helios,,Home AO,,15,,,,,
2026,1,Tue,BC,15,0,1/20/2026,SixFour,1,,,Helios,,Home AO,,15,,,,,
2026,1,Tue,BC,15,0,1/20/2026,Cobra Kai,1,,,Helios,,Home AO,,15,,,,,
2026,1,Tue,BC,15,0,1/20/2026,Mickey,1,,,Helios,,Home AO,,15,,,,,
2026,1,Tue,BC,15,0,1/20/2026,Equalizer,1,,,Helios,,Home AO,,15,,,,,
2026,1,Tue,BC,15,0,1/20/2026,High Life,1,,,Helios,,Home AO,,15,,,,,
2026,1,Tue,BC,15,0,1/20/2026,NoWay,1,,,Helios,,Home AO,,15,,,,,
2026,1,Tue,BC,15,0,1/20/2026,Sega,1,,,Helios,FNG,Home AO,,15,,,,,
2026,1,Tue,BC,15,0,1/20/2026,Macro,1,,,Helios,Q,Home AO,,15,,,,,
2026,1,Thu,BC,19,2,1/22/2026,Muppet,1,1,Ruck,Helios,,Visitor,Mickeys Q wihtout BOOT,16,,,,,
2026,1,Thu,BC,19,2,1/22/2026,Fajita,1,,,Helios,,Visitor,Mickeys Q wihtout BOOT,16,,,,,
2026,1,Thu,BC,19,2,1/22/2026,Sunshine,1,,,Helios,,Home AO,Mickeys Q wihtout BOOT,16,,,,,
2026,1,Thu,BC,19,2,1/22/2026,High Life,1,,,Helios,,Home AO,Mickeys Q wihtout BOOT,16,,,,,
2026,1,Thu,BC,19,2,1/22/2026,SixFour,1,,,Helios,,Home AO,Mickeys Q wihtout BOOT,16,,,,,
2026,1,Thu,BC,19,2,1/22/2026,CSharp,1,,,Helios,,Home AO,Mickeys Q wihtout BOOT,16,,,,,
2026,1,Thu,BC,19,2,1/22/2026,RC,1,,,Helios,,Home AO,Mickeys Q wihtout BOOT,16,,,,,
2026,1,Thu,BC,19,2,1/22/2026,TrafficCone,1,1,Ruck,Helios,,Home AO,Mickeys Q wihtout BOOT,16,,,,,
2026,1,Thu,BC,19,2,1/22/2026,Baywatch,1,,,Helios,,Home AO,Mickeys Q wihtout BOOT,16,,,,,
2026,1,Thu,BC,19,2,1/22/2026,NerfGun,1,,,Helios,,Visitor,Mickeys Q wihtout BOOT,16,,,,,
2026,1,Thu,BC,19,2,1/22/2026,Cobra Kai,1,,,Helios,,Home AO,Mickeys Q wihtout BOOT,16,,,,,
2026,1,Thu,BC,19,2,1/22/2026,Sega,1,,,Helios,,Home AO,Mickeys Q wihtout BOOT,16,,,,,
2026,1,Thu,BC,19,2,1/22/2026,Snacks,1,,,Helios,,Home AO,Mickeys Q wihtout BOOT,16,,,,,
2026,1,Thu,BC,19,2,1/22/2026,TONKA,1,,,Helios,,Home AO,Mickeys Q wihtout BOOT,16,,,,,
2026,1,Thu,BC,19,2,1/22/2026,Macro,1,,,Helios,,Home AO,Mickeys Q wihtout BOOT,16,,,,,
2026,1,Thu,BC,19,2,1/22/2026,Equalizer,1,,,Helios,,Home AO,Mickeys Q wihtout BOOT,16,,,,,
2026,1,Thu,BC,19,2,1/22/2026,FG the Frost Giant,1,,,Helios,,Home AO,Mickeys Q wihtout BOOT,16,,,,,
2026,1,Thu,BC,19,2,1/22/2026,Kingpin,1,,,Helios,,Home AO,Mickeys Q wihtout BOOT,16,,,,,
2026,1,Thu,BC,19,2,1/22/2026,Mickey,1,,,Helios,Q,Home AO,Mickeys Q wihtout BOOT,16,,,,,
2026,1,Fri,SB,9,0,1/23/2026,Mickey,1,,,Helios,,Home AO,,9,,,,,
2026,1,Fri,SB,9,0,1/23/2026,Walter White,1,,,Helios,,Home AO,,9,,,,,
2026,1,Fri,SB,9,0,1/23/2026,Cobra Kai,1,,,Helios,,Home AO,,9,,,,,
2026,1,Fri,SB,9,0,1/23/2026,Macro,1,,,Helios,,Home AO,,9,,,,,
2026,1,Fri,SB,9,0,1/23/2026,RC,1,,,Helios,,Home AO,,9,,,,,
2026,1,Fri,SB,9,0,1/23/2026,Sunshine,1,,,Helios,,Home AO,,9,,,,,
2026,1,Fri,SB,9,0,1/23/2026,SixFour,1,,,Helios,,Home AO,,9,,,,,
2026,1,Fri,SB,9,0,1/23/2026,crabcake,1,,,Helios,,Home AO,,9,,,,,
2026,1,Fri,SB,9,0,1/23/2026,Skynet,1,,,Helios,Q,Home AO,,9,,,,,
2026,1,Sat,BC,4,0,1/24/2026,Cobra Kai,1,,,Helios,,Home AO,,4,,,,,
2026,1,Sat,BC,4,0,1/24/2026,Snacks,1,,,Helios,,Home AO,,4,,,,,
2026,1,Sat,BC,4,0,1/24/2026,Sunshine,1,,,Helios,,Home AO,,4,,,,,
2026,1,Sat,BC,4,0,1/24/2026,Pi 3.14,1,,,Helios,Q,Home AO,,4,,,,,
2026,1,Tue,BC,13,1,1/27/2026,Mickey,1,,,Helios,,Home AO,,13,,,,,
2026,1,Tue,BC,13,1,1/27/2026,Cobra Kai,1,,,Helios,,Home AO,,13,,,,,
2026,1,Tue,BC,13,1,1/27/2026,SixFour,1,,,Helios,,Home AO,,13,,,,,
2026,1,Tue,BC,13,1,1/27/2026,FG the Frost Giant,1,,,Helios,,Home AO,,13,,,,,
2026,1,Tue,BC,13,1,1/27/2026,TONKA,1,,,Helios,,Home AO,,13,,,,,
2026,1,Tue,BC,13,1,1/27/2026,Snacks,1,,,Helios,,Home AO,,13,,,,,
2026,1,Tue,BC,13,1,1/27/2026,crabcake,1,,,Helios,,Home AO,,13,,,,,
2026,1,Tue,BC,13,1,1/27/2026,Kingpin,1,,,Helios,,Home AO,,13,,,,,
2026,1,Tue,BC,13,1,1/27/2026,Pi 3.14,1,,,Helios,,Home AO,,13,,,,,
2026,1,Tue,BC,13,1,1/27/2026,Baywatch,1,,,Helios,,Home AO,,13,,,,,
2026,1,Tue,BC,13,1,1/27/2026,High Life,1,,,Helios,,Home AO,,13,,,,,
2026,1,Tue,BC,13,1,1/27/2026,Macro,1,,,Helios,,Home AO,,13,,,,,
2026,1,Tue,BC,13,1,1/27/2026,TrafficCone,1,1,Run,Helios,Q,Home AO,,13,,,,,
2026,1,Thu,BC,17,0,1/29/2026,Coach,1,,,Helios,,Home AO,,16,,,,,
2026,1,Thu,BC,17,0,1/29/2026,Cobra Kai,1,,,Helios,,Home AO,,16,,,,,
2026,1,Thu,BC,17,0,1/29/2026,crabcake,1,,,Helios,,Home AO,,16,,,,,
2026,1,Thu,BC,17,0,1/29/2026,Equalizer,1,,,Helios,,Home AO,,16,,,,,
2026,1,Thu,BC,17,0,1/29/2026,FG the Frost Giant,1,,,Helios,,Home AO,,16,,,,,
2026,1,Thu,BC,17,0,1/29/2026,High Life,1,,,Helios,,Home AO,,16,,,,,
2026,1,Thu,BC,17,0,1/29/2026,Macro,1,,,Helios,,Home AO,,16,,,,,
2026,1,Thu,BC,17,0,1/29/2026,Mickey,1,,,Helios,,Home AO,,16,,,,,
2026,1,Thu,BC,17,0,1/29/2026,Noway,1,,,Helios,,Home AO,,16,,,,,
2026,1,Thu,BC,17,0,1/29/2026,SixFour,1,,,Helios,,Home AO,,16,,,,,
2026,1,Thu,BC,17,0,1/29/2026,Skynet,1,,,Helios,,Home AO,,16,,,,,
2026,1,Thu,BC,17,0,1/29/2026,Snacks,1,,,Helios,,Home AO,,16,,,,,
2026,1,Thu,BC,17,0,1/29/2026,Sunshine,1,,,Helios,,Home AO,,16,,,,,
2026,1,Thu,BC,17,0,1/29/2026,Tiger,1,,,Helios,,Visitor,,16,,,,,
2026,1,Thu,BC,17,0,1/29/2026,TONKA,1,,,Helios,,Home AO,,16,,,,,
2026,1,Thu,BC,17,0,1/29/2026,TrafficCone,1,,,Helios,,Home AO,,16,,,,,
2026,1,Thu,BC,17,0,1/29/2026,Pi 3.14,1,,,Helios,Q,Home AO,,16,,,,,
2026,1,Fri,SB,13,0,1/30/2026,Walter White,1,,,Helios,,Home AO,,13,,,,,
2026,1,Fri,SB,13,0,1/30/2026,Mickey,1,,,Helios,,Home AO,,13,,,,,
2026,1,Fri,SB,13,0,1/30/2026,Sunshine,1,,,Helios,,Home AO,,13,,,,,
2026,1,Fri,SB,13,0,1/30/2026,crabcake,1,,,Helios,,Home AO,,13,,,,,
2026,1,Fri,SB,13,0,1/30/2026,Skynet,1,,,Helios,,Home AO,,13,,,,,
2026,1,Fri,SB,13,0,1/30/2026,Macro,1,,,Helios,,Home AO,,13,,,,,
2026,1,Fri,SB,13,0,1/30/2026,Noway,1,,,Helios,,Home AO,,13,,,,,
2026,1,Fri,SB,13,0,1/30/2026,Cobra Kai,1,,,Helios,,Home AO,,13,,,,,
2026,1,Fri,SB,13,0,1/30/2026,FG the Frost Giant,1,,,Helios,,Home AO,,13,,,,,
2026,1,Fri,SB,13,0,1/30/2026,Zohan,1,,,Helios,,Home AO,,13,,,,,
2026,1,Fri,SB,13,0,1/30/2026,CSharp,1,,,Helios,,Home AO,,13,,,,,
2026,1,Fri,SB,13,0,1/30/2026,Baywatch,1,,,Helios,,Home AO,,13,,,,,
2026,1,Fri,SB,13,0,1/30/2026,Equalizer,1,,,Helios,Q,Home AO,,13,,,,,
2026,1,Sat,BC,18,0,1/31/2026,Latex,1,,,Helios,,Visitor,F3 Cornerstone Convergence,6,,,,,
2026,1,Sat,BC,18,0,1/31/2026,CaliBoy,1,,,Helios,,Home AO,F3 Cornerstone Convergence,6,,,,,
2026,1,Sat,BC,18,0,1/31/2026,Mickey,1,,,Helios,,Home AO,F3 Cornerstone Convergence,6,,,,,
2026,1,Sat,BC,18,0,1/31/2026,Excel,1,,,Helios,,Visitor,F3 Cornerstone Convergence,6,,,,,
2026,1,Sat,BC,18,0,1/31/2026,Cobra Kai,1,,,Helios,,Home AO,F3 Cornerstone Convergence,6,,,,,
2026,1,Sat,BC,18,0,1/31/2026,Sunflower,1,,,Helios,,Visitor,F3 Cornerstone Convergence,6,,,,,
2026,1,Sat,BC,18,0,1/31/2026,TONKA,1,,,Helios,,Home AO,F3 Cornerstone Convergence,6,,,,,
2026,1,Sat,BC,18,0,1/31/2026,Equalizer,1,,,Helios,,Home AO,F3 Cornerstone Convergence,6,,,,,
2026,1,Sat,BC,18,0,1/31/2026,Okie,1,,,Helios,,Visitor,F3 Cornerstone Convergence,6,,,,,
2026,1,Sat,BC,18,0,1/31/2026,P-Trap,1,,,Helios,,Visitor,F3 Cornerstone Convergence,6,,,,,
2026,1,Sat,BC,18,0,1/31/2026,Nikon,1,,,Helios,,Visitor,F3 Cornerstone Convergence,6,,,,,
2026,1,Sat,BC,18,0,1/31/2026,Fortune Cookie,1,,,Helios,,Visitor,F3 Cornerstone Convergence,6,,,,,
2026,1,Sat,BC,18,0,1/31/2026,FG the Frost Giant,1,,,Helios,,Home AO,F3 Cornerstone Convergence,6,,,,,
2026,1,Sat,BC,18,0,1/31/2026,The Godfather,1,,,Helios,,Visitor,F3 Cornerstone Convergence,6,,,,,
2026,1,Sat,BC,18,0,1/31/2026,TJ Maxx,1,,,Helios,,Visitor,F3 Cornerstone Convergence,6,,,,,
2026,1,Sat,BC,18,0,1/31/2026,Shutters,1,,,Helios,,Visitor,F3 Cornerstone Convergence,6,,,,,
2026,1,Sat,BC,18,0,1/31/2026,Fajita,1,,,Helios,,Visitor,F3 Cornerstone Convergence,6,,,,,
2026,1,Sat,BC,18,0,1/31/2026,Joints,1,,,Helios,Q,Visitor,F3 Cornerstone Convergence,6,,,,,
2026,2,Tue,BC,16,0,2/3/2026,Bogey,1,,,Helios,,Visitor,,15,,,,,
2026,2,Tue,BC,16,0,2/3/2026,Cobra Kai,1,,,Helios,,Home AO,,15,,,,,
2026,2,Tue,BC,16,0,2/3/2026,CSharp,1,,,Helios,,Home AO,,15,,,,,
2026,2,Tue,BC,16,0,2/3/2026,Equalizer,1,,,Helios,,Home AO,,15,,,,,
2026,2,Tue,BC,16,0,2/3/2026,FG the Frost Giant,1,,,Helios,,Home AO,,15,,,,,
2026,2,Tue,BC,16,0,2/3/2026,Kingpin,1,,,Helios,,Home AO,,15,,,,,
2026,2,Tue,BC,16,0,2/3/2026,Macro,1,,,Helios,,Home AO,,15,,,,,
2026,2,Tue,BC,16,0,2/3/2026,Mickey,1,,,Helios,,Home AO,,15,,,,,
2026,2,Tue,BC,16,0,2/3/2026,RC,1,,,Helios,,Home AO,,15,,,,,
2026,2,Tue,BC,16,0,2/3/2026,Sega,1,,,Helios,,Home AO,,15,,,,,
2026,2,Tue,BC,16,0,2/3/2026,SixFour,1,,,Helios,,Home AO,,15,,,,,
2026,2,Tue,BC,16,0,2/3/2026,Skynet,1,,,Helios,,Home AO,,15,,,,,
2026,2,Tue,BC,16,0,2/3/2026,Snacks,1,,,Helios,,Home AO,,15,,,,,
2026,2,Tue,BC,16,0,2/3/2026,TONKA,1,,,Helios,,Home AO,,15,,,,,
2026,2,Tue,BC,16,0,2/3/2026,Walter White,1,,,Helios,,Home AO,,15,,,,,
2026,2,Tue,BC,16,0,2/3/2026,Pi 3.14,1,,,Helios,Q,Home AO,,15,,,,,
2026,2,Thu,BC,19,0,2/5/2026,Pi 3.14,1,,,Helios,,Home AO,Sandbag Day,18,,,,,
2026,2,Thu,BC,19,0,2/5/2026,CSharp,1,,,Helios,,Home AO,,18,,,,,
2026,2,Thu,BC,19,0,2/5/2026,Catheter,1,,,Helios,,Home AO,,18,,,,,
2026,2,Thu,BC,19,0,2/5/2026,Apples,1,,,Helios,,Home AO,,18,,,,,
2026,2,Thu,BC,19,0,2/5/2026,Coach,1,,,Helios,,Home AO,,18,,,,,
2026,2,Thu,BC,19,0,2/5/2026,Walter White,1,,,Helios,,Home AO,,18,,,,,
2026,2,Thu,BC,19,0,2/5/2026,TONKA,1,,,Helios,,Home AO,,18,,,,,
2026,2,Thu,BC,19,0,2/5/2026,Sega,1,,,Helios,,Home AO,,18,,,,,
2026,2,Thu,BC,19,0,2/5/2026,Skynet,1,,,Helios,,Home AO,,18,,,,,
2026,2,Thu,BC,19,0,2/5/2026,Macro,1,,,Helios,,Home AO,,18,,,,,
2026,2,Thu,BC,19,0,2/5/2026,Sunshine,1,,,Helios,,Home AO,,18,,,,,
2026,2,Thu,BC,19,0,2/5/2026,Baywatch,1,,,Helios,,Home AO,,18,,,,,
2026,2,Thu,BC,19,0,2/5/2026,Samba,1,,,Helios,,Visitor,,18,,,,,
2026,2,Thu,BC,19,0,2/5/2026,High Life,1,,,Helios,,Home AO,,18,,,,,
2026,2,Thu,BC,19,0,2/5/2026,Noway,1,,,Helios,,Home AO,,18,,,,,
2026,2,Thu,BC,19,0,2/5/2026,Kingpin,1,,,Helios,,Home AO,,18,,,,,
2026,2,Thu,BC,19,0,2/5/2026,Snacks,1,,,Helios,,Home AO,,18,,,,,
2026,2,Thu,BC,19,0,2/5/2026,crabcake,1,,,Helios,,Home AO,,18,,,,,
2026,2,Thu,BC,19,0,2/5/2026,Mickey,1,,,Helios,Q,Home AO,,18,,,,,
2026,2,Fri,SB,10,0,2/6/2026,Noway,1,,,Helios,,Home AO,Sandbag Day,10,,,,,
2026,2,Fri,SB,10,0,2/6/2026,FG the Frost Giant,1,,,Helios,,Home AO,Sandbag Day,10,,,,,
2026,2,Fri,SB,10,0,2/6/2026,Equalizer,1,,,Helios,,Home AO,Sandbag Day,10,,,,,
2026,2,Fri,SB,10,0,2/6/2026,Walter White,1,,,Helios,,Home AO,Sandbag Day,10,,,,,
2026,2,Fri,SB,10,0,2/6/2026,TONKA,1,,,Helios,,Home AO,Sandbag Day,10,,,,,
2026,2,Fri,SB,10,0,2/6/2026,Sega,1,,,Helios,,Home AO,Sandbag Day,10,,,,,
2026,2,Fri,SB,10,0,2/6/2026,Skynet,1,,,Helios,,Home AO,Sandbag Day,10,,,,,
2026,2,Fri,SB,10,0,2/6/2026,SixFour,1,,,Helios,,Home AO,Sandbag Day,10,,,,,
2026,2,Fri,SB,10,0,2/6/2026,Mickey,1,,,Helios,,Home AO,Sandbag Day,10,,,,,
2026,2,Fri,SB,10,0,2/6/2026,Macro,1,,,Helios,Q,Home AO,Sandbag Day,10,,,,,